ISO-10303-21;
HEADER;
FILE_DESCRIPTION(('FreeCAD Model'),'2;1');
FILE_NAME('Open CASCADE Shape Model','2023-05-11T15:13:15',(''),(''),
  'Open CASCADE STEP processor 7.6','FreeCAD','Unknown');
FILE_SCHEMA(('AUTOMOTIVE_DESIGN { 1 0 10303 214 1 1 1 1 }'));
ENDSEC;
DATA;
#1=APPLICATION_PROTOCOL_DEFINITION('international standard','automotive_design',2000,#2);
#2=APPLICATION_CONTEXT('core data for automotive mechanical design processes');
#3=SHAPE_DEFINITION_REPRESENTATION(#4,#10);
#4=PRODUCT_DEFINITION_SHAPE('','',#5);
#5=PRODUCT_DEFINITION('design','',#6,#9);
#6=PRODUCT_DEFINITION_FORMATION('','',#7);
#7=PRODUCT('Hirose_FH12_xxS_0_5SH_Parametric_v0_1','Hirose_FH12_xxS_0_5SH_Parametric_v0_1','',(#8));
#8=PRODUCT_CONTEXT('',#2,'mechanical');
#9=PRODUCT_DEFINITION_CONTEXT('part definition',#2,'design');
#10=SHAPE_REPRESENTATION('',(#11,#15,#15,#15),#18);
#11=AXIS2_PLACEMENT_3D('',#12,#13,#14);
#12=CARTESIAN_POINT('',(0.,0.,0.));
#13=DIRECTION('',(0.,0.,1.));
#14=DIRECTION('',(1.,0.,-0.));
#15=AXIS2_PLACEMENT_3D('',#16,#13,#17);
#16=CARTESIAN_POINT('',(-4.440892098501E-17,-1.4,0.));
#17=DIRECTION('',(2.22044604925E-16,1.,0.));
#18=( GEOMETRIC_REPRESENTATION_CONTEXT(3) GLOBAL_UNCERTAINTY_ASSIGNED_CONTEXT((#22)) GLOBAL_UNIT_ASSIGNED_CONTEXT((#19,#20,#21)) REPRESENTATION_CONTEXT('Context #1','3D Context with UNIT and UNCERTAINTY') );
#19=( LENGTH_UNIT() NAMED_UNIT(*) SI_UNIT(.MILLI.,.METRE.) );
#20=( NAMED_UNIT(*) PLANE_ANGLE_UNIT() SI_UNIT($,.RADIAN.) );
#21=( NAMED_UNIT(*) SI_UNIT($,.STERADIAN.) SOLID_ANGLE_UNIT() );
#22=UNCERTAINTY_MEASURE_WITH_UNIT(LENGTH_MEASURE(1.E-07),#19,'distance_accuracy_value','confusion accuracy');
#23=SHAPE_DEFINITION_REPRESENTATION(#24,#30);
#24=PRODUCT_DEFINITION_SHAPE('','',#25);
#25=PRODUCT_DEFINITION('design','',#26,#29);
#26=PRODUCT_DEFINITION_FORMATION('','',#27);
#27=PRODUCT('body','body','',(#28));
#28=PRODUCT_CONTEXT('',#2,'mechanical');
#29=PRODUCT_DEFINITION_CONTEXT('part definition',#2,'design');
#30=ADVANCED_BREP_SHAPE_REPRESENTATION('',(#11,#31),#18);
#31=MANIFOLD_SOLID_BREP('',#32);
#32=CLOSED_SHELL('',(#33,#86,#108,#136,#155,#169,#220,#233,#246,#258,#280,#288,#302,#317,#328,#335));
#33=ADVANCED_FACE('',(#34),#84,.T.);
#34=FACE_BOUND('',#35,.T.);
#35=EDGE_LOOP('',(#36,#45,#51,#57,#65,#71,#77,#81));
#36=ORIENTED_EDGE('',*,*,#37,.F.);
#37=EDGE_CURVE('',#38,#40,#42,.T.);
#38=VERTEX_POINT('',#39);
#39=CARTESIAN_POINT('',(2.6,7.55,0.));
#40=VERTEX_POINT('',#41);
#41=CARTESIAN_POINT('',(2.6,-7.55,0.));
#42=LINE('',#39,#43);
#43=VECTOR('',#44,1.);
#44=DIRECTION('',(0.,-1.,0.));
#45=ORIENTED_EDGE('',*,*,#46,.T.);
#46=EDGE_CURVE('',#38,#47,#49,.T.);
#47=VERTEX_POINT('',#48);
#48=CARTESIAN_POINT('',(2.6,7.55,0.75));
#49=LINE('',#39,#50);
#50=VECTOR('',#13,1.);
#51=ORIENTED_EDGE('',*,*,#52,.T.);
#52=EDGE_CURVE('',#47,#53,#55,.T.);
#53=VERTEX_POINT('',#54);
#54=CARTESIAN_POINT('',(2.6,6.7,0.75));
#55=LINE('',#56,#43);
#56=CARTESIAN_POINT('',(2.6,3.775,0.75));
#57=ORIENTED_EDGE('',*,*,#58,.F.);
#58=EDGE_CURVE('',#59,#53,#61,.T.);
#59=VERTEX_POINT('',#60);
#60=CARTESIAN_POINT('',(2.6,6.7,2.));
#61=LINE('',#62,#63);
#62=CARTESIAN_POINT('',(2.6,6.7,1.));
#63=VECTOR('',#64,1.);
#64=DIRECTION('',(0.,0.,-1.));
#65=ORIENTED_EDGE('',*,*,#66,.T.);
#66=EDGE_CURVE('',#59,#67,#69,.T.);
#67=VERTEX_POINT('',#68);
#68=CARTESIAN_POINT('',(2.6,-6.7,2.));
#69=LINE('',#70,#43);
#70=CARTESIAN_POINT('',(2.6,7.55,2.));
#71=ORIENTED_EDGE('',*,*,#72,.F.);
#72=EDGE_CURVE('',#73,#67,#75,.T.);
#73=VERTEX_POINT('',#74);
#74=CARTESIAN_POINT('',(2.6,-6.7,0.75));
#75=LINE('',#76,#50);
#76=CARTESIAN_POINT('',(2.6,-6.7,1.));
#77=ORIENTED_EDGE('',*,*,#78,.T.);
#78=EDGE_CURVE('',#73,#79,#55,.T.);
#79=VERTEX_POINT('',#80);
#80=CARTESIAN_POINT('',(2.6,-7.55,0.75));
#81=ORIENTED_EDGE('',*,*,#82,.F.);
#82=EDGE_CURVE('',#40,#79,#83,.T.);
#83=LINE('',#41,#50);
#84=PLANE('',#85);
#85=AXIS2_PLACEMENT_3D('',#39,#14,#44);
#86=ADVANCED_FACE('',(#87),#105,.F.);
#87=FACE_BOUND('',#88,.T.);
#88=EDGE_LOOP('',(#89,#90,#97,#102));
#89=ORIENTED_EDGE('',*,*,#37,.T.);
#90=ORIENTED_EDGE('',*,*,#91,.T.);
#91=EDGE_CURVE('',#40,#92,#94,.T.);
#92=VERTEX_POINT('',#93);
#93=CARTESIAN_POINT('',(-2.,-7.55,0.));
#94=LINE('',#41,#95);
#95=VECTOR('',#96,1.);
#96=DIRECTION('',(-1.,0.,0.));
#97=ORIENTED_EDGE('',*,*,#98,.F.);
#98=EDGE_CURVE('',#99,#92,#101,.T.);
#99=VERTEX_POINT('',#100);
#100=CARTESIAN_POINT('',(-2.,7.55,0.));
#101=LINE('',#100,#43);
#102=ORIENTED_EDGE('',*,*,#103,.F.);
#103=EDGE_CURVE('',#38,#99,#104,.T.);
#104=LINE('',#39,#95);
#105=PLANE('',#106);
#106=AXIS2_PLACEMENT_3D('',#107,#13,#14);
#107=CARTESIAN_POINT('',(0.3,0.,0.));
#108=ADVANCED_FACE('',(#109),#134,.T.);
#109=FACE_BOUND('',#110,.T.);
#110=EDGE_LOOP('',(#111,#112,#113,#119,#125,#131));
#111=ORIENTED_EDGE('',*,*,#91,.F.);
#112=ORIENTED_EDGE('',*,*,#82,.T.);
#113=ORIENTED_EDGE('',*,*,#114,.T.);
#114=EDGE_CURVE('',#79,#115,#117,.T.);
#115=VERTEX_POINT('',#116);
#116=CARTESIAN_POINT('',(0.8,-7.55,0.75));
#117=LINE('',#118,#95);
#118=CARTESIAN_POINT('',(2.617307692308,-7.55,0.75));
#119=ORIENTED_EDGE('',*,*,#120,.T.);
#120=EDGE_CURVE('',#115,#121,#123,.T.);
#121=VERTEX_POINT('',#122);
#122=CARTESIAN_POINT('',(0.8,-7.55,2.));
#123=LINE('',#124,#50);
#124=CARTESIAN_POINT('',(0.8,-7.55,1.));
#125=ORIENTED_EDGE('',*,*,#126,.T.);
#126=EDGE_CURVE('',#121,#127,#129,.T.);
#127=VERTEX_POINT('',#128);
#128=CARTESIAN_POINT('',(-2.,-7.55,2.));
#129=LINE('',#130,#95);
#130=CARTESIAN_POINT('',(2.6,-7.55,2.));
#131=ORIENTED_EDGE('',*,*,#132,.F.);
#132=EDGE_CURVE('',#92,#127,#133,.T.);
#133=LINE('',#93,#50);
#134=PLANE('',#135);
#135=AXIS2_PLACEMENT_3D('',#41,#44,#96);
#136=ADVANCED_FACE('',(#137),#152,.T.);
#137=FACE_BOUND('',#138,.T.);
#138=EDGE_LOOP('',(#139,#140,#146,#151));
#139=ORIENTED_EDGE('',*,*,#78,.F.);
#140=ORIENTED_EDGE('',*,*,#141,.T.);
#141=EDGE_CURVE('',#73,#142,#144,.T.);
#142=VERTEX_POINT('',#143);
#143=CARTESIAN_POINT('',(0.8,-6.7,0.75));
#144=LINE('',#145,#95);
#145=CARTESIAN_POINT('',(2.7,-6.7,0.75));
#146=ORIENTED_EDGE('',*,*,#147,.F.);
#147=EDGE_CURVE('',#115,#142,#148,.T.);
#148=LINE('',#149,#150);
#149=CARTESIAN_POINT('',(0.8,-8.2,0.75));
#150=VECTOR('',#17,1.);
#151=ORIENTED_EDGE('',*,*,#114,.F.);
#152=PLANE('',#153);
#153=AXIS2_PLACEMENT_3D('',#154,#13,#14);
#154=CARTESIAN_POINT('',(2.634615384615,-4.270088556251E-17,0.75));
#155=ADVANCED_FACE('',(#156),#167,.F.);
#156=FACE_BOUND('',#157,.F.);
#157=EDGE_LOOP('',(#158,#71,#140,#164));
#158=ORIENTED_EDGE('',*,*,#159,.F.);
#159=EDGE_CURVE('',#67,#160,#162,.T.);
#160=VERTEX_POINT('',#161);
#161=CARTESIAN_POINT('',(0.8,-6.7,2.));
#162=LINE('',#163,#95);
#163=CARTESIAN_POINT('',(2.7,-6.7,2.));
#164=ORIENTED_EDGE('',*,*,#165,.F.);
#165=EDGE_CURVE('',#160,#142,#166,.T.);
#166=LINE('',#161,#63);
#167=PLANE('',#168);
#168=AXIS2_PLACEMENT_3D('',#163,#17,#96);
#169=ADVANCED_FACE('',(#170),#217,.T.);
#170=FACE_BOUND('',#171,.T.);
#171=EDGE_LOOP('',(#172,#173,#179,#184,#189,#194,#200,#205,#210,#212,#213,#158));
#172=ORIENTED_EDGE('',*,*,#66,.F.);
#173=ORIENTED_EDGE('',*,*,#174,.F.);
#174=EDGE_CURVE('',#175,#59,#177,.T.);
#175=VERTEX_POINT('',#176);
#176=CARTESIAN_POINT('',(0.8,6.7,2.));
#177=LINE('',#176,#178);
#178=VECTOR('',#14,1.);
#179=ORIENTED_EDGE('',*,*,#180,.T.);
#180=EDGE_CURVE('',#175,#181,#183,.T.);
#181=VERTEX_POINT('',#182);
#182=CARTESIAN_POINT('',(0.8,7.55,2.));
#183=LINE('',#176,#150);
#184=ORIENTED_EDGE('',*,*,#185,.T.);
#185=EDGE_CURVE('',#181,#186,#188,.T.);
#186=VERTEX_POINT('',#187);
#187=CARTESIAN_POINT('',(-2.,7.55,2.));
#188=LINE('',#70,#95);
#189=ORIENTED_EDGE('',*,*,#190,.T.);
#190=EDGE_CURVE('',#186,#191,#193,.T.);
#191=VERTEX_POINT('',#192);
#192=CARTESIAN_POINT('',(-2.,6.785,2.));
#193=LINE('',#187,#43);
#194=ORIENTED_EDGE('',*,*,#195,.T.);
#195=EDGE_CURVE('',#191,#196,#198,.T.);
#196=VERTEX_POINT('',#197);
#197=CARTESIAN_POINT('',(0.,6.785,2.));
#198=LINE('',#199,#178);
#199=CARTESIAN_POINT('',(-3.,6.785,2.));
#200=ORIENTED_EDGE('',*,*,#201,.T.);
#201=EDGE_CURVE('',#196,#202,#204,.T.);
#202=VERTEX_POINT('',#203);
#203=CARTESIAN_POINT('',(0.,-6.785,2.));
#204=LINE('',#197,#43);
#205=ORIENTED_EDGE('',*,*,#206,.T.);
#206=EDGE_CURVE('',#202,#207,#209,.T.);
#207=VERTEX_POINT('',#208);
#208=CARTESIAN_POINT('',(-2.,-6.785,2.));
#209=LINE('',#203,#95);
#210=ORIENTED_EDGE('',*,*,#211,.T.);
#211=EDGE_CURVE('',#207,#127,#193,.T.);
#212=ORIENTED_EDGE('',*,*,#126,.F.);
#213=ORIENTED_EDGE('',*,*,#214,.T.);
#214=EDGE_CURVE('',#121,#160,#215,.T.);
#215=LINE('',#216,#150);
#216=CARTESIAN_POINT('',(0.8,-8.2,2.));
#217=PLANE('',#218);
#218=AXIS2_PLACEMENT_3D('',#219,#13,#14);
#219=CARTESIAN_POINT('',(0.3,0.,2.));
#220=ADVANCED_FACE('',(#221),#231,.F.);
#221=FACE_BOUND('',#222,.F.);
#222=EDGE_LOOP('',(#173,#223,#228,#57));
#223=ORIENTED_EDGE('',*,*,#224,.T.);
#224=EDGE_CURVE('',#175,#225,#227,.T.);
#225=VERTEX_POINT('',#226);
#226=CARTESIAN_POINT('',(0.8,6.7,0.75));
#227=LINE('',#176,#63);
#228=ORIENTED_EDGE('',*,*,#229,.T.);
#229=EDGE_CURVE('',#225,#53,#230,.T.);
#230=LINE('',#226,#178);
#231=PLANE('',#232);
#232=AXIS2_PLACEMENT_3D('',#176,#44,#14);
#233=ADVANCED_FACE('',(#234),#152,.T.);
#234=FACE_BOUND('',#235,.T.);
#235=EDGE_LOOP('',(#236,#228,#241,#242));
#236=ORIENTED_EDGE('',*,*,#237,.F.);
#237=EDGE_CURVE('',#225,#238,#240,.T.);
#238=VERTEX_POINT('',#239);
#239=CARTESIAN_POINT('',(0.8,7.55,0.75));
#240=LINE('',#226,#150);
#241=ORIENTED_EDGE('',*,*,#52,.F.);
#242=ORIENTED_EDGE('',*,*,#243,.T.);
#243=EDGE_CURVE('',#47,#238,#244,.T.);
#244=LINE('',#245,#95);
#245=CARTESIAN_POINT('',(2.617307692308,7.55,0.75));
#246=ADVANCED_FACE('',(#247),#256,.F.);
#247=FACE_BOUND('',#248,.F.);
#248=EDGE_LOOP('',(#102,#45,#242,#249,#184,#253));
#249=ORIENTED_EDGE('',*,*,#250,.T.);
#250=EDGE_CURVE('',#238,#181,#251,.T.);
#251=LINE('',#252,#50);
#252=CARTESIAN_POINT('',(0.8,7.55,1.));
#253=ORIENTED_EDGE('',*,*,#254,.F.);
#254=EDGE_CURVE('',#99,#186,#255,.T.);
#255=LINE('',#100,#50);
#256=PLANE('',#257);
#257=AXIS2_PLACEMENT_3D('',#39,#44,#96);
#258=ADVANCED_FACE('',(#259),#278,.F.);
#259=FACE_BOUND('',#260,.F.);
#260=EDGE_LOOP('',(#97,#261,#189,#262,#268,#274,#210,#131));
#261=ORIENTED_EDGE('',*,*,#254,.T.);
#262=ORIENTED_EDGE('',*,*,#263,.T.);
#263=EDGE_CURVE('',#191,#264,#266,.T.);
#264=VERTEX_POINT('',#265);
#265=CARTESIAN_POINT('',(-2.,6.785,0.6));
#266=LINE('',#267,#63);
#267=CARTESIAN_POINT('',(-2.,6.785,1.));
#268=ORIENTED_EDGE('',*,*,#269,.T.);
#269=EDGE_CURVE('',#264,#270,#272,.T.);
#270=VERTEX_POINT('',#271);
#271=CARTESIAN_POINT('',(-2.,-6.785,0.6));
#272=LINE('',#273,#43);
#273=CARTESIAN_POINT('',(-2.,3.775,0.6));
#274=ORIENTED_EDGE('',*,*,#275,.T.);
#275=EDGE_CURVE('',#270,#207,#276,.T.);
#276=LINE('',#277,#50);
#277=CARTESIAN_POINT('',(-2.,-6.785,1.));
#278=PLANE('',#279);
#279=AXIS2_PLACEMENT_3D('',#100,#14,#44);
#280=ADVANCED_FACE('',(#281),#286,.T.);
#281=FACE_BOUND('',#282,.T.);
#282=EDGE_LOOP('',(#283,#284,#285,#164));
#283=ORIENTED_EDGE('',*,*,#214,.F.);
#284=ORIENTED_EDGE('',*,*,#120,.F.);
#285=ORIENTED_EDGE('',*,*,#147,.T.);
#286=PLANE('',#287);
#287=AXIS2_PLACEMENT_3D('',#216,#14,#17);
#288=ADVANCED_FACE('',(#289),#300,.T.);
#289=FACE_BOUND('',#290,.T.);
#290=EDGE_LOOP('',(#291,#292,#297,#274));
#291=ORIENTED_EDGE('',*,*,#206,.F.);
#292=ORIENTED_EDGE('',*,*,#293,.T.);
#293=EDGE_CURVE('',#202,#294,#296,.T.);
#294=VERTEX_POINT('',#295);
#295=CARTESIAN_POINT('',(0.,-6.785,0.6));
#296=LINE('',#203,#63);
#297=ORIENTED_EDGE('',*,*,#298,.T.);
#298=EDGE_CURVE('',#294,#270,#299,.T.);
#299=LINE('',#295,#95);
#300=PLANE('',#301);
#301=AXIS2_PLACEMENT_3D('',#203,#17,#96);
#302=ADVANCED_FACE('',(#303),#315,.T.);
#303=FACE_BOUND('',#304,.T.);
#304=EDGE_LOOP('',(#305,#310,#313,#314));
#305=ORIENTED_EDGE('',*,*,#306,.T.);
#306=EDGE_CURVE('',#196,#307,#309,.T.);
#307=VERTEX_POINT('',#308);
#308=CARTESIAN_POINT('',(0.,6.785,0.6));
#309=LINE('',#197,#63);
#310=ORIENTED_EDGE('',*,*,#311,.T.);
#311=EDGE_CURVE('',#307,#294,#312,.T.);
#312=LINE('',#308,#43);
#313=ORIENTED_EDGE('',*,*,#293,.F.);
#314=ORIENTED_EDGE('',*,*,#201,.F.);
#315=PLANE('',#316);
#316=AXIS2_PLACEMENT_3D('',#197,#96,#44);
#317=ADVANCED_FACE('',(#318),#326,.T.);
#318=FACE_BOUND('',#319,.T.);
#319=EDGE_LOOP('',(#320,#262,#321,#325));
#320=ORIENTED_EDGE('',*,*,#195,.F.);
#321=ORIENTED_EDGE('',*,*,#322,.T.);
#322=EDGE_CURVE('',#264,#307,#323,.T.);
#323=LINE('',#324,#178);
#324=CARTESIAN_POINT('',(-3.,6.785,0.6));
#325=ORIENTED_EDGE('',*,*,#306,.F.);
#326=PLANE('',#327);
#327=AXIS2_PLACEMENT_3D('',#199,#44,#14);
#328=ADVANCED_FACE('',(#329),#333,.T.);
#329=FACE_BOUND('',#330,.T.);
#330=EDGE_LOOP('',(#331,#223,#332,#249));
#331=ORIENTED_EDGE('',*,*,#180,.F.);
#332=ORIENTED_EDGE('',*,*,#237,.T.);
#333=PLANE('',#334);
#334=AXIS2_PLACEMENT_3D('',#176,#14,#17);
#335=ADVANCED_FACE('',(#336),#341,.T.);
#336=FACE_BOUND('',#337,.T.);
#337=EDGE_LOOP('',(#338,#268,#339,#340));
#338=ORIENTED_EDGE('',*,*,#322,.F.);
#339=ORIENTED_EDGE('',*,*,#298,.F.);
#340=ORIENTED_EDGE('',*,*,#311,.F.);
#341=PLANE('',#342);
#342=AXIS2_PLACEMENT_3D('',#343,#13,#14);
#343=CARTESIAN_POINT('',(-1.5,0.,0.6));
#344=SHAPE_DEFINITION_REPRESENTATION(#345,#351);
#345=PRODUCT_DEFINITION_SHAPE('','',#346);
#346=PRODUCT_DEFINITION('design','',#347,#350);
#347=PRODUCT_DEFINITION_FORMATION('','',#348);
#348=PRODUCT('lock','lock','',(#349));
#349=PRODUCT_CONTEXT('',#2,'mechanical');
#350=PRODUCT_DEFINITION_CONTEXT('part definition',#2,'design');
#351=ADVANCED_BREP_SHAPE_REPRESENTATION('',(#11,#352),#18);
#352=MANIFOLD_SOLID_BREP('',#353);
#353=CLOSED_SHELL('',(#354,#401,#427,#443,#457,#476,#495,#509,#529,#541,#572,#591,#605,#628,#636,#645));
#354=ADVANCED_FACE('',(#355),#398,.T.);
#355=FACE_BOUND('',#356,.T.);
#356=EDGE_LOOP('',(#357,#364,#369,#373,#379,#384,#389,#395));
#357=ORIENTED_EDGE('',*,*,#358,.F.);
#358=EDGE_CURVE('',#359,#361,#363,.T.);
#359=VERTEX_POINT('',#360);
#360=CARTESIAN_POINT('',(-2.2,-7.185,2.));
#361=VERTEX_POINT('',#362);
#362=CARTESIAN_POINT('',(-2.5,-7.185,2.));
#363=LINE('',#360,#95);
#364=ORIENTED_EDGE('',*,*,#365,.F.);
#365=EDGE_CURVE('',#366,#359,#368,.T.);
#366=VERTEX_POINT('',#367);
#367=CARTESIAN_POINT('',(-2.2,-6.785,2.));
#368=LINE('',#367,#43);
#369=ORIENTED_EDGE('',*,*,#370,.F.);
#370=EDGE_CURVE('',#371,#366,#209,.T.);
#371=VERTEX_POINT('',#372);
#372=CARTESIAN_POINT('',(-1.582179545096,-6.785,2.));
#373=ORIENTED_EDGE('',*,*,#374,.T.);
#374=EDGE_CURVE('',#371,#375,#377,.T.);
#375=VERTEX_POINT('',#376);
#376=CARTESIAN_POINT('',(-1.582179545096,6.785,2.));
#377=LINE('',#378,#150);
#378=CARTESIAN_POINT('',(-1.582179545096,-3.5925,2.));
#379=ORIENTED_EDGE('',*,*,#380,.F.);
#380=EDGE_CURVE('',#381,#375,#383,.T.);
#381=VERTEX_POINT('',#382);
#382=CARTESIAN_POINT('',(-2.2,6.785,2.));
#383=LINE('',#382,#178);
#384=ORIENTED_EDGE('',*,*,#385,.T.);
#385=EDGE_CURVE('',#381,#386,#388,.T.);
#386=VERTEX_POINT('',#387);
#387=CARTESIAN_POINT('',(-2.2,7.185,2.));
#388=LINE('',#382,#150);
#389=ORIENTED_EDGE('',*,*,#390,.F.);
#390=EDGE_CURVE('',#391,#386,#393,.T.);
#391=VERTEX_POINT('',#392);
#392=CARTESIAN_POINT('',(-2.5,7.185,2.));
#393=LINE('',#394,#178);
#394=CARTESIAN_POINT('',(-3.,7.185,2.));
#395=ORIENTED_EDGE('',*,*,#396,.F.);
#396=EDGE_CURVE('',#361,#391,#397,.T.);
#397=LINE('',#362,#150);
#398=PLANE('',#399);
#399=AXIS2_PLACEMENT_3D('',#400,#13,#14);
#400=CARTESIAN_POINT('',(-1.550662061025,1.278322423287E-17,2.));
#401=ADVANCED_FACE('',(#402),#425,.F.);
#402=FACE_BOUND('',#403,.F.);
#403=EDGE_LOOP('',(#404,#412,#357,#417,#422));
#404=ORIENTED_EDGE('',*,*,#405,.F.);
#405=EDGE_CURVE('',#406,#408,#410,.T.);
#406=VERTEX_POINT('',#407);
#407=CARTESIAN_POINT('',(-3.,-7.185,1.5));
#408=VERTEX_POINT('',#409);
#409=CARTESIAN_POINT('',(-3.,-7.185,0.15));
#410=LINE('',#411,#63);
#411=CARTESIAN_POINT('',(-3.,-7.185,2.));
#412=ORIENTED_EDGE('',*,*,#413,.F.);
#413=EDGE_CURVE('',#361,#406,#414,.T.);
#414=CIRCLE('',#415,0.5);
#415=AXIS2_PLACEMENT_3D('',#416,#44,#13);
#416=CARTESIAN_POINT('',(-2.5,-7.185,1.5));
#417=ORIENTED_EDGE('',*,*,#418,.T.);
#418=EDGE_CURVE('',#359,#419,#421,.T.);
#419=VERTEX_POINT('',#420);
#420=CARTESIAN_POINT('',(-2.2,-7.185,0.15));
#421=LINE('',#360,#63);
#422=ORIENTED_EDGE('',*,*,#423,.T.);
#423=EDGE_CURVE('',#419,#408,#424,.T.);
#424=LINE('',#420,#95);
#425=PLANE('',#426);
#426=AXIS2_PLACEMENT_3D('',#360,#17,#96);
#427=ADVANCED_FACE('',(#428),#441,.T.);
#428=FACE_BOUND('',#429,.F.);
#429=EDGE_LOOP('',(#430,#431,#436,#395));
#430=ORIENTED_EDGE('',*,*,#413,.T.);
#431=ORIENTED_EDGE('',*,*,#432,.T.);
#432=EDGE_CURVE('',#406,#433,#435,.T.);
#433=VERTEX_POINT('',#434);
#434=CARTESIAN_POINT('',(-3.,7.185,1.5));
#435=LINE('',#407,#150);
#436=ORIENTED_EDGE('',*,*,#437,.F.);
#437=EDGE_CURVE('',#391,#433,#438,.T.);
#438=CIRCLE('',#439,0.5);
#439=AXIS2_PLACEMENT_3D('',#440,#44,#13);
#440=CARTESIAN_POINT('',(-2.5,7.185,1.5));
#441=CYLINDRICAL_SURFACE('',#442,0.5);
#442=AXIS2_PLACEMENT_3D('',#416,#17,#13);
#443=ADVANCED_FACE('',(#444),#455,.F.);
#444=FACE_BOUND('',#445,.F.);
#445=EDGE_LOOP('',(#446,#451,#454,#364));
#446=ORIENTED_EDGE('',*,*,#447,.T.);
#447=EDGE_CURVE('',#366,#448,#450,.T.);
#448=VERTEX_POINT('',#449);
#449=CARTESIAN_POINT('',(-2.2,-6.785,0.15));
#450=LINE('',#367,#63);
#451=ORIENTED_EDGE('',*,*,#452,.T.);
#452=EDGE_CURVE('',#448,#419,#453,.T.);
#453=LINE('',#449,#43);
#454=ORIENTED_EDGE('',*,*,#418,.F.);
#455=PLANE('',#456);
#456=AXIS2_PLACEMENT_3D('',#367,#96,#44);
#457=ADVANCED_FACE('',(#458),#474,.F.);
#458=FACE_BOUND('',#459,.F.);
#459=EDGE_LOOP('',(#460,#465,#470,#389,#473));
#460=ORIENTED_EDGE('',*,*,#461,.T.);
#461=EDGE_CURVE('',#433,#462,#464,.T.);
#462=VERTEX_POINT('',#463);
#463=CARTESIAN_POINT('',(-3.,7.185,0.15));
#464=LINE('',#394,#63);
#465=ORIENTED_EDGE('',*,*,#466,.T.);
#466=EDGE_CURVE('',#462,#467,#469,.T.);
#467=VERTEX_POINT('',#468);
#468=CARTESIAN_POINT('',(-2.2,7.185,0.15));
#469=LINE('',#463,#178);
#470=ORIENTED_EDGE('',*,*,#471,.F.);
#471=EDGE_CURVE('',#386,#467,#472,.T.);
#472=LINE('',#387,#63);
#473=ORIENTED_EDGE('',*,*,#437,.T.);
#474=PLANE('',#475);
#475=AXIS2_PLACEMENT_3D('',#394,#44,#14);
#476=ADVANCED_FACE('',(#477),#300,.F.);
#477=FACE_BOUND('',#478,.F.);
#478=EDGE_LOOP('',(#479,#487,#491,#494,#369));
#479=ORIENTED_EDGE('',*,*,#480,.T.);
#480=EDGE_CURVE('',#371,#481,#483,.T.);
#481=VERTEX_POINT('',#482);
#482=CARTESIAN_POINT('',(2.960774076653E-16,-6.785,1.721019057875));
#483=LINE('',#484,#485);
#484=CARTESIAN_POINT('',(0.445761230572,-6.785,1.642419325971));
#485=VECTOR('',#486,1.);
#486=DIRECTION('',(0.984807753012,0.,-0.173648177667));
#487=ORIENTED_EDGE('',*,*,#488,.T.);
#488=EDGE_CURVE('',#481,#489,#296,.T.);
#489=VERTEX_POINT('',#490);
#490=CARTESIAN_POINT('',(2.960774076653E-16,-6.785,0.15));
#491=ORIENTED_EDGE('',*,*,#492,.T.);
#492=EDGE_CURVE('',#489,#448,#493,.T.);
#493=LINE('',#490,#95);
#494=ORIENTED_EDGE('',*,*,#447,.F.);
#495=ADVANCED_FACE('',(#496),#507,.T.);
#496=FACE_BOUND('',#497,.T.);
#497=EDGE_LOOP('',(#498,#503,#470,#506));
#498=ORIENTED_EDGE('',*,*,#499,.T.);
#499=EDGE_CURVE('',#381,#500,#502,.T.);
#500=VERTEX_POINT('',#501);
#501=CARTESIAN_POINT('',(-2.2,6.785,0.15));
#502=LINE('',#382,#63);
#503=ORIENTED_EDGE('',*,*,#504,.T.);
#504=EDGE_CURVE('',#500,#467,#505,.T.);
#505=LINE('',#501,#150);
#506=ORIENTED_EDGE('',*,*,#385,.F.);
#507=PLANE('',#508);
#508=AXIS2_PLACEMENT_3D('',#382,#14,#17);
#509=ADVANCED_FACE('',(#510),#525,.T.);
#510=FACE_BOUND('',#511,.T.);
#511=EDGE_LOOP('',(#512,#518,#524,#479));
#512=ORIENTED_EDGE('',*,*,#513,.T.);
#513=EDGE_CURVE('',#481,#514,#516,.T.);
#514=VERTEX_POINT('',#515);
#515=CARTESIAN_POINT('',(3.700833115417E-16,6.785,1.721019057875));
#516=LINE('',#517,#150);
#517=CARTESIAN_POINT('',(2.590610062952E-16,-0.2,1.721019057875));
#518=ORIENTED_EDGE('',*,*,#519,.T.);
#519=EDGE_CURVE('',#514,#375,#520,.T.);
#520=LINE('',#521,#522);
#521=CARTESIAN_POINT('',(-0.621069710861,6.785,1.8305304048));
#522=VECTOR('',#523,1.);
#523=DIRECTION('',(-0.984807753012,0.,0.173648177667));
#524=ORIENTED_EDGE('',*,*,#374,.F.);
#525=PLANE('',#526);
#526=AXIS2_PLACEMENT_3D('',#527,#528,#523);
#527=CARTESIAN_POINT('',(0.939231012049,-7.185,1.555407289332));
#528=DIRECTION('',(0.173648177667,2.186712484447E-16,0.984807753012));
#529=ADVANCED_FACE('',(#530),#539,.F.);
#530=FACE_BOUND('',#531,.F.);
#531=EDGE_LOOP('',(#379,#498,#532,#537,#518));
#532=ORIENTED_EDGE('',*,*,#533,.T.);
#533=EDGE_CURVE('',#500,#534,#536,.T.);
#534=VERTEX_POINT('',#535);
#535=CARTESIAN_POINT('',(3.700833115417E-16,6.785,0.15));
#536=LINE('',#501,#178);
#537=ORIENTED_EDGE('',*,*,#538,.F.);
#538=EDGE_CURVE('',#514,#534,#309,.T.);
#539=PLANE('',#540);
#540=AXIS2_PLACEMENT_3D('',#382,#44,#14);
#541=ADVANCED_FACE('',(#542),#570,.F.);
#542=FACE_BOUND('',#543,.F.);
#543=EDGE_LOOP('',(#544,#545,#546,#547,#552,#557,#562,#568));
#544=ORIENTED_EDGE('',*,*,#461,.F.);
#545=ORIENTED_EDGE('',*,*,#432,.F.);
#546=ORIENTED_EDGE('',*,*,#405,.T.);
#547=ORIENTED_EDGE('',*,*,#548,.T.);
#548=EDGE_CURVE('',#408,#549,#551,.T.);
#549=VERTEX_POINT('',#550);
#550=CARTESIAN_POINT('',(-3.,-6.285,0.15));
#551=LINE('',#409,#150);
#552=ORIENTED_EDGE('',*,*,#553,.F.);
#553=EDGE_CURVE('',#554,#549,#556,.T.);
#554=VERTEX_POINT('',#555);
#555=CARTESIAN_POINT('',(-3.,-6.285,0.75));
#556=LINE('',#555,#63);
#557=ORIENTED_EDGE('',*,*,#558,.F.);
#558=EDGE_CURVE('',#559,#554,#561,.T.);
#559=VERTEX_POINT('',#560);
#560=CARTESIAN_POINT('',(-3.,6.285,0.75));
#561=LINE('',#560,#43);
#562=ORIENTED_EDGE('',*,*,#563,.F.);
#563=EDGE_CURVE('',#564,#559,#566,.T.);
#564=VERTEX_POINT('',#565);
#565=CARTESIAN_POINT('',(-3.,6.285,0.15));
#566=LINE('',#567,#50);
#567=CARTESIAN_POINT('',(-3.,6.285,0.));
#568=ORIENTED_EDGE('',*,*,#569,.T.);
#569=EDGE_CURVE('',#564,#462,#551,.T.);
#570=PLANE('',#571);
#571=AXIS2_PLACEMENT_3D('',#411,#14,#17);
#572=ADVANCED_FACE('',(#573),#588,.F.);
#573=FACE_BOUND('',#574,.F.);
#574=EDGE_LOOP('',(#575,#580,#584,#585,#586,#587));
#575=ORIENTED_EDGE('',*,*,#576,.F.);
#576=EDGE_CURVE('',#577,#489,#579,.T.);
#577=VERTEX_POINT('',#578);
#578=CARTESIAN_POINT('',(2.960774076653E-16,-6.285,0.15));
#579=LINE('',#535,#43);
#580=ORIENTED_EDGE('',*,*,#581,.T.);
#581=EDGE_CURVE('',#577,#549,#582,.T.);
#582=LINE('',#583,#95);
#583=CARTESIAN_POINT('',(-2.275331030512,-6.285,0.15));
#584=ORIENTED_EDGE('',*,*,#548,.F.);
#585=ORIENTED_EDGE('',*,*,#423,.F.);
#586=ORIENTED_EDGE('',*,*,#452,.F.);
#587=ORIENTED_EDGE('',*,*,#492,.F.);
#588=PLANE('',#589);
#589=AXIS2_PLACEMENT_3D('',#590,#13,#14);
#590=CARTESIAN_POINT('',(-1.550662061025,1.278322423287E-17,0.15));
#591=ADVANCED_FACE('',(#592),#588,.F.);
#592=FACE_BOUND('',#593,.F.);
#593=EDGE_LOOP('',(#594,#503,#595,#596,#597,#603));
#594=ORIENTED_EDGE('',*,*,#533,.F.);
#595=ORIENTED_EDGE('',*,*,#466,.F.);
#596=ORIENTED_EDGE('',*,*,#569,.F.);
#597=ORIENTED_EDGE('',*,*,#598,.T.);
#598=EDGE_CURVE('',#564,#599,#601,.T.);
#599=VERTEX_POINT('',#600);
#600=CARTESIAN_POINT('',(2.960774076653E-16,6.285,0.15));
#601=LINE('',#602,#178);
#602=CARTESIAN_POINT('',(-2.275331030512,6.285,0.15));
#603=ORIENTED_EDGE('',*,*,#604,.F.);
#604=EDGE_CURVE('',#534,#599,#579,.T.);
#605=ADVANCED_FACE('',(#606),#315,.F.);
#606=FACE_BOUND('',#607,.F.);
#607=EDGE_LOOP('',(#512,#608,#609,#610,#616,#622,#626,#627));
#608=ORIENTED_EDGE('',*,*,#538,.T.);
#609=ORIENTED_EDGE('',*,*,#604,.T.);
#610=ORIENTED_EDGE('',*,*,#611,.T.);
#611=EDGE_CURVE('',#599,#612,#614,.T.);
#612=VERTEX_POINT('',#613);
#613=CARTESIAN_POINT('',(4.440892098501E-16,6.285,0.75));
#614=LINE('',#615,#50);
#615=CARTESIAN_POINT('',(3.700833087577E-16,6.285,1.));
#616=ORIENTED_EDGE('',*,*,#617,.T.);
#617=EDGE_CURVE('',#612,#618,#620,.T.);
#618=VERTEX_POINT('',#619);
#619=CARTESIAN_POINT('',(4.440892098501E-16,-6.285,0.75));
#620=LINE('',#621,#43);
#621=CARTESIAN_POINT('',(3.700833087577E-16,6.535,0.75));
#622=ORIENTED_EDGE('',*,*,#623,.T.);
#623=EDGE_CURVE('',#618,#577,#624,.T.);
#624=LINE('',#625,#63);
#625=CARTESIAN_POINT('',(3.700833087577E-16,-6.285,1.375));
#626=ORIENTED_EDGE('',*,*,#576,.T.);
#627=ORIENTED_EDGE('',*,*,#488,.F.);
#628=ADVANCED_FACE('',(#629),#634,.T.);
#629=FACE_BOUND('',#630,.T.);
#630=EDGE_LOOP('',(#562,#597,#610,#631));
#631=ORIENTED_EDGE('',*,*,#632,.F.);
#632=EDGE_CURVE('',#559,#612,#633,.T.);
#633=LINE('',#560,#178);
#634=PLANE('',#635);
#635=AXIS2_PLACEMENT_3D('',#567,#44,#13);
#636=ADVANCED_FACE('',(#637),#643,.T.);
#637=FACE_BOUND('',#638,.T.);
#638=EDGE_LOOP('',(#557,#639,#616,#640));
#639=ORIENTED_EDGE('',*,*,#632,.T.);
#640=ORIENTED_EDGE('',*,*,#641,.F.);
#641=EDGE_CURVE('',#554,#618,#642,.T.);
#642=LINE('',#555,#178);
#643=PLANE('',#644);
#644=AXIS2_PLACEMENT_3D('',#560,#64,#44);
#645=ADVANCED_FACE('',(#646),#649,.T.);
#646=FACE_BOUND('',#647,.T.);
#647=EDGE_LOOP('',(#552,#648,#622,#580));
#648=ORIENTED_EDGE('',*,*,#641,.T.);
#649=PLANE('',#650);
#650=AXIS2_PLACEMENT_3D('',#555,#17,#64);
#651=SHAPE_DEFINITION_REPRESENTATION(#652,#658);
#652=PRODUCT_DEFINITION_SHAPE('','',#653);
#653=PRODUCT_DEFINITION('design','',#654,#657);
#654=PRODUCT_DEFINITION_FORMATION('','',#655);
#655=PRODUCT('pins','pins','',(#656));
#656=PRODUCT_CONTEXT('',#2,'mechanical');
#657=PRODUCT_DEFINITION_CONTEXT('part definition',#2,'design');
#658=ADVANCED_BREP_SHAPE_REPRESENTATION('',(#11,#659),#18);
#659=MANIFOLD_SOLID_BREP('',#660);
#660=CLOSED_SHELL('',(#661,#687,#1258,#1311,#1878,#1888,#1902,#1950,#1959,#2007,#2021,#2069,#2078,#2126,#2140,#2188,#2197,#2245,#2259,#2307,#2316,#2364,#2378,#2426,#2435,#2483,#2497,#2545,#2554,#2602,#2616,#2664,#2673,#2721,#2735,#2783,#2792,#2840,#2854,#2902,#2911,#2959,#2973,#3021,#3030,#3078,#3092,#3140,#3149,#3197,#3211,#3259,#3268,#3316,#3330,#3378,#3387,#3435,#3449,#3497,#3506,#3554,#3568,#3616,#3625,#3673,#3687,#3735,#3744,#3792,#3806,#3854,#3863,#3911,#3925,#3973,#3982,#4030,#4044,#4092,#4101,#4149,#4163,#4211,#4220,#4268,#4282,#4330,#4339,#4387,#4401,#4449,#4458,#4506,#4520,#4568,#4577,#4625,#4639,#4687,#4695,#4705,#4716,#4745,#4754,#4783,#4792,#4804,#4816,#4829,#4839,#4850,#4862,#4869,#4878,#4887,#4896,#4905,#4914,#4923,#4932,#4941,#4950,#4959,#4968,#4977,#4986,#4995,#5004,#5013,#5022,#5031,#5040,#5049,#5058,#5067,#5076,#5088,#5100,#5108,#5113,#5122,#5132,#5144,#5156,#5164,#5169,#5178,#5188,#5200,#5212,#5220,#5225,#5234,#5244,#5256,#5268,#5276,#5281,#5290,#5300,#5312,#5324,#5332,#5337,#5346,#5356,#5368,#5380,#5388,#5393,#5402,#5412,#5424,#5436,#5444,#5449,#5458,#5468,#5480,#5492,#5500,#5505,#5514,#5524,#5536,#5548,#5556,#5561,#5570,#5580,#5592,#5604,#5612,#5617,#5626,#5636,#5648,#5660,#5668,#5673,#5682,#5692,#5704,#5716,#5724,#5729,#5738,#5748,#5760,#5772,#5780,#5785,#5794,#5804,#5816,#5828,#5836,#5841,#5850,#5860,#5872,#5884,#5892,#5897,#5906,#5916,#5928,#5940,#5948,#5953,#5962,#5972,#5984,#5996,#6004,#6009,#6018,#6028,#6040,#6052,#6060,#6065,#6074,#6084,#6096,#6108,#6116,#6121,#6130,#6140,#6152,#6164,#6172,#6177,#6186,#6196,#6208,#6220,#6228,#6233,#6242,#6252,#6264,#6276,#6284,#6289,#6298,#6308,#6320,#6332,#6340,#6345,#6354,#6364,#6379,#6449,#6464,#6525,#6535,#6611,#6627,#6688,#6698,#6702,#6714,#6724,#6733,#6741,#6750,#6758,#6764,#6773,#6778,#6790,#6800,#6809,#6818,#6827,#6836,#6842,#6851));
#661=ADVANCED_FACE('',(#662),#685,.T.);
#662=FACE_BOUND('',#663,.T.);
#663=EDGE_LOOP('',(#664,#671,#676,#681));
#664=ORIENTED_EDGE('',*,*,#665,.F.);
#665=EDGE_CURVE('',#666,#668,#670,.T.);
#666=VERTEX_POINT('',#667);
#667=CARTESIAN_POINT('',(1.7,6.5,0.2));
#668=VERTEX_POINT('',#669);
#669=CARTESIAN_POINT('',(1.7,5.85,0.2));
#670=LINE('',#667,#43);
#671=ORIENTED_EDGE('',*,*,#672,.T.);
#672=EDGE_CURVE('',#666,#673,#675,.T.);
#673=VERTEX_POINT('',#674);
#674=CARTESIAN_POINT('',(1.7,6.5,0.5));
#675=LINE('',#667,#50);
#676=ORIENTED_EDGE('',*,*,#677,.T.);
#677=EDGE_CURVE('',#673,#678,#680,.T.);
#678=VERTEX_POINT('',#679);
#679=CARTESIAN_POINT('',(1.7,5.85,0.5));
#680=LINE('',#674,#43);
#681=ORIENTED_EDGE('',*,*,#682,.F.);
#682=EDGE_CURVE('',#668,#678,#683,.T.);
#683=LINE('',#684,#50);
#684=CARTESIAN_POINT('',(1.7,5.85,0.1));
#685=PLANE('',#686);
#686=AXIS2_PLACEMENT_3D('',#667,#14,#44);
#687=ADVANCED_FACE('',(#688),#1255,.F.);
#688=FACE_BOUND('',#689,.F.);
#689=EDGE_LOOP('',(#664,#690,#695,#701,#707,#713,#719,#724,#729,#733,#739,#745,#751,#755,#761,#767,#773,#777,#783,#789,#795,#799,#805,#811,#817,#821,#827,#833,#839,#843,#849,#855,#861,#865,#871,#877,#883,#887,#893,#899,#905,#909,#915,#921,#927,#931,#937,#943,#949,#953,#959,#965,#971,#975,#981,#987,#993,#997,#1003,#1009,#1015,#1019,#1025,#1031,#1037,#1041,#1047,#1053,#1059,#1063,#1069,#1075,#1081,#1085,#1091,#1097,#1103,#1107,#1113,#1119,#1125,#1129,#1135,#1141,#1147,#1151,#1157,#1163,#1169,#1173,#1179,#1185,#1191,#1195,#1201,#1207,#1213,#1217,#1223,#1229,#1235,#1239,#1245,#1251));
#690=ORIENTED_EDGE('',*,*,#691,.F.);
#691=EDGE_CURVE('',#692,#666,#694,.T.);
#692=VERTEX_POINT('',#693);
#693=CARTESIAN_POINT('',(0.6,6.5,0.2));
#694=LINE('',#693,#178);
#695=ORIENTED_EDGE('',*,*,#696,.F.);
#696=EDGE_CURVE('',#697,#692,#699,.T.);
#697=VERTEX_POINT('',#698);
#698=CARTESIAN_POINT('',(0.6,7.05,0.2));
#699=LINE('',#700,#43);
#700=CARTESIAN_POINT('',(0.6,7.15,0.2));
#701=ORIENTED_EDGE('',*,*,#702,.F.);
#702=EDGE_CURVE('',#703,#697,#705,.T.);
#703=VERTEX_POINT('',#704);
#704=CARTESIAN_POINT('',(0.3,7.05,0.2));
#705=LINE('',#706,#178);
#706=CARTESIAN_POINT('',(0.777229299363,7.05,0.2));
#707=ORIENTED_EDGE('',*,*,#708,.F.);
#708=EDGE_CURVE('',#709,#703,#711,.T.);
#709=VERTEX_POINT('',#710);
#710=CARTESIAN_POINT('',(0.3,-7.05,0.2));
#711=LINE('',#712,#150);
#712=CARTESIAN_POINT('',(0.3,-7.15,0.2));
#713=ORIENTED_EDGE('',*,*,#714,.T.);
#714=EDGE_CURVE('',#709,#715,#717,.T.);
#715=VERTEX_POINT('',#716);
#716=CARTESIAN_POINT('',(0.6,-7.05,0.2));
#717=LINE('',#718,#178);
#718=CARTESIAN_POINT('',(0.777229299363,-7.05,0.2));
#719=ORIENTED_EDGE('',*,*,#720,.F.);
#720=EDGE_CURVE('',#721,#715,#723,.T.);
#721=VERTEX_POINT('',#722);
#722=CARTESIAN_POINT('',(0.6,-6.5,0.2));
#723=LINE('',#722,#43);
#724=ORIENTED_EDGE('',*,*,#725,.F.);
#725=EDGE_CURVE('',#726,#721,#728,.T.);
#726=VERTEX_POINT('',#727);
#727=CARTESIAN_POINT('',(1.7,-6.5,0.2));
#728=LINE('',#727,#95);
#729=ORIENTED_EDGE('',*,*,#730,.F.);
#730=EDGE_CURVE('',#731,#726,#670,.T.);
#731=VERTEX_POINT('',#732);
#732=CARTESIAN_POINT('',(1.7,-5.85,0.2));
#733=ORIENTED_EDGE('',*,*,#734,.F.);
#734=EDGE_CURVE('',#735,#731,#737,.T.);
#735=VERTEX_POINT('',#736);
#736=CARTESIAN_POINT('',(1.6,-5.85,0.2));
#737=LINE('',#738,#178);
#738=CARTESIAN_POINT('',(2.177229299363,-5.85,0.2));
#739=ORIENTED_EDGE('',*,*,#740,.F.);
#740=EDGE_CURVE('',#741,#735,#743,.T.);
#741=VERTEX_POINT('',#742);
#742=CARTESIAN_POINT('',(1.6,-5.65,0.2));
#743=LINE('',#744,#43);
#744=CARTESIAN_POINT('',(1.6,-2.925,0.2));
#745=ORIENTED_EDGE('',*,*,#746,.F.);
#746=EDGE_CURVE('',#747,#741,#749,.T.);
#747=VERTEX_POINT('',#748);
#748=CARTESIAN_POINT('',(1.7,-5.65,0.2));
#749=LINE('',#750,#95);
#750=CARTESIAN_POINT('',(1.277229299363,-5.65,0.2));
#751=ORIENTED_EDGE('',*,*,#752,.F.);
#752=EDGE_CURVE('',#753,#747,#670,.T.);
#753=VERTEX_POINT('',#754);
#754=CARTESIAN_POINT('',(1.7,-5.35,0.2));
#755=ORIENTED_EDGE('',*,*,#756,.F.);
#756=EDGE_CURVE('',#757,#753,#759,.T.);
#757=VERTEX_POINT('',#758);
#758=CARTESIAN_POINT('',(1.6,-5.35,0.2));
#759=LINE('',#760,#178);
#760=CARTESIAN_POINT('',(2.177229299363,-5.35,0.2));
#761=ORIENTED_EDGE('',*,*,#762,.F.);
#762=EDGE_CURVE('',#763,#757,#765,.T.);
#763=VERTEX_POINT('',#764);
#764=CARTESIAN_POINT('',(1.6,-5.15,0.2));
#765=LINE('',#766,#43);
#766=CARTESIAN_POINT('',(1.6,-2.675,0.2));
#767=ORIENTED_EDGE('',*,*,#768,.F.);
#768=EDGE_CURVE('',#769,#763,#771,.T.);
#769=VERTEX_POINT('',#770);
#770=CARTESIAN_POINT('',(1.7,-5.15,0.2));
#771=LINE('',#772,#95);
#772=CARTESIAN_POINT('',(1.277229299363,-5.15,0.2));
#773=ORIENTED_EDGE('',*,*,#774,.F.);
#774=EDGE_CURVE('',#775,#769,#670,.T.);
#775=VERTEX_POINT('',#776);
#776=CARTESIAN_POINT('',(1.7,-4.85,0.2));
#777=ORIENTED_EDGE('',*,*,#778,.F.);
#778=EDGE_CURVE('',#779,#775,#781,.T.);
#779=VERTEX_POINT('',#780);
#780=CARTESIAN_POINT('',(1.6,-4.85,0.2));
#781=LINE('',#782,#178);
#782=CARTESIAN_POINT('',(2.177229299363,-4.85,0.2));
#783=ORIENTED_EDGE('',*,*,#784,.F.);
#784=EDGE_CURVE('',#785,#779,#787,.T.);
#785=VERTEX_POINT('',#786);
#786=CARTESIAN_POINT('',(1.6,-4.65,0.2));
#787=LINE('',#788,#43);
#788=CARTESIAN_POINT('',(1.6,-2.425,0.2));
#789=ORIENTED_EDGE('',*,*,#790,.F.);
#790=EDGE_CURVE('',#791,#785,#793,.T.);
#791=VERTEX_POINT('',#792);
#792=CARTESIAN_POINT('',(1.7,-4.65,0.2));
#793=LINE('',#794,#95);
#794=CARTESIAN_POINT('',(1.277229299363,-4.65,0.2));
#795=ORIENTED_EDGE('',*,*,#796,.F.);
#796=EDGE_CURVE('',#797,#791,#670,.T.);
#797=VERTEX_POINT('',#798);
#798=CARTESIAN_POINT('',(1.7,-4.35,0.2));
#799=ORIENTED_EDGE('',*,*,#800,.F.);
#800=EDGE_CURVE('',#801,#797,#803,.T.);
#801=VERTEX_POINT('',#802);
#802=CARTESIAN_POINT('',(1.6,-4.35,0.2));
#803=LINE('',#804,#178);
#804=CARTESIAN_POINT('',(2.177229299363,-4.35,0.2));
#805=ORIENTED_EDGE('',*,*,#806,.F.);
#806=EDGE_CURVE('',#807,#801,#809,.T.);
#807=VERTEX_POINT('',#808);
#808=CARTESIAN_POINT('',(1.6,-4.15,0.2));
#809=LINE('',#810,#43);
#810=CARTESIAN_POINT('',(1.6,-2.175,0.2));
#811=ORIENTED_EDGE('',*,*,#812,.F.);
#812=EDGE_CURVE('',#813,#807,#815,.T.);
#813=VERTEX_POINT('',#814);
#814=CARTESIAN_POINT('',(1.7,-4.15,0.2));
#815=LINE('',#816,#95);
#816=CARTESIAN_POINT('',(1.277229299363,-4.15,0.2));
#817=ORIENTED_EDGE('',*,*,#818,.F.);
#818=EDGE_CURVE('',#819,#813,#670,.T.);
#819=VERTEX_POINT('',#820);
#820=CARTESIAN_POINT('',(1.7,-3.85,0.2));
#821=ORIENTED_EDGE('',*,*,#822,.F.);
#822=EDGE_CURVE('',#823,#819,#825,.T.);
#823=VERTEX_POINT('',#824);
#824=CARTESIAN_POINT('',(1.6,-3.85,0.2));
#825=LINE('',#826,#178);
#826=CARTESIAN_POINT('',(2.177229299363,-3.85,0.2));
#827=ORIENTED_EDGE('',*,*,#828,.F.);
#828=EDGE_CURVE('',#829,#823,#831,.T.);
#829=VERTEX_POINT('',#830);
#830=CARTESIAN_POINT('',(1.6,-3.65,0.2));
#831=LINE('',#832,#43);
#832=CARTESIAN_POINT('',(1.6,-1.925,0.2));
#833=ORIENTED_EDGE('',*,*,#834,.F.);
#834=EDGE_CURVE('',#835,#829,#837,.T.);
#835=VERTEX_POINT('',#836);
#836=CARTESIAN_POINT('',(1.7,-3.65,0.2));
#837=LINE('',#838,#95);
#838=CARTESIAN_POINT('',(1.277229299363,-3.65,0.2));
#839=ORIENTED_EDGE('',*,*,#840,.F.);
#840=EDGE_CURVE('',#841,#835,#670,.T.);
#841=VERTEX_POINT('',#842);
#842=CARTESIAN_POINT('',(1.7,-3.35,0.2));
#843=ORIENTED_EDGE('',*,*,#844,.F.);
#844=EDGE_CURVE('',#845,#841,#847,.T.);
#845=VERTEX_POINT('',#846);
#846=CARTESIAN_POINT('',(1.6,-3.35,0.2));
#847=LINE('',#848,#178);
#848=CARTESIAN_POINT('',(2.177229299363,-3.35,0.2));
#849=ORIENTED_EDGE('',*,*,#850,.F.);
#850=EDGE_CURVE('',#851,#845,#853,.T.);
#851=VERTEX_POINT('',#852);
#852=CARTESIAN_POINT('',(1.6,-3.15,0.2));
#853=LINE('',#854,#43);
#854=CARTESIAN_POINT('',(1.6,-1.675,0.2));
#855=ORIENTED_EDGE('',*,*,#856,.F.);
#856=EDGE_CURVE('',#857,#851,#859,.T.);
#857=VERTEX_POINT('',#858);
#858=CARTESIAN_POINT('',(1.7,-3.15,0.2));
#859=LINE('',#860,#95);
#860=CARTESIAN_POINT('',(1.277229299363,-3.15,0.2));
#861=ORIENTED_EDGE('',*,*,#862,.F.);
#862=EDGE_CURVE('',#863,#857,#670,.T.);
#863=VERTEX_POINT('',#864);
#864=CARTESIAN_POINT('',(1.7,-2.85,0.2));
#865=ORIENTED_EDGE('',*,*,#866,.F.);
#866=EDGE_CURVE('',#867,#863,#869,.T.);
#867=VERTEX_POINT('',#868);
#868=CARTESIAN_POINT('',(1.6,-2.85,0.2));
#869=LINE('',#870,#178);
#870=CARTESIAN_POINT('',(2.177229299363,-2.85,0.2));
#871=ORIENTED_EDGE('',*,*,#872,.F.);
#872=EDGE_CURVE('',#873,#867,#875,.T.);
#873=VERTEX_POINT('',#874);
#874=CARTESIAN_POINT('',(1.6,-2.65,0.2));
#875=LINE('',#876,#43);
#876=CARTESIAN_POINT('',(1.6,-1.425,0.2));
#877=ORIENTED_EDGE('',*,*,#878,.F.);
#878=EDGE_CURVE('',#879,#873,#881,.T.);
#879=VERTEX_POINT('',#880);
#880=CARTESIAN_POINT('',(1.7,-2.65,0.2));
#881=LINE('',#882,#95);
#882=CARTESIAN_POINT('',(1.277229299363,-2.65,0.2));
#883=ORIENTED_EDGE('',*,*,#884,.F.);
#884=EDGE_CURVE('',#885,#879,#670,.T.);
#885=VERTEX_POINT('',#886);
#886=CARTESIAN_POINT('',(1.7,-2.35,0.2));
#887=ORIENTED_EDGE('',*,*,#888,.F.);
#888=EDGE_CURVE('',#889,#885,#891,.T.);
#889=VERTEX_POINT('',#890);
#890=CARTESIAN_POINT('',(1.6,-2.35,0.2));
#891=LINE('',#892,#178);
#892=CARTESIAN_POINT('',(2.177229299363,-2.35,0.2));
#893=ORIENTED_EDGE('',*,*,#894,.F.);
#894=EDGE_CURVE('',#895,#889,#897,.T.);
#895=VERTEX_POINT('',#896);
#896=CARTESIAN_POINT('',(1.6,-2.15,0.2));
#897=LINE('',#898,#43);
#898=CARTESIAN_POINT('',(1.6,-1.175,0.2));
#899=ORIENTED_EDGE('',*,*,#900,.F.);
#900=EDGE_CURVE('',#901,#895,#903,.T.);
#901=VERTEX_POINT('',#902);
#902=CARTESIAN_POINT('',(1.7,-2.15,0.2));
#903=LINE('',#904,#95);
#904=CARTESIAN_POINT('',(1.277229299363,-2.15,0.2));
#905=ORIENTED_EDGE('',*,*,#906,.F.);
#906=EDGE_CURVE('',#907,#901,#670,.T.);
#907=VERTEX_POINT('',#908);
#908=CARTESIAN_POINT('',(1.7,-1.85,0.2));
#909=ORIENTED_EDGE('',*,*,#910,.F.);
#910=EDGE_CURVE('',#911,#907,#913,.T.);
#911=VERTEX_POINT('',#912);
#912=CARTESIAN_POINT('',(1.6,-1.85,0.2));
#913=LINE('',#914,#178);
#914=CARTESIAN_POINT('',(2.177229299363,-1.85,0.2));
#915=ORIENTED_EDGE('',*,*,#916,.F.);
#916=EDGE_CURVE('',#917,#911,#919,.T.);
#917=VERTEX_POINT('',#918);
#918=CARTESIAN_POINT('',(1.6,-1.65,0.2));
#919=LINE('',#920,#43);
#920=CARTESIAN_POINT('',(1.6,-0.925,0.2));
#921=ORIENTED_EDGE('',*,*,#922,.F.);
#922=EDGE_CURVE('',#923,#917,#925,.T.);
#923=VERTEX_POINT('',#924);
#924=CARTESIAN_POINT('',(1.7,-1.65,0.2));
#925=LINE('',#926,#95);
#926=CARTESIAN_POINT('',(1.277229299363,-1.65,0.2));
#927=ORIENTED_EDGE('',*,*,#928,.F.);
#928=EDGE_CURVE('',#929,#923,#670,.T.);
#929=VERTEX_POINT('',#930);
#930=CARTESIAN_POINT('',(1.7,-1.35,0.2));
#931=ORIENTED_EDGE('',*,*,#932,.F.);
#932=EDGE_CURVE('',#933,#929,#935,.T.);
#933=VERTEX_POINT('',#934);
#934=CARTESIAN_POINT('',(1.6,-1.35,0.2));
#935=LINE('',#936,#178);
#936=CARTESIAN_POINT('',(2.177229299363,-1.35,0.2));
#937=ORIENTED_EDGE('',*,*,#938,.F.);
#938=EDGE_CURVE('',#939,#933,#941,.T.);
#939=VERTEX_POINT('',#940);
#940=CARTESIAN_POINT('',(1.6,-1.15,0.2));
#941=LINE('',#942,#43);
#942=CARTESIAN_POINT('',(1.6,-0.675,0.2));
#943=ORIENTED_EDGE('',*,*,#944,.F.);
#944=EDGE_CURVE('',#945,#939,#947,.T.);
#945=VERTEX_POINT('',#946);
#946=CARTESIAN_POINT('',(1.7,-1.15,0.2));
#947=LINE('',#948,#95);
#948=CARTESIAN_POINT('',(1.277229299363,-1.15,0.2));
#949=ORIENTED_EDGE('',*,*,#950,.F.);
#950=EDGE_CURVE('',#951,#945,#670,.T.);
#951=VERTEX_POINT('',#952);
#952=CARTESIAN_POINT('',(1.7,-0.85,0.2));
#953=ORIENTED_EDGE('',*,*,#954,.F.);
#954=EDGE_CURVE('',#955,#951,#957,.T.);
#955=VERTEX_POINT('',#956);
#956=CARTESIAN_POINT('',(1.6,-0.85,0.2));
#957=LINE('',#958,#178);
#958=CARTESIAN_POINT('',(2.177229299363,-0.85,0.2));
#959=ORIENTED_EDGE('',*,*,#960,.F.);
#960=EDGE_CURVE('',#961,#955,#963,.T.);
#961=VERTEX_POINT('',#962);
#962=CARTESIAN_POINT('',(1.6,-0.65,0.2));
#963=LINE('',#964,#43);
#964=CARTESIAN_POINT('',(1.6,-0.425,0.2));
#965=ORIENTED_EDGE('',*,*,#966,.F.);
#966=EDGE_CURVE('',#967,#961,#969,.T.);
#967=VERTEX_POINT('',#968);
#968=CARTESIAN_POINT('',(1.7,-0.65,0.2));
#969=LINE('',#970,#95);
#970=CARTESIAN_POINT('',(1.277229299363,-0.65,0.2));
#971=ORIENTED_EDGE('',*,*,#972,.F.);
#972=EDGE_CURVE('',#973,#967,#670,.T.);
#973=VERTEX_POINT('',#974);
#974=CARTESIAN_POINT('',(1.7,-0.35,0.2));
#975=ORIENTED_EDGE('',*,*,#976,.F.);
#976=EDGE_CURVE('',#977,#973,#979,.T.);
#977=VERTEX_POINT('',#978);
#978=CARTESIAN_POINT('',(1.6,-0.35,0.2));
#979=LINE('',#980,#178);
#980=CARTESIAN_POINT('',(2.177229299363,-0.35,0.2));
#981=ORIENTED_EDGE('',*,*,#982,.F.);
#982=EDGE_CURVE('',#983,#977,#985,.T.);
#983=VERTEX_POINT('',#984);
#984=CARTESIAN_POINT('',(1.6,-0.15,0.2));
#985=LINE('',#986,#43);
#986=CARTESIAN_POINT('',(1.6,-0.175,0.2));
#987=ORIENTED_EDGE('',*,*,#988,.F.);
#988=EDGE_CURVE('',#989,#983,#991,.T.);
#989=VERTEX_POINT('',#990);
#990=CARTESIAN_POINT('',(1.7,-0.15,0.2));
#991=LINE('',#992,#95);
#992=CARTESIAN_POINT('',(1.277229299363,-0.15,0.2));
#993=ORIENTED_EDGE('',*,*,#994,.F.);
#994=EDGE_CURVE('',#995,#989,#670,.T.);
#995=VERTEX_POINT('',#996);
#996=CARTESIAN_POINT('',(1.7,0.15,0.2));
#997=ORIENTED_EDGE('',*,*,#998,.F.);
#998=EDGE_CURVE('',#999,#995,#1001,.T.);
#999=VERTEX_POINT('',#1000);
#1000=CARTESIAN_POINT('',(1.6,0.15,0.2));
#1001=LINE('',#1002,#178);
#1002=CARTESIAN_POINT('',(2.177229299363,0.15,0.2));
#1003=ORIENTED_EDGE('',*,*,#1004,.F.);
#1004=EDGE_CURVE('',#1005,#999,#1007,.T.);
#1005=VERTEX_POINT('',#1006);
#1006=CARTESIAN_POINT('',(1.6,0.35,0.2));
#1007=LINE('',#1008,#43);
#1008=CARTESIAN_POINT('',(1.6,7.5E-02,0.2));
#1009=ORIENTED_EDGE('',*,*,#1010,.F.);
#1010=EDGE_CURVE('',#1011,#1005,#1013,.T.);
#1011=VERTEX_POINT('',#1012);
#1012=CARTESIAN_POINT('',(1.7,0.35,0.2));
#1013=LINE('',#1014,#95);
#1014=CARTESIAN_POINT('',(1.277229299363,0.35,0.2));
#1015=ORIENTED_EDGE('',*,*,#1016,.F.);
#1016=EDGE_CURVE('',#1017,#1011,#670,.T.);
#1017=VERTEX_POINT('',#1018);
#1018=CARTESIAN_POINT('',(1.7,0.65,0.2));
#1019=ORIENTED_EDGE('',*,*,#1020,.F.);
#1020=EDGE_CURVE('',#1021,#1017,#1023,.T.);
#1021=VERTEX_POINT('',#1022);
#1022=CARTESIAN_POINT('',(1.6,0.65,0.2));
#1023=LINE('',#1024,#178);
#1024=CARTESIAN_POINT('',(2.177229299363,0.65,0.2));
#1025=ORIENTED_EDGE('',*,*,#1026,.F.);
#1026=EDGE_CURVE('',#1027,#1021,#1029,.T.);
#1027=VERTEX_POINT('',#1028);
#1028=CARTESIAN_POINT('',(1.6,0.85,0.2));
#1029=LINE('',#1030,#43);
#1030=CARTESIAN_POINT('',(1.6,0.325,0.2));
#1031=ORIENTED_EDGE('',*,*,#1032,.F.);
#1032=EDGE_CURVE('',#1033,#1027,#1035,.T.);
#1033=VERTEX_POINT('',#1034);
#1034=CARTESIAN_POINT('',(1.7,0.85,0.2));
#1035=LINE('',#1036,#95);
#1036=CARTESIAN_POINT('',(1.277229299363,0.85,0.2));
#1037=ORIENTED_EDGE('',*,*,#1038,.F.);
#1038=EDGE_CURVE('',#1039,#1033,#670,.T.);
#1039=VERTEX_POINT('',#1040);
#1040=CARTESIAN_POINT('',(1.7,1.15,0.2));
#1041=ORIENTED_EDGE('',*,*,#1042,.F.);
#1042=EDGE_CURVE('',#1043,#1039,#1045,.T.);
#1043=VERTEX_POINT('',#1044);
#1044=CARTESIAN_POINT('',(1.6,1.15,0.2));
#1045=LINE('',#1046,#178);
#1046=CARTESIAN_POINT('',(2.177229299363,1.15,0.2));
#1047=ORIENTED_EDGE('',*,*,#1048,.F.);
#1048=EDGE_CURVE('',#1049,#1043,#1051,.T.);
#1049=VERTEX_POINT('',#1050);
#1050=CARTESIAN_POINT('',(1.6,1.35,0.2));
#1051=LINE('',#1052,#43);
#1052=CARTESIAN_POINT('',(1.6,0.575,0.2));
#1053=ORIENTED_EDGE('',*,*,#1054,.F.);
#1054=EDGE_CURVE('',#1055,#1049,#1057,.T.);
#1055=VERTEX_POINT('',#1056);
#1056=CARTESIAN_POINT('',(1.7,1.35,0.2));
#1057=LINE('',#1058,#95);
#1058=CARTESIAN_POINT('',(1.277229299363,1.35,0.2));
#1059=ORIENTED_EDGE('',*,*,#1060,.F.);
#1060=EDGE_CURVE('',#1061,#1055,#670,.T.);
#1061=VERTEX_POINT('',#1062);
#1062=CARTESIAN_POINT('',(1.7,1.65,0.2));
#1063=ORIENTED_EDGE('',*,*,#1064,.F.);
#1064=EDGE_CURVE('',#1065,#1061,#1067,.T.);
#1065=VERTEX_POINT('',#1066);
#1066=CARTESIAN_POINT('',(1.6,1.65,0.2));
#1067=LINE('',#1068,#178);
#1068=CARTESIAN_POINT('',(2.177229299363,1.65,0.2));
#1069=ORIENTED_EDGE('',*,*,#1070,.F.);
#1070=EDGE_CURVE('',#1071,#1065,#1073,.T.);
#1071=VERTEX_POINT('',#1072);
#1072=CARTESIAN_POINT('',(1.6,1.85,0.2));
#1073=LINE('',#1074,#43);
#1074=CARTESIAN_POINT('',(1.6,0.825,0.2));
#1075=ORIENTED_EDGE('',*,*,#1076,.F.);
#1076=EDGE_CURVE('',#1077,#1071,#1079,.T.);
#1077=VERTEX_POINT('',#1078);
#1078=CARTESIAN_POINT('',(1.7,1.85,0.2));
#1079=LINE('',#1080,#95);
#1080=CARTESIAN_POINT('',(1.277229299363,1.85,0.2));
#1081=ORIENTED_EDGE('',*,*,#1082,.F.);
#1082=EDGE_CURVE('',#1083,#1077,#670,.T.);
#1083=VERTEX_POINT('',#1084);
#1084=CARTESIAN_POINT('',(1.7,2.15,0.2));
#1085=ORIENTED_EDGE('',*,*,#1086,.F.);
#1086=EDGE_CURVE('',#1087,#1083,#1089,.T.);
#1087=VERTEX_POINT('',#1088);
#1088=CARTESIAN_POINT('',(1.6,2.15,0.2));
#1089=LINE('',#1090,#178);
#1090=CARTESIAN_POINT('',(2.177229299363,2.15,0.2));
#1091=ORIENTED_EDGE('',*,*,#1092,.F.);
#1092=EDGE_CURVE('',#1093,#1087,#1095,.T.);
#1093=VERTEX_POINT('',#1094);
#1094=CARTESIAN_POINT('',(1.6,2.35,0.2));
#1095=LINE('',#1096,#43);
#1096=CARTESIAN_POINT('',(1.6,1.075,0.2));
#1097=ORIENTED_EDGE('',*,*,#1098,.F.);
#1098=EDGE_CURVE('',#1099,#1093,#1101,.T.);
#1099=VERTEX_POINT('',#1100);
#1100=CARTESIAN_POINT('',(1.7,2.35,0.2));
#1101=LINE('',#1102,#95);
#1102=CARTESIAN_POINT('',(1.277229299363,2.35,0.2));
#1103=ORIENTED_EDGE('',*,*,#1104,.F.);
#1104=EDGE_CURVE('',#1105,#1099,#670,.T.);
#1105=VERTEX_POINT('',#1106);
#1106=CARTESIAN_POINT('',(1.7,2.65,0.2));
#1107=ORIENTED_EDGE('',*,*,#1108,.F.);
#1108=EDGE_CURVE('',#1109,#1105,#1111,.T.);
#1109=VERTEX_POINT('',#1110);
#1110=CARTESIAN_POINT('',(1.6,2.65,0.2));
#1111=LINE('',#1112,#178);
#1112=CARTESIAN_POINT('',(2.177229299363,2.65,0.2));
#1113=ORIENTED_EDGE('',*,*,#1114,.F.);
#1114=EDGE_CURVE('',#1115,#1109,#1117,.T.);
#1115=VERTEX_POINT('',#1116);
#1116=CARTESIAN_POINT('',(1.6,2.85,0.2));
#1117=LINE('',#1118,#43);
#1118=CARTESIAN_POINT('',(1.6,1.325,0.2));
#1119=ORIENTED_EDGE('',*,*,#1120,.F.);
#1120=EDGE_CURVE('',#1121,#1115,#1123,.T.);
#1121=VERTEX_POINT('',#1122);
#1122=CARTESIAN_POINT('',(1.7,2.85,0.2));
#1123=LINE('',#1124,#95);
#1124=CARTESIAN_POINT('',(1.277229299363,2.85,0.2));
#1125=ORIENTED_EDGE('',*,*,#1126,.F.);
#1126=EDGE_CURVE('',#1127,#1121,#670,.T.);
#1127=VERTEX_POINT('',#1128);
#1128=CARTESIAN_POINT('',(1.7,3.15,0.2));
#1129=ORIENTED_EDGE('',*,*,#1130,.F.);
#1130=EDGE_CURVE('',#1131,#1127,#1133,.T.);
#1131=VERTEX_POINT('',#1132);
#1132=CARTESIAN_POINT('',(1.6,3.15,0.2));
#1133=LINE('',#1134,#178);
#1134=CARTESIAN_POINT('',(2.177229299363,3.15,0.2));
#1135=ORIENTED_EDGE('',*,*,#1136,.F.);
#1136=EDGE_CURVE('',#1137,#1131,#1139,.T.);
#1137=VERTEX_POINT('',#1138);
#1138=CARTESIAN_POINT('',(1.6,3.35,0.2));
#1139=LINE('',#1140,#43);
#1140=CARTESIAN_POINT('',(1.6,1.575,0.2));
#1141=ORIENTED_EDGE('',*,*,#1142,.F.);
#1142=EDGE_CURVE('',#1143,#1137,#1145,.T.);
#1143=VERTEX_POINT('',#1144);
#1144=CARTESIAN_POINT('',(1.7,3.35,0.2));
#1145=LINE('',#1146,#95);
#1146=CARTESIAN_POINT('',(1.277229299363,3.35,0.2));
#1147=ORIENTED_EDGE('',*,*,#1148,.F.);
#1148=EDGE_CURVE('',#1149,#1143,#670,.T.);
#1149=VERTEX_POINT('',#1150);
#1150=CARTESIAN_POINT('',(1.7,3.65,0.2));
#1151=ORIENTED_EDGE('',*,*,#1152,.F.);
#1152=EDGE_CURVE('',#1153,#1149,#1155,.T.);
#1153=VERTEX_POINT('',#1154);
#1154=CARTESIAN_POINT('',(1.6,3.65,0.2));
#1155=LINE('',#1156,#178);
#1156=CARTESIAN_POINT('',(2.177229299363,3.65,0.2));
#1157=ORIENTED_EDGE('',*,*,#1158,.F.);
#1158=EDGE_CURVE('',#1159,#1153,#1161,.T.);
#1159=VERTEX_POINT('',#1160);
#1160=CARTESIAN_POINT('',(1.6,3.85,0.2));
#1161=LINE('',#1162,#43);
#1162=CARTESIAN_POINT('',(1.6,1.825,0.2));
#1163=ORIENTED_EDGE('',*,*,#1164,.F.);
#1164=EDGE_CURVE('',#1165,#1159,#1167,.T.);
#1165=VERTEX_POINT('',#1166);
#1166=CARTESIAN_POINT('',(1.7,3.85,0.2));
#1167=LINE('',#1168,#95);
#1168=CARTESIAN_POINT('',(1.277229299363,3.85,0.2));
#1169=ORIENTED_EDGE('',*,*,#1170,.F.);
#1170=EDGE_CURVE('',#1171,#1165,#670,.T.);
#1171=VERTEX_POINT('',#1172);
#1172=CARTESIAN_POINT('',(1.7,4.15,0.2));
#1173=ORIENTED_EDGE('',*,*,#1174,.F.);
#1174=EDGE_CURVE('',#1175,#1171,#1177,.T.);
#1175=VERTEX_POINT('',#1176);
#1176=CARTESIAN_POINT('',(1.6,4.15,0.2));
#1177=LINE('',#1178,#178);
#1178=CARTESIAN_POINT('',(2.177229299363,4.15,0.2));
#1179=ORIENTED_EDGE('',*,*,#1180,.F.);
#1180=EDGE_CURVE('',#1181,#1175,#1183,.T.);
#1181=VERTEX_POINT('',#1182);
#1182=CARTESIAN_POINT('',(1.6,4.35,0.2));
#1183=LINE('',#1184,#43);
#1184=CARTESIAN_POINT('',(1.6,2.075,0.2));
#1185=ORIENTED_EDGE('',*,*,#1186,.F.);
#1186=EDGE_CURVE('',#1187,#1181,#1189,.T.);
#1187=VERTEX_POINT('',#1188);
#1188=CARTESIAN_POINT('',(1.7,4.35,0.2));
#1189=LINE('',#1190,#95);
#1190=CARTESIAN_POINT('',(1.277229299363,4.35,0.2));
#1191=ORIENTED_EDGE('',*,*,#1192,.F.);
#1192=EDGE_CURVE('',#1193,#1187,#670,.T.);
#1193=VERTEX_POINT('',#1194);
#1194=CARTESIAN_POINT('',(1.7,4.65,0.2));
#1195=ORIENTED_EDGE('',*,*,#1196,.F.);
#1196=EDGE_CURVE('',#1197,#1193,#1199,.T.);
#1197=VERTEX_POINT('',#1198);
#1198=CARTESIAN_POINT('',(1.6,4.65,0.2));
#1199=LINE('',#1200,#178);
#1200=CARTESIAN_POINT('',(2.177229299363,4.65,0.2));
#1201=ORIENTED_EDGE('',*,*,#1202,.F.);
#1202=EDGE_CURVE('',#1203,#1197,#1205,.T.);
#1203=VERTEX_POINT('',#1204);
#1204=CARTESIAN_POINT('',(1.6,4.85,0.2));
#1205=LINE('',#1206,#43);
#1206=CARTESIAN_POINT('',(1.6,2.325,0.2));
#1207=ORIENTED_EDGE('',*,*,#1208,.F.);
#1208=EDGE_CURVE('',#1209,#1203,#1211,.T.);
#1209=VERTEX_POINT('',#1210);
#1210=CARTESIAN_POINT('',(1.7,4.85,0.2));
#1211=LINE('',#1212,#95);
#1212=CARTESIAN_POINT('',(1.277229299363,4.85,0.2));
#1213=ORIENTED_EDGE('',*,*,#1214,.F.);
#1214=EDGE_CURVE('',#1215,#1209,#670,.T.);
#1215=VERTEX_POINT('',#1216);
#1216=CARTESIAN_POINT('',(1.7,5.15,0.2));
#1217=ORIENTED_EDGE('',*,*,#1218,.F.);
#1218=EDGE_CURVE('',#1219,#1215,#1221,.T.);
#1219=VERTEX_POINT('',#1220);
#1220=CARTESIAN_POINT('',(1.6,5.15,0.2));
#1221=LINE('',#1222,#178);
#1222=CARTESIAN_POINT('',(2.177229299363,5.15,0.2));
#1223=ORIENTED_EDGE('',*,*,#1224,.F.);
#1224=EDGE_CURVE('',#1225,#1219,#1227,.T.);
#1225=VERTEX_POINT('',#1226);
#1226=CARTESIAN_POINT('',(1.6,5.35,0.2));
#1227=LINE('',#1228,#43);
#1228=CARTESIAN_POINT('',(1.6,2.575,0.2));
#1229=ORIENTED_EDGE('',*,*,#1230,.F.);
#1230=EDGE_CURVE('',#1231,#1225,#1233,.T.);
#1231=VERTEX_POINT('',#1232);
#1232=CARTESIAN_POINT('',(1.7,5.35,0.2));
#1233=LINE('',#1234,#95);
#1234=CARTESIAN_POINT('',(1.277229299363,5.35,0.2));
#1235=ORIENTED_EDGE('',*,*,#1236,.F.);
#1236=EDGE_CURVE('',#1237,#1231,#670,.T.);
#1237=VERTEX_POINT('',#1238);
#1238=CARTESIAN_POINT('',(1.7,5.65,0.2));
#1239=ORIENTED_EDGE('',*,*,#1240,.F.);
#1240=EDGE_CURVE('',#1241,#1237,#1243,.T.);
#1241=VERTEX_POINT('',#1242);
#1242=CARTESIAN_POINT('',(1.6,5.65,0.2));
#1243=LINE('',#1244,#178);
#1244=CARTESIAN_POINT('',(2.177229299363,5.65,0.2));
#1245=ORIENTED_EDGE('',*,*,#1246,.F.);
#1246=EDGE_CURVE('',#1247,#1241,#1249,.T.);
#1247=VERTEX_POINT('',#1248);
#1248=CARTESIAN_POINT('',(1.6,5.85,0.2));
#1249=LINE('',#1250,#43);
#1250=CARTESIAN_POINT('',(1.6,2.825,0.2));
#1251=ORIENTED_EDGE('',*,*,#1252,.F.);
#1252=EDGE_CURVE('',#668,#1247,#1253,.T.);
#1253=LINE('',#1254,#95);
#1254=CARTESIAN_POINT('',(1.277229299363,5.85,0.2));
#1255=PLANE('',#1256);
#1256=AXIS2_PLACEMENT_3D('',#1257,#13,#14);
#1257=CARTESIAN_POINT('',(0.954458598726,-5.940046755956E-16,0.2));
#1258=ADVANCED_FACE('',(#1259),#1309,.T.);
#1259=FACE_BOUND('',#1260,.T.);
#1260=EDGE_LOOP('',(#1261,#1268,#1251,#1271,#1272,#1278,#1282,#1287,#1293,#1300,#1306));
#1261=ORIENTED_EDGE('',*,*,#1262,.F.);
#1262=EDGE_CURVE('',#1263,#1265,#1267,.T.);
#1263=VERTEX_POINT('',#1264);
#1264=CARTESIAN_POINT('',(1.6,5.85,0.));
#1265=VERTEX_POINT('',#1266);
#1266=CARTESIAN_POINT('',(3.4,5.85,0.));
#1267=LINE('',#1264,#178);
#1268=ORIENTED_EDGE('',*,*,#1269,.T.);
#1269=EDGE_CURVE('',#1263,#1247,#1270,.T.);
#1270=LINE('',#1264,#50);
#1271=ORIENTED_EDGE('',*,*,#682,.T.);
#1272=ORIENTED_EDGE('',*,*,#1273,.T.);
#1273=EDGE_CURVE('',#678,#1274,#1276,.T.);
#1274=VERTEX_POINT('',#1275);
#1275=CARTESIAN_POINT('',(1.6,5.85,0.5));
#1276=LINE('',#1277,#95);
#1277=CARTESIAN_POINT('',(1.277229299363,5.85,0.5));
#1278=ORIENTED_EDGE('',*,*,#1279,.T.);
#1279=EDGE_CURVE('',#1274,#1280,#1270,.T.);
#1280=VERTEX_POINT('',#1281);
#1281=CARTESIAN_POINT('',(1.6,5.85,1.8));
#1282=ORIENTED_EDGE('',*,*,#1283,.T.);
#1283=EDGE_CURVE('',#1280,#1284,#1286,.T.);
#1284=VERTEX_POINT('',#1285);
#1285=CARTESIAN_POINT('',(2.7,5.85,1.8));
#1286=LINE('',#1281,#178);
#1287=ORIENTED_EDGE('',*,*,#1288,.T.);
#1288=EDGE_CURVE('',#1284,#1289,#1291,.T.);
#1289=VERTEX_POINT('',#1290);
#1290=CARTESIAN_POINT('',(2.7,5.85,0.5));
#1291=LINE('',#1292,#63);
#1292=CARTESIAN_POINT('',(2.7,5.85,0.25));
#1293=ORIENTED_EDGE('',*,*,#1294,.T.);
#1294=EDGE_CURVE('',#1289,#1295,#1297,.T.);
#1295=VERTEX_POINT('',#1296);
#1296=CARTESIAN_POINT('',(2.9,5.85,0.3));
#1297=CIRCLE('',#1298,0.2);
#1298=AXIS2_PLACEMENT_3D('',#1299,#44,#14);
#1299=CARTESIAN_POINT('',(2.9,5.85,0.5));
#1300=ORIENTED_EDGE('',*,*,#1301,.T.);
#1301=EDGE_CURVE('',#1295,#1302,#1304,.T.);
#1302=VERTEX_POINT('',#1303);
#1303=CARTESIAN_POINT('',(3.4,5.85,0.3));
#1304=LINE('',#1305,#178);
#1305=CARTESIAN_POINT('',(3.05,5.85,0.3));
#1306=ORIENTED_EDGE('',*,*,#1307,.F.);
#1307=EDGE_CURVE('',#1265,#1302,#1308,.T.);
#1308=LINE('',#1266,#50);
#1309=PLANE('',#1310);
#1310=AXIS2_PLACEMENT_3D('',#1264,#17,#14);
#1311=ADVANCED_FACE('',(#1312),#1875,.T.);
#1312=FACE_BOUND('',#1313,.T.);
#1313=EDGE_LOOP('',(#1314,#1315,#1320,#1326,#1332,#1338,#1344,#1349,#1354,#1358,#1364,#1370,#1376,#1380,#1386,#1392,#1398,#1402,#1408,#1414,#1420,#1424,#1430,#1436,#1442,#1446,#1452,#1458,#1464,#1468,#1474,#1480,#1486,#1490,#1496,#1502,#1508,#1512,#1518,#1524,#1530,#1534,#1540,#1546,#1552,#1556,#1562,#1568,#1574,#1578,#1584,#1590,#1596,#1600,#1606,#1612,#1618,#1622,#1628,#1634,#1640,#1644,#1650,#1656,#1662,#1666,#1672,#1678,#1684,#1688,#1694,#1700,#1706,#1710,#1716,#1722,#1728,#1732,#1738,#1744,#1750,#1754,#1760,#1766,#1772,#1776,#1782,#1788,#1794,#1798,#1804,#1810,#1816,#1820,#1826,#1832,#1838,#1842,#1848,#1854,#1860,#1864,#1870,#1874));
#1314=ORIENTED_EDGE('',*,*,#677,.F.);
#1315=ORIENTED_EDGE('',*,*,#1316,.F.);
#1316=EDGE_CURVE('',#1317,#673,#1319,.T.);
#1317=VERTEX_POINT('',#1318);
#1318=CARTESIAN_POINT('',(0.6,6.5,0.5));
#1319=LINE('',#1318,#178);
#1320=ORIENTED_EDGE('',*,*,#1321,.F.);
#1321=EDGE_CURVE('',#1322,#1317,#1324,.T.);
#1322=VERTEX_POINT('',#1323);
#1323=CARTESIAN_POINT('',(0.6,7.05,0.5));
#1324=LINE('',#1325,#43);
#1325=CARTESIAN_POINT('',(0.6,7.15,0.5));
#1326=ORIENTED_EDGE('',*,*,#1327,.F.);
#1327=EDGE_CURVE('',#1328,#1322,#1330,.T.);
#1328=VERTEX_POINT('',#1329);
#1329=CARTESIAN_POINT('',(0.3,7.05,0.5));
#1330=LINE('',#1331,#178);
#1331=CARTESIAN_POINT('',(0.777229299363,7.05,0.5));
#1332=ORIENTED_EDGE('',*,*,#1333,.F.);
#1333=EDGE_CURVE('',#1334,#1328,#1336,.T.);
#1334=VERTEX_POINT('',#1335);
#1335=CARTESIAN_POINT('',(0.3,-7.05,0.5));
#1336=LINE('',#1337,#150);
#1337=CARTESIAN_POINT('',(0.3,-7.15,0.5));
#1338=ORIENTED_EDGE('',*,*,#1339,.T.);
#1339=EDGE_CURVE('',#1334,#1340,#1342,.T.);
#1340=VERTEX_POINT('',#1341);
#1341=CARTESIAN_POINT('',(0.6,-7.05,0.5));
#1342=LINE('',#1343,#178);
#1343=CARTESIAN_POINT('',(0.777229299363,-7.05,0.5));
#1344=ORIENTED_EDGE('',*,*,#1345,.F.);
#1345=EDGE_CURVE('',#1346,#1340,#1348,.T.);
#1346=VERTEX_POINT('',#1347);
#1347=CARTESIAN_POINT('',(0.6,-6.5,0.5));
#1348=LINE('',#1347,#43);
#1349=ORIENTED_EDGE('',*,*,#1350,.F.);
#1350=EDGE_CURVE('',#1351,#1346,#1353,.T.);
#1351=VERTEX_POINT('',#1352);
#1352=CARTESIAN_POINT('',(1.7,-6.5,0.5));
#1353=LINE('',#1352,#95);
#1354=ORIENTED_EDGE('',*,*,#1355,.F.);
#1355=EDGE_CURVE('',#1356,#1351,#680,.T.);
#1356=VERTEX_POINT('',#1357);
#1357=CARTESIAN_POINT('',(1.7,-5.85,0.5));
#1358=ORIENTED_EDGE('',*,*,#1359,.F.);
#1359=EDGE_CURVE('',#1360,#1356,#1362,.T.);
#1360=VERTEX_POINT('',#1361);
#1361=CARTESIAN_POINT('',(1.6,-5.85,0.5));
#1362=LINE('',#1363,#178);
#1363=CARTESIAN_POINT('',(2.177229299363,-5.85,0.5));
#1364=ORIENTED_EDGE('',*,*,#1365,.F.);
#1365=EDGE_CURVE('',#1366,#1360,#1368,.T.);
#1366=VERTEX_POINT('',#1367);
#1367=CARTESIAN_POINT('',(1.6,-5.65,0.5));
#1368=LINE('',#1369,#43);
#1369=CARTESIAN_POINT('',(1.6,-2.925,0.5));
#1370=ORIENTED_EDGE('',*,*,#1371,.F.);
#1371=EDGE_CURVE('',#1372,#1366,#1374,.T.);
#1372=VERTEX_POINT('',#1373);
#1373=CARTESIAN_POINT('',(1.7,-5.65,0.5));
#1374=LINE('',#1375,#95);
#1375=CARTESIAN_POINT('',(1.277229299363,-5.65,0.5));
#1376=ORIENTED_EDGE('',*,*,#1377,.F.);
#1377=EDGE_CURVE('',#1378,#1372,#680,.T.);
#1378=VERTEX_POINT('',#1379);
#1379=CARTESIAN_POINT('',(1.7,-5.35,0.5));
#1380=ORIENTED_EDGE('',*,*,#1381,.F.);
#1381=EDGE_CURVE('',#1382,#1378,#1384,.T.);
#1382=VERTEX_POINT('',#1383);
#1383=CARTESIAN_POINT('',(1.6,-5.35,0.5));
#1384=LINE('',#1385,#178);
#1385=CARTESIAN_POINT('',(2.177229299363,-5.35,0.5));
#1386=ORIENTED_EDGE('',*,*,#1387,.F.);
#1387=EDGE_CURVE('',#1388,#1382,#1390,.T.);
#1388=VERTEX_POINT('',#1389);
#1389=CARTESIAN_POINT('',(1.6,-5.15,0.5));
#1390=LINE('',#1391,#43);
#1391=CARTESIAN_POINT('',(1.6,-2.675,0.5));
#1392=ORIENTED_EDGE('',*,*,#1393,.F.);
#1393=EDGE_CURVE('',#1394,#1388,#1396,.T.);
#1394=VERTEX_POINT('',#1395);
#1395=CARTESIAN_POINT('',(1.7,-5.15,0.5));
#1396=LINE('',#1397,#95);
#1397=CARTESIAN_POINT('',(1.277229299363,-5.15,0.5));
#1398=ORIENTED_EDGE('',*,*,#1399,.F.);
#1399=EDGE_CURVE('',#1400,#1394,#680,.T.);
#1400=VERTEX_POINT('',#1401);
#1401=CARTESIAN_POINT('',(1.7,-4.85,0.5));
#1402=ORIENTED_EDGE('',*,*,#1403,.F.);
#1403=EDGE_CURVE('',#1404,#1400,#1406,.T.);
#1404=VERTEX_POINT('',#1405);
#1405=CARTESIAN_POINT('',(1.6,-4.85,0.5));
#1406=LINE('',#1407,#178);
#1407=CARTESIAN_POINT('',(2.177229299363,-4.85,0.5));
#1408=ORIENTED_EDGE('',*,*,#1409,.F.);
#1409=EDGE_CURVE('',#1410,#1404,#1412,.T.);
#1410=VERTEX_POINT('',#1411);
#1411=CARTESIAN_POINT('',(1.6,-4.65,0.5));
#1412=LINE('',#1413,#43);
#1413=CARTESIAN_POINT('',(1.6,-2.425,0.5));
#1414=ORIENTED_EDGE('',*,*,#1415,.F.);
#1415=EDGE_CURVE('',#1416,#1410,#1418,.T.);
#1416=VERTEX_POINT('',#1417);
#1417=CARTESIAN_POINT('',(1.7,-4.65,0.5));
#1418=LINE('',#1419,#95);
#1419=CARTESIAN_POINT('',(1.277229299363,-4.65,0.5));
#1420=ORIENTED_EDGE('',*,*,#1421,.F.);
#1421=EDGE_CURVE('',#1422,#1416,#680,.T.);
#1422=VERTEX_POINT('',#1423);
#1423=CARTESIAN_POINT('',(1.7,-4.35,0.5));
#1424=ORIENTED_EDGE('',*,*,#1425,.F.);
#1425=EDGE_CURVE('',#1426,#1422,#1428,.T.);
#1426=VERTEX_POINT('',#1427);
#1427=CARTESIAN_POINT('',(1.6,-4.35,0.5));
#1428=LINE('',#1429,#178);
#1429=CARTESIAN_POINT('',(2.177229299363,-4.35,0.5));
#1430=ORIENTED_EDGE('',*,*,#1431,.F.);
#1431=EDGE_CURVE('',#1432,#1426,#1434,.T.);
#1432=VERTEX_POINT('',#1433);
#1433=CARTESIAN_POINT('',(1.6,-4.15,0.5));
#1434=LINE('',#1435,#43);
#1435=CARTESIAN_POINT('',(1.6,-2.175,0.5));
#1436=ORIENTED_EDGE('',*,*,#1437,.F.);
#1437=EDGE_CURVE('',#1438,#1432,#1440,.T.);
#1438=VERTEX_POINT('',#1439);
#1439=CARTESIAN_POINT('',(1.7,-4.15,0.5));
#1440=LINE('',#1441,#95);
#1441=CARTESIAN_POINT('',(1.277229299363,-4.15,0.5));
#1442=ORIENTED_EDGE('',*,*,#1443,.F.);
#1443=EDGE_CURVE('',#1444,#1438,#680,.T.);
#1444=VERTEX_POINT('',#1445);
#1445=CARTESIAN_POINT('',(1.7,-3.85,0.5));
#1446=ORIENTED_EDGE('',*,*,#1447,.F.);
#1447=EDGE_CURVE('',#1448,#1444,#1450,.T.);
#1448=VERTEX_POINT('',#1449);
#1449=CARTESIAN_POINT('',(1.6,-3.85,0.5));
#1450=LINE('',#1451,#178);
#1451=CARTESIAN_POINT('',(2.177229299363,-3.85,0.5));
#1452=ORIENTED_EDGE('',*,*,#1453,.F.);
#1453=EDGE_CURVE('',#1454,#1448,#1456,.T.);
#1454=VERTEX_POINT('',#1455);
#1455=CARTESIAN_POINT('',(1.6,-3.65,0.5));
#1456=LINE('',#1457,#43);
#1457=CARTESIAN_POINT('',(1.6,-1.925,0.5));
#1458=ORIENTED_EDGE('',*,*,#1459,.F.);
#1459=EDGE_CURVE('',#1460,#1454,#1462,.T.);
#1460=VERTEX_POINT('',#1461);
#1461=CARTESIAN_POINT('',(1.7,-3.65,0.5));
#1462=LINE('',#1463,#95);
#1463=CARTESIAN_POINT('',(1.277229299363,-3.65,0.5));
#1464=ORIENTED_EDGE('',*,*,#1465,.F.);
#1465=EDGE_CURVE('',#1466,#1460,#680,.T.);
#1466=VERTEX_POINT('',#1467);
#1467=CARTESIAN_POINT('',(1.7,-3.35,0.5));
#1468=ORIENTED_EDGE('',*,*,#1469,.F.);
#1469=EDGE_CURVE('',#1470,#1466,#1472,.T.);
#1470=VERTEX_POINT('',#1471);
#1471=CARTESIAN_POINT('',(1.6,-3.35,0.5));
#1472=LINE('',#1473,#178);
#1473=CARTESIAN_POINT('',(2.177229299363,-3.35,0.5));
#1474=ORIENTED_EDGE('',*,*,#1475,.F.);
#1475=EDGE_CURVE('',#1476,#1470,#1478,.T.);
#1476=VERTEX_POINT('',#1477);
#1477=CARTESIAN_POINT('',(1.6,-3.15,0.5));
#1478=LINE('',#1479,#43);
#1479=CARTESIAN_POINT('',(1.6,-1.675,0.5));
#1480=ORIENTED_EDGE('',*,*,#1481,.F.);
#1481=EDGE_CURVE('',#1482,#1476,#1484,.T.);
#1482=VERTEX_POINT('',#1483);
#1483=CARTESIAN_POINT('',(1.7,-3.15,0.5));
#1484=LINE('',#1485,#95);
#1485=CARTESIAN_POINT('',(1.277229299363,-3.15,0.5));
#1486=ORIENTED_EDGE('',*,*,#1487,.F.);
#1487=EDGE_CURVE('',#1488,#1482,#680,.T.);
#1488=VERTEX_POINT('',#1489);
#1489=CARTESIAN_POINT('',(1.7,-2.85,0.5));
#1490=ORIENTED_EDGE('',*,*,#1491,.F.);
#1491=EDGE_CURVE('',#1492,#1488,#1494,.T.);
#1492=VERTEX_POINT('',#1493);
#1493=CARTESIAN_POINT('',(1.6,-2.85,0.5));
#1494=LINE('',#1495,#178);
#1495=CARTESIAN_POINT('',(2.177229299363,-2.85,0.5));
#1496=ORIENTED_EDGE('',*,*,#1497,.F.);
#1497=EDGE_CURVE('',#1498,#1492,#1500,.T.);
#1498=VERTEX_POINT('',#1499);
#1499=CARTESIAN_POINT('',(1.6,-2.65,0.5));
#1500=LINE('',#1501,#43);
#1501=CARTESIAN_POINT('',(1.6,-1.425,0.5));
#1502=ORIENTED_EDGE('',*,*,#1503,.F.);
#1503=EDGE_CURVE('',#1504,#1498,#1506,.T.);
#1504=VERTEX_POINT('',#1505);
#1505=CARTESIAN_POINT('',(1.7,-2.65,0.5));
#1506=LINE('',#1507,#95);
#1507=CARTESIAN_POINT('',(1.277229299363,-2.65,0.5));
#1508=ORIENTED_EDGE('',*,*,#1509,.F.);
#1509=EDGE_CURVE('',#1510,#1504,#680,.T.);
#1510=VERTEX_POINT('',#1511);
#1511=CARTESIAN_POINT('',(1.7,-2.35,0.5));
#1512=ORIENTED_EDGE('',*,*,#1513,.F.);
#1513=EDGE_CURVE('',#1514,#1510,#1516,.T.);
#1514=VERTEX_POINT('',#1515);
#1515=CARTESIAN_POINT('',(1.6,-2.35,0.5));
#1516=LINE('',#1517,#178);
#1517=CARTESIAN_POINT('',(2.177229299363,-2.35,0.5));
#1518=ORIENTED_EDGE('',*,*,#1519,.F.);
#1519=EDGE_CURVE('',#1520,#1514,#1522,.T.);
#1520=VERTEX_POINT('',#1521);
#1521=CARTESIAN_POINT('',(1.6,-2.15,0.5));
#1522=LINE('',#1523,#43);
#1523=CARTESIAN_POINT('',(1.6,-1.175,0.5));
#1524=ORIENTED_EDGE('',*,*,#1525,.F.);
#1525=EDGE_CURVE('',#1526,#1520,#1528,.T.);
#1526=VERTEX_POINT('',#1527);
#1527=CARTESIAN_POINT('',(1.7,-2.15,0.5));
#1528=LINE('',#1529,#95);
#1529=CARTESIAN_POINT('',(1.277229299363,-2.15,0.5));
#1530=ORIENTED_EDGE('',*,*,#1531,.F.);
#1531=EDGE_CURVE('',#1532,#1526,#680,.T.);
#1532=VERTEX_POINT('',#1533);
#1533=CARTESIAN_POINT('',(1.7,-1.85,0.5));
#1534=ORIENTED_EDGE('',*,*,#1535,.F.);
#1535=EDGE_CURVE('',#1536,#1532,#1538,.T.);
#1536=VERTEX_POINT('',#1537);
#1537=CARTESIAN_POINT('',(1.6,-1.85,0.5));
#1538=LINE('',#1539,#178);
#1539=CARTESIAN_POINT('',(2.177229299363,-1.85,0.5));
#1540=ORIENTED_EDGE('',*,*,#1541,.F.);
#1541=EDGE_CURVE('',#1542,#1536,#1544,.T.);
#1542=VERTEX_POINT('',#1543);
#1543=CARTESIAN_POINT('',(1.6,-1.65,0.5));
#1544=LINE('',#1545,#43);
#1545=CARTESIAN_POINT('',(1.6,-0.925,0.5));
#1546=ORIENTED_EDGE('',*,*,#1547,.F.);
#1547=EDGE_CURVE('',#1548,#1542,#1550,.T.);
#1548=VERTEX_POINT('',#1549);
#1549=CARTESIAN_POINT('',(1.7,-1.65,0.5));
#1550=LINE('',#1551,#95);
#1551=CARTESIAN_POINT('',(1.277229299363,-1.65,0.5));
#1552=ORIENTED_EDGE('',*,*,#1553,.F.);
#1553=EDGE_CURVE('',#1554,#1548,#680,.T.);
#1554=VERTEX_POINT('',#1555);
#1555=CARTESIAN_POINT('',(1.7,-1.35,0.5));
#1556=ORIENTED_EDGE('',*,*,#1557,.F.);
#1557=EDGE_CURVE('',#1558,#1554,#1560,.T.);
#1558=VERTEX_POINT('',#1559);
#1559=CARTESIAN_POINT('',(1.6,-1.35,0.5));
#1560=LINE('',#1561,#178);
#1561=CARTESIAN_POINT('',(2.177229299363,-1.35,0.5));
#1562=ORIENTED_EDGE('',*,*,#1563,.F.);
#1563=EDGE_CURVE('',#1564,#1558,#1566,.T.);
#1564=VERTEX_POINT('',#1565);
#1565=CARTESIAN_POINT('',(1.6,-1.15,0.5));
#1566=LINE('',#1567,#43);
#1567=CARTESIAN_POINT('',(1.6,-0.675,0.5));
#1568=ORIENTED_EDGE('',*,*,#1569,.F.);
#1569=EDGE_CURVE('',#1570,#1564,#1572,.T.);
#1570=VERTEX_POINT('',#1571);
#1571=CARTESIAN_POINT('',(1.7,-1.15,0.5));
#1572=LINE('',#1573,#95);
#1573=CARTESIAN_POINT('',(1.277229299363,-1.15,0.5));
#1574=ORIENTED_EDGE('',*,*,#1575,.F.);
#1575=EDGE_CURVE('',#1576,#1570,#680,.T.);
#1576=VERTEX_POINT('',#1577);
#1577=CARTESIAN_POINT('',(1.7,-0.85,0.5));
#1578=ORIENTED_EDGE('',*,*,#1579,.F.);
#1579=EDGE_CURVE('',#1580,#1576,#1582,.T.);
#1580=VERTEX_POINT('',#1581);
#1581=CARTESIAN_POINT('',(1.6,-0.85,0.5));
#1582=LINE('',#1583,#178);
#1583=CARTESIAN_POINT('',(2.177229299363,-0.85,0.5));
#1584=ORIENTED_EDGE('',*,*,#1585,.F.);
#1585=EDGE_CURVE('',#1586,#1580,#1588,.T.);
#1586=VERTEX_POINT('',#1587);
#1587=CARTESIAN_POINT('',(1.6,-0.65,0.5));
#1588=LINE('',#1589,#43);
#1589=CARTESIAN_POINT('',(1.6,-0.425,0.5));
#1590=ORIENTED_EDGE('',*,*,#1591,.F.);
#1591=EDGE_CURVE('',#1592,#1586,#1594,.T.);
#1592=VERTEX_POINT('',#1593);
#1593=CARTESIAN_POINT('',(1.7,-0.65,0.5));
#1594=LINE('',#1595,#95);
#1595=CARTESIAN_POINT('',(1.277229299363,-0.65,0.5));
#1596=ORIENTED_EDGE('',*,*,#1597,.F.);
#1597=EDGE_CURVE('',#1598,#1592,#680,.T.);
#1598=VERTEX_POINT('',#1599);
#1599=CARTESIAN_POINT('',(1.7,-0.35,0.5));
#1600=ORIENTED_EDGE('',*,*,#1601,.F.);
#1601=EDGE_CURVE('',#1602,#1598,#1604,.T.);
#1602=VERTEX_POINT('',#1603);
#1603=CARTESIAN_POINT('',(1.6,-0.35,0.5));
#1604=LINE('',#1605,#178);
#1605=CARTESIAN_POINT('',(2.177229299363,-0.35,0.5));
#1606=ORIENTED_EDGE('',*,*,#1607,.F.);
#1607=EDGE_CURVE('',#1608,#1602,#1610,.T.);
#1608=VERTEX_POINT('',#1609);
#1609=CARTESIAN_POINT('',(1.6,-0.15,0.5));
#1610=LINE('',#1611,#43);
#1611=CARTESIAN_POINT('',(1.6,-0.175,0.5));
#1612=ORIENTED_EDGE('',*,*,#1613,.F.);
#1613=EDGE_CURVE('',#1614,#1608,#1616,.T.);
#1614=VERTEX_POINT('',#1615);
#1615=CARTESIAN_POINT('',(1.7,-0.15,0.5));
#1616=LINE('',#1617,#95);
#1617=CARTESIAN_POINT('',(1.277229299363,-0.15,0.5));
#1618=ORIENTED_EDGE('',*,*,#1619,.F.);
#1619=EDGE_CURVE('',#1620,#1614,#680,.T.);
#1620=VERTEX_POINT('',#1621);
#1621=CARTESIAN_POINT('',(1.7,0.15,0.5));
#1622=ORIENTED_EDGE('',*,*,#1623,.F.);
#1623=EDGE_CURVE('',#1624,#1620,#1626,.T.);
#1624=VERTEX_POINT('',#1625);
#1625=CARTESIAN_POINT('',(1.6,0.15,0.5));
#1626=LINE('',#1627,#178);
#1627=CARTESIAN_POINT('',(2.177229299363,0.15,0.5));
#1628=ORIENTED_EDGE('',*,*,#1629,.F.);
#1629=EDGE_CURVE('',#1630,#1624,#1632,.T.);
#1630=VERTEX_POINT('',#1631);
#1631=CARTESIAN_POINT('',(1.6,0.35,0.5));
#1632=LINE('',#1633,#43);
#1633=CARTESIAN_POINT('',(1.6,7.5E-02,0.5));
#1634=ORIENTED_EDGE('',*,*,#1635,.F.);
#1635=EDGE_CURVE('',#1636,#1630,#1638,.T.);
#1636=VERTEX_POINT('',#1637);
#1637=CARTESIAN_POINT('',(1.7,0.35,0.5));
#1638=LINE('',#1639,#95);
#1639=CARTESIAN_POINT('',(1.277229299363,0.35,0.5));
#1640=ORIENTED_EDGE('',*,*,#1641,.F.);
#1641=EDGE_CURVE('',#1642,#1636,#680,.T.);
#1642=VERTEX_POINT('',#1643);
#1643=CARTESIAN_POINT('',(1.7,0.65,0.5));
#1644=ORIENTED_EDGE('',*,*,#1645,.F.);
#1645=EDGE_CURVE('',#1646,#1642,#1648,.T.);
#1646=VERTEX_POINT('',#1647);
#1647=CARTESIAN_POINT('',(1.6,0.65,0.5));
#1648=LINE('',#1649,#178);
#1649=CARTESIAN_POINT('',(2.177229299363,0.65,0.5));
#1650=ORIENTED_EDGE('',*,*,#1651,.F.);
#1651=EDGE_CURVE('',#1652,#1646,#1654,.T.);
#1652=VERTEX_POINT('',#1653);
#1653=CARTESIAN_POINT('',(1.6,0.85,0.5));
#1654=LINE('',#1655,#43);
#1655=CARTESIAN_POINT('',(1.6,0.325,0.5));
#1656=ORIENTED_EDGE('',*,*,#1657,.F.);
#1657=EDGE_CURVE('',#1658,#1652,#1660,.T.);
#1658=VERTEX_POINT('',#1659);
#1659=CARTESIAN_POINT('',(1.7,0.85,0.5));
#1660=LINE('',#1661,#95);
#1661=CARTESIAN_POINT('',(1.277229299363,0.85,0.5));
#1662=ORIENTED_EDGE('',*,*,#1663,.F.);
#1663=EDGE_CURVE('',#1664,#1658,#680,.T.);
#1664=VERTEX_POINT('',#1665);
#1665=CARTESIAN_POINT('',(1.7,1.15,0.5));
#1666=ORIENTED_EDGE('',*,*,#1667,.F.);
#1667=EDGE_CURVE('',#1668,#1664,#1670,.T.);
#1668=VERTEX_POINT('',#1669);
#1669=CARTESIAN_POINT('',(1.6,1.15,0.5));
#1670=LINE('',#1671,#178);
#1671=CARTESIAN_POINT('',(2.177229299363,1.15,0.5));
#1672=ORIENTED_EDGE('',*,*,#1673,.F.);
#1673=EDGE_CURVE('',#1674,#1668,#1676,.T.);
#1674=VERTEX_POINT('',#1675);
#1675=CARTESIAN_POINT('',(1.6,1.35,0.5));
#1676=LINE('',#1677,#43);
#1677=CARTESIAN_POINT('',(1.6,0.575,0.5));
#1678=ORIENTED_EDGE('',*,*,#1679,.F.);
#1679=EDGE_CURVE('',#1680,#1674,#1682,.T.);
#1680=VERTEX_POINT('',#1681);
#1681=CARTESIAN_POINT('',(1.7,1.35,0.5));
#1682=LINE('',#1683,#95);
#1683=CARTESIAN_POINT('',(1.277229299363,1.35,0.5));
#1684=ORIENTED_EDGE('',*,*,#1685,.F.);
#1685=EDGE_CURVE('',#1686,#1680,#680,.T.);
#1686=VERTEX_POINT('',#1687);
#1687=CARTESIAN_POINT('',(1.7,1.65,0.5));
#1688=ORIENTED_EDGE('',*,*,#1689,.F.);
#1689=EDGE_CURVE('',#1690,#1686,#1692,.T.);
#1690=VERTEX_POINT('',#1691);
#1691=CARTESIAN_POINT('',(1.6,1.65,0.5));
#1692=LINE('',#1693,#178);
#1693=CARTESIAN_POINT('',(2.177229299363,1.65,0.5));
#1694=ORIENTED_EDGE('',*,*,#1695,.F.);
#1695=EDGE_CURVE('',#1696,#1690,#1698,.T.);
#1696=VERTEX_POINT('',#1697);
#1697=CARTESIAN_POINT('',(1.6,1.85,0.5));
#1698=LINE('',#1699,#43);
#1699=CARTESIAN_POINT('',(1.6,0.825,0.5));
#1700=ORIENTED_EDGE('',*,*,#1701,.F.);
#1701=EDGE_CURVE('',#1702,#1696,#1704,.T.);
#1702=VERTEX_POINT('',#1703);
#1703=CARTESIAN_POINT('',(1.7,1.85,0.5));
#1704=LINE('',#1705,#95);
#1705=CARTESIAN_POINT('',(1.277229299363,1.85,0.5));
#1706=ORIENTED_EDGE('',*,*,#1707,.F.);
#1707=EDGE_CURVE('',#1708,#1702,#680,.T.);
#1708=VERTEX_POINT('',#1709);
#1709=CARTESIAN_POINT('',(1.7,2.15,0.5));
#1710=ORIENTED_EDGE('',*,*,#1711,.F.);
#1711=EDGE_CURVE('',#1712,#1708,#1714,.T.);
#1712=VERTEX_POINT('',#1713);
#1713=CARTESIAN_POINT('',(1.6,2.15,0.5));
#1714=LINE('',#1715,#178);
#1715=CARTESIAN_POINT('',(2.177229299363,2.15,0.5));
#1716=ORIENTED_EDGE('',*,*,#1717,.F.);
#1717=EDGE_CURVE('',#1718,#1712,#1720,.T.);
#1718=VERTEX_POINT('',#1719);
#1719=CARTESIAN_POINT('',(1.6,2.35,0.5));
#1720=LINE('',#1721,#43);
#1721=CARTESIAN_POINT('',(1.6,1.075,0.5));
#1722=ORIENTED_EDGE('',*,*,#1723,.F.);
#1723=EDGE_CURVE('',#1724,#1718,#1726,.T.);
#1724=VERTEX_POINT('',#1725);
#1725=CARTESIAN_POINT('',(1.7,2.35,0.5));
#1726=LINE('',#1727,#95);
#1727=CARTESIAN_POINT('',(1.277229299363,2.35,0.5));
#1728=ORIENTED_EDGE('',*,*,#1729,.F.);
#1729=EDGE_CURVE('',#1730,#1724,#680,.T.);
#1730=VERTEX_POINT('',#1731);
#1731=CARTESIAN_POINT('',(1.7,2.65,0.5));
#1732=ORIENTED_EDGE('',*,*,#1733,.F.);
#1733=EDGE_CURVE('',#1734,#1730,#1736,.T.);
#1734=VERTEX_POINT('',#1735);
#1735=CARTESIAN_POINT('',(1.6,2.65,0.5));
#1736=LINE('',#1737,#178);
#1737=CARTESIAN_POINT('',(2.177229299363,2.65,0.5));
#1738=ORIENTED_EDGE('',*,*,#1739,.F.);
#1739=EDGE_CURVE('',#1740,#1734,#1742,.T.);
#1740=VERTEX_POINT('',#1741);
#1741=CARTESIAN_POINT('',(1.6,2.85,0.5));
#1742=LINE('',#1743,#43);
#1743=CARTESIAN_POINT('',(1.6,1.325,0.5));
#1744=ORIENTED_EDGE('',*,*,#1745,.F.);
#1745=EDGE_CURVE('',#1746,#1740,#1748,.T.);
#1746=VERTEX_POINT('',#1747);
#1747=CARTESIAN_POINT('',(1.7,2.85,0.5));
#1748=LINE('',#1749,#95);
#1749=CARTESIAN_POINT('',(1.277229299363,2.85,0.5));
#1750=ORIENTED_EDGE('',*,*,#1751,.F.);
#1751=EDGE_CURVE('',#1752,#1746,#680,.T.);
#1752=VERTEX_POINT('',#1753);
#1753=CARTESIAN_POINT('',(1.7,3.15,0.5));
#1754=ORIENTED_EDGE('',*,*,#1755,.F.);
#1755=EDGE_CURVE('',#1756,#1752,#1758,.T.);
#1756=VERTEX_POINT('',#1757);
#1757=CARTESIAN_POINT('',(1.6,3.15,0.5));
#1758=LINE('',#1759,#178);
#1759=CARTESIAN_POINT('',(2.177229299363,3.15,0.5));
#1760=ORIENTED_EDGE('',*,*,#1761,.F.);
#1761=EDGE_CURVE('',#1762,#1756,#1764,.T.);
#1762=VERTEX_POINT('',#1763);
#1763=CARTESIAN_POINT('',(1.6,3.35,0.5));
#1764=LINE('',#1765,#43);
#1765=CARTESIAN_POINT('',(1.6,1.575,0.5));
#1766=ORIENTED_EDGE('',*,*,#1767,.F.);
#1767=EDGE_CURVE('',#1768,#1762,#1770,.T.);
#1768=VERTEX_POINT('',#1769);
#1769=CARTESIAN_POINT('',(1.7,3.35,0.5));
#1770=LINE('',#1771,#95);
#1771=CARTESIAN_POINT('',(1.277229299363,3.35,0.5));
#1772=ORIENTED_EDGE('',*,*,#1773,.F.);
#1773=EDGE_CURVE('',#1774,#1768,#680,.T.);
#1774=VERTEX_POINT('',#1775);
#1775=CARTESIAN_POINT('',(1.7,3.65,0.5));
#1776=ORIENTED_EDGE('',*,*,#1777,.F.);
#1777=EDGE_CURVE('',#1778,#1774,#1780,.T.);
#1778=VERTEX_POINT('',#1779);
#1779=CARTESIAN_POINT('',(1.6,3.65,0.5));
#1780=LINE('',#1781,#178);
#1781=CARTESIAN_POINT('',(2.177229299363,3.65,0.5));
#1782=ORIENTED_EDGE('',*,*,#1783,.F.);
#1783=EDGE_CURVE('',#1784,#1778,#1786,.T.);
#1784=VERTEX_POINT('',#1785);
#1785=CARTESIAN_POINT('',(1.6,3.85,0.5));
#1786=LINE('',#1787,#43);
#1787=CARTESIAN_POINT('',(1.6,1.825,0.5));
#1788=ORIENTED_EDGE('',*,*,#1789,.F.);
#1789=EDGE_CURVE('',#1790,#1784,#1792,.T.);
#1790=VERTEX_POINT('',#1791);
#1791=CARTESIAN_POINT('',(1.7,3.85,0.5));
#1792=LINE('',#1793,#95);
#1793=CARTESIAN_POINT('',(1.277229299363,3.85,0.5));
#1794=ORIENTED_EDGE('',*,*,#1795,.F.);
#1795=EDGE_CURVE('',#1796,#1790,#680,.T.);
#1796=VERTEX_POINT('',#1797);
#1797=CARTESIAN_POINT('',(1.7,4.15,0.5));
#1798=ORIENTED_EDGE('',*,*,#1799,.F.);
#1799=EDGE_CURVE('',#1800,#1796,#1802,.T.);
#1800=VERTEX_POINT('',#1801);
#1801=CARTESIAN_POINT('',(1.6,4.15,0.5));
#1802=LINE('',#1803,#178);
#1803=CARTESIAN_POINT('',(2.177229299363,4.15,0.5));
#1804=ORIENTED_EDGE('',*,*,#1805,.F.);
#1805=EDGE_CURVE('',#1806,#1800,#1808,.T.);
#1806=VERTEX_POINT('',#1807);
#1807=CARTESIAN_POINT('',(1.6,4.35,0.5));
#1808=LINE('',#1809,#43);
#1809=CARTESIAN_POINT('',(1.6,2.075,0.5));
#1810=ORIENTED_EDGE('',*,*,#1811,.F.);
#1811=EDGE_CURVE('',#1812,#1806,#1814,.T.);
#1812=VERTEX_POINT('',#1813);
#1813=CARTESIAN_POINT('',(1.7,4.35,0.5));
#1814=LINE('',#1815,#95);
#1815=CARTESIAN_POINT('',(1.277229299363,4.35,0.5));
#1816=ORIENTED_EDGE('',*,*,#1817,.F.);
#1817=EDGE_CURVE('',#1818,#1812,#680,.T.);
#1818=VERTEX_POINT('',#1819);
#1819=CARTESIAN_POINT('',(1.7,4.65,0.5));
#1820=ORIENTED_EDGE('',*,*,#1821,.F.);
#1821=EDGE_CURVE('',#1822,#1818,#1824,.T.);
#1822=VERTEX_POINT('',#1823);
#1823=CARTESIAN_POINT('',(1.6,4.65,0.5));
#1824=LINE('',#1825,#178);
#1825=CARTESIAN_POINT('',(2.177229299363,4.65,0.5));
#1826=ORIENTED_EDGE('',*,*,#1827,.F.);
#1827=EDGE_CURVE('',#1828,#1822,#1830,.T.);
#1828=VERTEX_POINT('',#1829);
#1829=CARTESIAN_POINT('',(1.6,4.85,0.5));
#1830=LINE('',#1831,#43);
#1831=CARTESIAN_POINT('',(1.6,2.325,0.5));
#1832=ORIENTED_EDGE('',*,*,#1833,.F.);
#1833=EDGE_CURVE('',#1834,#1828,#1836,.T.);
#1834=VERTEX_POINT('',#1835);
#1835=CARTESIAN_POINT('',(1.7,4.85,0.5));
#1836=LINE('',#1837,#95);
#1837=CARTESIAN_POINT('',(1.277229299363,4.85,0.5));
#1838=ORIENTED_EDGE('',*,*,#1839,.F.);
#1839=EDGE_CURVE('',#1840,#1834,#680,.T.);
#1840=VERTEX_POINT('',#1841);
#1841=CARTESIAN_POINT('',(1.7,5.15,0.5));
#1842=ORIENTED_EDGE('',*,*,#1843,.F.);
#1843=EDGE_CURVE('',#1844,#1840,#1846,.T.);
#1844=VERTEX_POINT('',#1845);
#1845=CARTESIAN_POINT('',(1.6,5.15,0.5));
#1846=LINE('',#1847,#178);
#1847=CARTESIAN_POINT('',(2.177229299363,5.15,0.5));
#1848=ORIENTED_EDGE('',*,*,#1849,.F.);
#1849=EDGE_CURVE('',#1850,#1844,#1852,.T.);
#1850=VERTEX_POINT('',#1851);
#1851=CARTESIAN_POINT('',(1.6,5.35,0.5));
#1852=LINE('',#1853,#43);
#1853=CARTESIAN_POINT('',(1.6,2.575,0.5));
#1854=ORIENTED_EDGE('',*,*,#1855,.F.);
#1855=EDGE_CURVE('',#1856,#1850,#1858,.T.);
#1856=VERTEX_POINT('',#1857);
#1857=CARTESIAN_POINT('',(1.7,5.35,0.5));
#1858=LINE('',#1859,#95);
#1859=CARTESIAN_POINT('',(1.277229299363,5.35,0.5));
#1860=ORIENTED_EDGE('',*,*,#1861,.F.);
#1861=EDGE_CURVE('',#1862,#1856,#680,.T.);
#1862=VERTEX_POINT('',#1863);
#1863=CARTESIAN_POINT('',(1.7,5.65,0.5));
#1864=ORIENTED_EDGE('',*,*,#1865,.F.);
#1865=EDGE_CURVE('',#1866,#1862,#1868,.T.);
#1866=VERTEX_POINT('',#1867);
#1867=CARTESIAN_POINT('',(1.6,5.65,0.5));
#1868=LINE('',#1869,#178);
#1869=CARTESIAN_POINT('',(2.177229299363,5.65,0.5));
#1870=ORIENTED_EDGE('',*,*,#1871,.F.);
#1871=EDGE_CURVE('',#1274,#1866,#1872,.T.);
#1872=LINE('',#1873,#43);
#1873=CARTESIAN_POINT('',(1.6,2.825,0.5));
#1874=ORIENTED_EDGE('',*,*,#1273,.F.);
#1875=PLANE('',#1876);
#1876=AXIS2_PLACEMENT_3D('',#1877,#13,#14);
#1877=CARTESIAN_POINT('',(0.954458598726,-5.940046755956E-16,0.5));
#1878=ADVANCED_FACE('',(#1879),#1886,.T.);
#1879=FACE_BOUND('',#1880,.T.);
#1880=EDGE_LOOP('',(#1881,#1884,#1885,#690));
#1881=ORIENTED_EDGE('',*,*,#1882,.T.);
#1882=EDGE_CURVE('',#692,#1317,#1883,.T.);
#1883=LINE('',#693,#50);
#1884=ORIENTED_EDGE('',*,*,#1316,.T.);
#1885=ORIENTED_EDGE('',*,*,#672,.F.);
#1886=PLANE('',#1887);
#1887=AXIS2_PLACEMENT_3D('',#693,#17,#14);
#1888=ADVANCED_FACE('',(#1889),#1900,.T.);
#1889=FACE_BOUND('',#1890,.T.);
#1890=EDGE_LOOP('',(#1891,#1896,#1245,#1899));
#1891=ORIENTED_EDGE('',*,*,#1892,.F.);
#1892=EDGE_CURVE('',#1893,#1263,#1895,.T.);
#1893=VERTEX_POINT('',#1894);
#1894=CARTESIAN_POINT('',(1.6,5.65,0.));
#1895=LINE('',#1894,#150);
#1896=ORIENTED_EDGE('',*,*,#1897,.T.);
#1897=EDGE_CURVE('',#1893,#1241,#1898,.T.);
#1898=LINE('',#1894,#50);
#1899=ORIENTED_EDGE('',*,*,#1269,.F.);
#1900=PLANE('',#1901);
#1901=AXIS2_PLACEMENT_3D('',#1894,#96,#17);
#1902=ADVANCED_FACE('',(#1903),#1948,.T.);
#1903=FACE_BOUND('',#1904,.T.);
#1904=EDGE_LOOP('',(#1905,#1910,#1915,#1921,#1928,#1934,#1940,#1942,#1943,#1239,#1947));
#1905=ORIENTED_EDGE('',*,*,#1906,.F.);
#1906=EDGE_CURVE('',#1907,#1893,#1909,.T.);
#1907=VERTEX_POINT('',#1908);
#1908=CARTESIAN_POINT('',(3.4,5.65,0.));
#1909=LINE('',#1908,#95);
#1910=ORIENTED_EDGE('',*,*,#1911,.T.);
#1911=EDGE_CURVE('',#1907,#1912,#1914,.T.);
#1912=VERTEX_POINT('',#1913);
#1913=CARTESIAN_POINT('',(3.4,5.65,0.3));
#1914=LINE('',#1908,#50);
#1915=ORIENTED_EDGE('',*,*,#1916,.T.);
#1916=EDGE_CURVE('',#1912,#1917,#1919,.T.);
#1917=VERTEX_POINT('',#1918);
#1918=CARTESIAN_POINT('',(2.9,5.65,0.3));
#1919=LINE('',#1920,#95);
#1920=CARTESIAN_POINT('',(3.95,5.65,0.3));
#1921=ORIENTED_EDGE('',*,*,#1922,.F.);
#1922=EDGE_CURVE('',#1923,#1917,#1925,.T.);
#1923=VERTEX_POINT('',#1924);
#1924=CARTESIAN_POINT('',(2.7,5.65,0.5));
#1925=CIRCLE('',#1926,0.2);
#1926=AXIS2_PLACEMENT_3D('',#1927,#44,#14);
#1927=CARTESIAN_POINT('',(2.9,5.65,0.5));
#1928=ORIENTED_EDGE('',*,*,#1929,.T.);
#1929=EDGE_CURVE('',#1923,#1930,#1932,.T.);
#1930=VERTEX_POINT('',#1931);
#1931=CARTESIAN_POINT('',(2.7,5.65,1.8));
#1932=LINE('',#1933,#50);
#1933=CARTESIAN_POINT('',(2.7,5.65,0.25));
#1934=ORIENTED_EDGE('',*,*,#1935,.T.);
#1935=EDGE_CURVE('',#1930,#1936,#1938,.T.);
#1936=VERTEX_POINT('',#1937);
#1937=CARTESIAN_POINT('',(1.6,5.65,1.8));
#1938=LINE('',#1939,#95);
#1939=CARTESIAN_POINT('',(3.4,5.65,1.8));
#1940=ORIENTED_EDGE('',*,*,#1941,.F.);
#1941=EDGE_CURVE('',#1866,#1936,#1898,.T.);
#1942=ORIENTED_EDGE('',*,*,#1865,.T.);
#1943=ORIENTED_EDGE('',*,*,#1944,.T.);
#1944=EDGE_CURVE('',#1862,#1237,#1945,.T.);
#1945=LINE('',#1946,#63);
#1946=CARTESIAN_POINT('',(1.7,5.65,0.1));
#1947=ORIENTED_EDGE('',*,*,#1897,.F.);
#1948=PLANE('',#1949);
#1949=AXIS2_PLACEMENT_3D('',#1908,#44,#96);
#1950=ADVANCED_FACE('',(#1951),#685,.T.);
#1951=FACE_BOUND('',#1952,.T.);
#1952=EDGE_LOOP('',(#1235,#1953,#1954,#1955));
#1953=ORIENTED_EDGE('',*,*,#1944,.F.);
#1954=ORIENTED_EDGE('',*,*,#1861,.T.);
#1955=ORIENTED_EDGE('',*,*,#1956,.F.);
#1956=EDGE_CURVE('',#1231,#1856,#1957,.T.);
#1957=LINE('',#1958,#50);
#1958=CARTESIAN_POINT('',(1.7,5.35,0.1));
#1959=ADVANCED_FACE('',(#1960),#2005,.T.);
#1960=FACE_BOUND('',#1961,.T.);
#1961=EDGE_LOOP('',(#1962,#1969,#1229,#1972,#1973,#1974,#1978,#1983,#1989,#1996,#2002));
#1962=ORIENTED_EDGE('',*,*,#1963,.F.);
#1963=EDGE_CURVE('',#1964,#1966,#1968,.T.);
#1964=VERTEX_POINT('',#1965);
#1965=CARTESIAN_POINT('',(1.6,5.35,5.551115123126E-17));
#1966=VERTEX_POINT('',#1967);
#1967=CARTESIAN_POINT('',(3.4,5.35,5.551115123126E-17));
#1968=LINE('',#1965,#178);
#1969=ORIENTED_EDGE('',*,*,#1970,.T.);
#1970=EDGE_CURVE('',#1964,#1225,#1971,.T.);
#1971=LINE('',#1965,#50);
#1972=ORIENTED_EDGE('',*,*,#1956,.T.);
#1973=ORIENTED_EDGE('',*,*,#1855,.T.);
#1974=ORIENTED_EDGE('',*,*,#1975,.T.);
#1975=EDGE_CURVE('',#1850,#1976,#1971,.T.);
#1976=VERTEX_POINT('',#1977);
#1977=CARTESIAN_POINT('',(1.6,5.35,1.8));
#1978=ORIENTED_EDGE('',*,*,#1979,.T.);
#1979=EDGE_CURVE('',#1976,#1980,#1982,.T.);
#1980=VERTEX_POINT('',#1981);
#1981=CARTESIAN_POINT('',(2.7,5.35,1.8));
#1982=LINE('',#1977,#178);
#1983=ORIENTED_EDGE('',*,*,#1984,.T.);
#1984=EDGE_CURVE('',#1980,#1985,#1987,.T.);
#1985=VERTEX_POINT('',#1986);
#1986=CARTESIAN_POINT('',(2.7,5.35,0.5));
#1987=LINE('',#1988,#63);
#1988=CARTESIAN_POINT('',(2.7,5.35,0.25));
#1989=ORIENTED_EDGE('',*,*,#1990,.T.);
#1990=EDGE_CURVE('',#1985,#1991,#1993,.T.);
#1991=VERTEX_POINT('',#1992);
#1992=CARTESIAN_POINT('',(2.9,5.35,0.3));
#1993=CIRCLE('',#1994,0.2);
#1994=AXIS2_PLACEMENT_3D('',#1995,#44,#14);
#1995=CARTESIAN_POINT('',(2.9,5.35,0.5));
#1996=ORIENTED_EDGE('',*,*,#1997,.T.);
#1997=EDGE_CURVE('',#1991,#1998,#2000,.T.);
#1998=VERTEX_POINT('',#1999);
#1999=CARTESIAN_POINT('',(3.4,5.35,0.3));
#2000=LINE('',#2001,#178);
#2001=CARTESIAN_POINT('',(3.05,5.35,0.3));
#2002=ORIENTED_EDGE('',*,*,#2003,.F.);
#2003=EDGE_CURVE('',#1966,#1998,#2004,.T.);
#2004=LINE('',#1967,#50);
#2005=PLANE('',#2006);
#2006=AXIS2_PLACEMENT_3D('',#1965,#17,#14);
#2007=ADVANCED_FACE('',(#2008),#2019,.T.);
#2008=FACE_BOUND('',#2009,.T.);
#2009=EDGE_LOOP('',(#2010,#2015,#1223,#2018));
#2010=ORIENTED_EDGE('',*,*,#2011,.F.);
#2011=EDGE_CURVE('',#2012,#1964,#2014,.T.);
#2012=VERTEX_POINT('',#2013);
#2013=CARTESIAN_POINT('',(1.6,5.15,5.551115123126E-17));
#2014=LINE('',#2013,#150);
#2015=ORIENTED_EDGE('',*,*,#2016,.T.);
#2016=EDGE_CURVE('',#2012,#1219,#2017,.T.);
#2017=LINE('',#2013,#50);
#2018=ORIENTED_EDGE('',*,*,#1970,.F.);
#2019=PLANE('',#2020);
#2020=AXIS2_PLACEMENT_3D('',#2013,#96,#17);
#2021=ADVANCED_FACE('',(#2022),#2067,.T.);
#2022=FACE_BOUND('',#2023,.T.);
#2023=EDGE_LOOP('',(#2024,#2029,#2034,#2040,#2047,#2053,#2059,#2061,#2062,#1217,#2066));
#2024=ORIENTED_EDGE('',*,*,#2025,.F.);
#2025=EDGE_CURVE('',#2026,#2012,#2028,.T.);
#2026=VERTEX_POINT('',#2027);
#2027=CARTESIAN_POINT('',(3.4,5.15,5.551115123126E-17));
#2028=LINE('',#2027,#95);
#2029=ORIENTED_EDGE('',*,*,#2030,.T.);
#2030=EDGE_CURVE('',#2026,#2031,#2033,.T.);
#2031=VERTEX_POINT('',#2032);
#2032=CARTESIAN_POINT('',(3.4,5.15,0.3));
#2033=LINE('',#2027,#50);
#2034=ORIENTED_EDGE('',*,*,#2035,.T.);
#2035=EDGE_CURVE('',#2031,#2036,#2038,.T.);
#2036=VERTEX_POINT('',#2037);
#2037=CARTESIAN_POINT('',(2.9,5.15,0.3));
#2038=LINE('',#2039,#95);
#2039=CARTESIAN_POINT('',(3.95,5.15,0.3));
#2040=ORIENTED_EDGE('',*,*,#2041,.F.);
#2041=EDGE_CURVE('',#2042,#2036,#2044,.T.);
#2042=VERTEX_POINT('',#2043);
#2043=CARTESIAN_POINT('',(2.7,5.15,0.5));
#2044=CIRCLE('',#2045,0.2);
#2045=AXIS2_PLACEMENT_3D('',#2046,#44,#14);
#2046=CARTESIAN_POINT('',(2.9,5.15,0.5));
#2047=ORIENTED_EDGE('',*,*,#2048,.T.);
#2048=EDGE_CURVE('',#2042,#2049,#2051,.T.);
#2049=VERTEX_POINT('',#2050);
#2050=CARTESIAN_POINT('',(2.7,5.15,1.8));
#2051=LINE('',#2052,#50);
#2052=CARTESIAN_POINT('',(2.7,5.15,0.25));
#2053=ORIENTED_EDGE('',*,*,#2054,.T.);
#2054=EDGE_CURVE('',#2049,#2055,#2057,.T.);
#2055=VERTEX_POINT('',#2056);
#2056=CARTESIAN_POINT('',(1.6,5.15,1.8));
#2057=LINE('',#2058,#95);
#2058=CARTESIAN_POINT('',(3.4,5.15,1.8));
#2059=ORIENTED_EDGE('',*,*,#2060,.F.);
#2060=EDGE_CURVE('',#1844,#2055,#2017,.T.);
#2061=ORIENTED_EDGE('',*,*,#1843,.T.);
#2062=ORIENTED_EDGE('',*,*,#2063,.T.);
#2063=EDGE_CURVE('',#1840,#1215,#2064,.T.);
#2064=LINE('',#2065,#63);
#2065=CARTESIAN_POINT('',(1.7,5.15,0.1));
#2066=ORIENTED_EDGE('',*,*,#2016,.F.);
#2067=PLANE('',#2068);
#2068=AXIS2_PLACEMENT_3D('',#2027,#44,#96);
#2069=ADVANCED_FACE('',(#2070),#685,.T.);
#2070=FACE_BOUND('',#2071,.T.);
#2071=EDGE_LOOP('',(#1213,#2072,#2073,#2074));
#2072=ORIENTED_EDGE('',*,*,#2063,.F.);
#2073=ORIENTED_EDGE('',*,*,#1839,.T.);
#2074=ORIENTED_EDGE('',*,*,#2075,.F.);
#2075=EDGE_CURVE('',#1209,#1834,#2076,.T.);
#2076=LINE('',#2077,#50);
#2077=CARTESIAN_POINT('',(1.7,4.85,0.1));
#2078=ADVANCED_FACE('',(#2079),#2124,.T.);
#2079=FACE_BOUND('',#2080,.T.);
#2080=EDGE_LOOP('',(#2081,#2088,#1207,#2091,#2092,#2093,#2097,#2102,#2108,#2115,#2121));
#2081=ORIENTED_EDGE('',*,*,#2082,.F.);
#2082=EDGE_CURVE('',#2083,#2085,#2087,.T.);
#2083=VERTEX_POINT('',#2084);
#2084=CARTESIAN_POINT('',(1.6,4.85,1.110223024625E-16));
#2085=VERTEX_POINT('',#2086);
#2086=CARTESIAN_POINT('',(3.4,4.85,1.110223024625E-16));
#2087=LINE('',#2084,#178);
#2088=ORIENTED_EDGE('',*,*,#2089,.T.);
#2089=EDGE_CURVE('',#2083,#1203,#2090,.T.);
#2090=LINE('',#2084,#50);
#2091=ORIENTED_EDGE('',*,*,#2075,.T.);
#2092=ORIENTED_EDGE('',*,*,#1833,.T.);
#2093=ORIENTED_EDGE('',*,*,#2094,.T.);
#2094=EDGE_CURVE('',#1828,#2095,#2090,.T.);
#2095=VERTEX_POINT('',#2096);
#2096=CARTESIAN_POINT('',(1.6,4.85,1.8));
#2097=ORIENTED_EDGE('',*,*,#2098,.T.);
#2098=EDGE_CURVE('',#2095,#2099,#2101,.T.);
#2099=VERTEX_POINT('',#2100);
#2100=CARTESIAN_POINT('',(2.7,4.85,1.8));
#2101=LINE('',#2096,#178);
#2102=ORIENTED_EDGE('',*,*,#2103,.T.);
#2103=EDGE_CURVE('',#2099,#2104,#2106,.T.);
#2104=VERTEX_POINT('',#2105);
#2105=CARTESIAN_POINT('',(2.7,4.85,0.5));
#2106=LINE('',#2107,#63);
#2107=CARTESIAN_POINT('',(2.7,4.85,0.25));
#2108=ORIENTED_EDGE('',*,*,#2109,.T.);
#2109=EDGE_CURVE('',#2104,#2110,#2112,.T.);
#2110=VERTEX_POINT('',#2111);
#2111=CARTESIAN_POINT('',(2.9,4.85,0.3));
#2112=CIRCLE('',#2113,0.2);
#2113=AXIS2_PLACEMENT_3D('',#2114,#44,#14);
#2114=CARTESIAN_POINT('',(2.9,4.85,0.5));
#2115=ORIENTED_EDGE('',*,*,#2116,.T.);
#2116=EDGE_CURVE('',#2110,#2117,#2119,.T.);
#2117=VERTEX_POINT('',#2118);
#2118=CARTESIAN_POINT('',(3.4,4.85,0.3));
#2119=LINE('',#2120,#178);
#2120=CARTESIAN_POINT('',(3.05,4.85,0.3));
#2121=ORIENTED_EDGE('',*,*,#2122,.F.);
#2122=EDGE_CURVE('',#2085,#2117,#2123,.T.);
#2123=LINE('',#2086,#50);
#2124=PLANE('',#2125);
#2125=AXIS2_PLACEMENT_3D('',#2084,#17,#14);
#2126=ADVANCED_FACE('',(#2127),#2138,.T.);
#2127=FACE_BOUND('',#2128,.T.);
#2128=EDGE_LOOP('',(#2129,#2134,#1201,#2137));
#2129=ORIENTED_EDGE('',*,*,#2130,.F.);
#2130=EDGE_CURVE('',#2131,#2083,#2133,.T.);
#2131=VERTEX_POINT('',#2132);
#2132=CARTESIAN_POINT('',(1.6,4.65,1.110223024625E-16));
#2133=LINE('',#2132,#150);
#2134=ORIENTED_EDGE('',*,*,#2135,.T.);
#2135=EDGE_CURVE('',#2131,#1197,#2136,.T.);
#2136=LINE('',#2132,#50);
#2137=ORIENTED_EDGE('',*,*,#2089,.F.);
#2138=PLANE('',#2139);
#2139=AXIS2_PLACEMENT_3D('',#2132,#96,#17);
#2140=ADVANCED_FACE('',(#2141),#2186,.T.);
#2141=FACE_BOUND('',#2142,.T.);
#2142=EDGE_LOOP('',(#2143,#2148,#2153,#2159,#2166,#2172,#2178,#2180,#2181,#1195,#2185));
#2143=ORIENTED_EDGE('',*,*,#2144,.F.);
#2144=EDGE_CURVE('',#2145,#2131,#2147,.T.);
#2145=VERTEX_POINT('',#2146);
#2146=CARTESIAN_POINT('',(3.4,4.65,1.110223024625E-16));
#2147=LINE('',#2146,#95);
#2148=ORIENTED_EDGE('',*,*,#2149,.T.);
#2149=EDGE_CURVE('',#2145,#2150,#2152,.T.);
#2150=VERTEX_POINT('',#2151);
#2151=CARTESIAN_POINT('',(3.4,4.65,0.3));
#2152=LINE('',#2146,#50);
#2153=ORIENTED_EDGE('',*,*,#2154,.T.);
#2154=EDGE_CURVE('',#2150,#2155,#2157,.T.);
#2155=VERTEX_POINT('',#2156);
#2156=CARTESIAN_POINT('',(2.9,4.65,0.3));
#2157=LINE('',#2158,#95);
#2158=CARTESIAN_POINT('',(3.95,4.65,0.3));
#2159=ORIENTED_EDGE('',*,*,#2160,.F.);
#2160=EDGE_CURVE('',#2161,#2155,#2163,.T.);
#2161=VERTEX_POINT('',#2162);
#2162=CARTESIAN_POINT('',(2.7,4.65,0.5));
#2163=CIRCLE('',#2164,0.2);
#2164=AXIS2_PLACEMENT_3D('',#2165,#44,#14);
#2165=CARTESIAN_POINT('',(2.9,4.65,0.5));
#2166=ORIENTED_EDGE('',*,*,#2167,.T.);
#2167=EDGE_CURVE('',#2161,#2168,#2170,.T.);
#2168=VERTEX_POINT('',#2169);
#2169=CARTESIAN_POINT('',(2.7,4.65,1.8));
#2170=LINE('',#2171,#50);
#2171=CARTESIAN_POINT('',(2.7,4.65,0.25));
#2172=ORIENTED_EDGE('',*,*,#2173,.T.);
#2173=EDGE_CURVE('',#2168,#2174,#2176,.T.);
#2174=VERTEX_POINT('',#2175);
#2175=CARTESIAN_POINT('',(1.6,4.65,1.8));
#2176=LINE('',#2177,#95);
#2177=CARTESIAN_POINT('',(3.4,4.65,1.8));
#2178=ORIENTED_EDGE('',*,*,#2179,.F.);
#2179=EDGE_CURVE('',#1822,#2174,#2136,.T.);
#2180=ORIENTED_EDGE('',*,*,#1821,.T.);
#2181=ORIENTED_EDGE('',*,*,#2182,.T.);
#2182=EDGE_CURVE('',#1818,#1193,#2183,.T.);
#2183=LINE('',#2184,#63);
#2184=CARTESIAN_POINT('',(1.7,4.65,0.1));
#2185=ORIENTED_EDGE('',*,*,#2135,.F.);
#2186=PLANE('',#2187);
#2187=AXIS2_PLACEMENT_3D('',#2146,#44,#96);
#2188=ADVANCED_FACE('',(#2189),#685,.T.);
#2189=FACE_BOUND('',#2190,.T.);
#2190=EDGE_LOOP('',(#1191,#2191,#2192,#2193));
#2191=ORIENTED_EDGE('',*,*,#2182,.F.);
#2192=ORIENTED_EDGE('',*,*,#1817,.T.);
#2193=ORIENTED_EDGE('',*,*,#2194,.F.);
#2194=EDGE_CURVE('',#1187,#1812,#2195,.T.);
#2195=LINE('',#2196,#50);
#2196=CARTESIAN_POINT('',(1.7,4.35,0.1));
#2197=ADVANCED_FACE('',(#2198),#2243,.T.);
#2198=FACE_BOUND('',#2199,.T.);
#2199=EDGE_LOOP('',(#2200,#2207,#1185,#2210,#2211,#2212,#2216,#2221,#2227,#2234,#2240));
#2200=ORIENTED_EDGE('',*,*,#2201,.F.);
#2201=EDGE_CURVE('',#2202,#2204,#2206,.T.);
#2202=VERTEX_POINT('',#2203);
#2203=CARTESIAN_POINT('',(1.6,4.35,1.665334536938E-16));
#2204=VERTEX_POINT('',#2205);
#2205=CARTESIAN_POINT('',(3.4,4.35,1.665334536938E-16));
#2206=LINE('',#2203,#178);
#2207=ORIENTED_EDGE('',*,*,#2208,.T.);
#2208=EDGE_CURVE('',#2202,#1181,#2209,.T.);
#2209=LINE('',#2203,#50);
#2210=ORIENTED_EDGE('',*,*,#2194,.T.);
#2211=ORIENTED_EDGE('',*,*,#1811,.T.);
#2212=ORIENTED_EDGE('',*,*,#2213,.T.);
#2213=EDGE_CURVE('',#1806,#2214,#2209,.T.);
#2214=VERTEX_POINT('',#2215);
#2215=CARTESIAN_POINT('',(1.6,4.35,1.8));
#2216=ORIENTED_EDGE('',*,*,#2217,.T.);
#2217=EDGE_CURVE('',#2214,#2218,#2220,.T.);
#2218=VERTEX_POINT('',#2219);
#2219=CARTESIAN_POINT('',(2.7,4.35,1.8));
#2220=LINE('',#2215,#178);
#2221=ORIENTED_EDGE('',*,*,#2222,.T.);
#2222=EDGE_CURVE('',#2218,#2223,#2225,.T.);
#2223=VERTEX_POINT('',#2224);
#2224=CARTESIAN_POINT('',(2.7,4.35,0.5));
#2225=LINE('',#2226,#63);
#2226=CARTESIAN_POINT('',(2.7,4.35,0.25));
#2227=ORIENTED_EDGE('',*,*,#2228,.T.);
#2228=EDGE_CURVE('',#2223,#2229,#2231,.T.);
#2229=VERTEX_POINT('',#2230);
#2230=CARTESIAN_POINT('',(2.9,4.35,0.3));
#2231=CIRCLE('',#2232,0.2);
#2232=AXIS2_PLACEMENT_3D('',#2233,#44,#14);
#2233=CARTESIAN_POINT('',(2.9,4.35,0.5));
#2234=ORIENTED_EDGE('',*,*,#2235,.T.);
#2235=EDGE_CURVE('',#2229,#2236,#2238,.T.);
#2236=VERTEX_POINT('',#2237);
#2237=CARTESIAN_POINT('',(3.4,4.35,0.3));
#2238=LINE('',#2239,#178);
#2239=CARTESIAN_POINT('',(3.05,4.35,0.3));
#2240=ORIENTED_EDGE('',*,*,#2241,.F.);
#2241=EDGE_CURVE('',#2204,#2236,#2242,.T.);
#2242=LINE('',#2205,#50);
#2243=PLANE('',#2244);
#2244=AXIS2_PLACEMENT_3D('',#2203,#17,#14);
#2245=ADVANCED_FACE('',(#2246),#2257,.T.);
#2246=FACE_BOUND('',#2247,.T.);
#2247=EDGE_LOOP('',(#2248,#2253,#1179,#2256));
#2248=ORIENTED_EDGE('',*,*,#2249,.F.);
#2249=EDGE_CURVE('',#2250,#2202,#2252,.T.);
#2250=VERTEX_POINT('',#2251);
#2251=CARTESIAN_POINT('',(1.6,4.15,1.665334536938E-16));
#2252=LINE('',#2251,#150);
#2253=ORIENTED_EDGE('',*,*,#2254,.T.);
#2254=EDGE_CURVE('',#2250,#1175,#2255,.T.);
#2255=LINE('',#2251,#50);
#2256=ORIENTED_EDGE('',*,*,#2208,.F.);
#2257=PLANE('',#2258);
#2258=AXIS2_PLACEMENT_3D('',#2251,#96,#17);
#2259=ADVANCED_FACE('',(#2260),#2305,.T.);
#2260=FACE_BOUND('',#2261,.T.);
#2261=EDGE_LOOP('',(#2262,#2267,#2272,#2278,#2285,#2291,#2297,#2299,#2300,#1173,#2304));
#2262=ORIENTED_EDGE('',*,*,#2263,.F.);
#2263=EDGE_CURVE('',#2264,#2250,#2266,.T.);
#2264=VERTEX_POINT('',#2265);
#2265=CARTESIAN_POINT('',(3.4,4.15,1.665334536938E-16));
#2266=LINE('',#2265,#95);
#2267=ORIENTED_EDGE('',*,*,#2268,.T.);
#2268=EDGE_CURVE('',#2264,#2269,#2271,.T.);
#2269=VERTEX_POINT('',#2270);
#2270=CARTESIAN_POINT('',(3.4,4.15,0.3));
#2271=LINE('',#2265,#50);
#2272=ORIENTED_EDGE('',*,*,#2273,.T.);
#2273=EDGE_CURVE('',#2269,#2274,#2276,.T.);
#2274=VERTEX_POINT('',#2275);
#2275=CARTESIAN_POINT('',(2.9,4.15,0.3));
#2276=LINE('',#2277,#95);
#2277=CARTESIAN_POINT('',(3.95,4.15,0.3));
#2278=ORIENTED_EDGE('',*,*,#2279,.F.);
#2279=EDGE_CURVE('',#2280,#2274,#2282,.T.);
#2280=VERTEX_POINT('',#2281);
#2281=CARTESIAN_POINT('',(2.7,4.15,0.5));
#2282=CIRCLE('',#2283,0.2);
#2283=AXIS2_PLACEMENT_3D('',#2284,#44,#14);
#2284=CARTESIAN_POINT('',(2.9,4.15,0.5));
#2285=ORIENTED_EDGE('',*,*,#2286,.T.);
#2286=EDGE_CURVE('',#2280,#2287,#2289,.T.);
#2287=VERTEX_POINT('',#2288);
#2288=CARTESIAN_POINT('',(2.7,4.15,1.8));
#2289=LINE('',#2290,#50);
#2290=CARTESIAN_POINT('',(2.7,4.15,0.25));
#2291=ORIENTED_EDGE('',*,*,#2292,.T.);
#2292=EDGE_CURVE('',#2287,#2293,#2295,.T.);
#2293=VERTEX_POINT('',#2294);
#2294=CARTESIAN_POINT('',(1.6,4.15,1.8));
#2295=LINE('',#2296,#95);
#2296=CARTESIAN_POINT('',(3.4,4.15,1.8));
#2297=ORIENTED_EDGE('',*,*,#2298,.F.);
#2298=EDGE_CURVE('',#1800,#2293,#2255,.T.);
#2299=ORIENTED_EDGE('',*,*,#1799,.T.);
#2300=ORIENTED_EDGE('',*,*,#2301,.T.);
#2301=EDGE_CURVE('',#1796,#1171,#2302,.T.);
#2302=LINE('',#2303,#63);
#2303=CARTESIAN_POINT('',(1.7,4.15,0.1));
#2304=ORIENTED_EDGE('',*,*,#2254,.F.);
#2305=PLANE('',#2306);
#2306=AXIS2_PLACEMENT_3D('',#2265,#44,#96);
#2307=ADVANCED_FACE('',(#2308),#685,.T.);
#2308=FACE_BOUND('',#2309,.T.);
#2309=EDGE_LOOP('',(#1169,#2310,#2311,#2312));
#2310=ORIENTED_EDGE('',*,*,#2301,.F.);
#2311=ORIENTED_EDGE('',*,*,#1795,.T.);
#2312=ORIENTED_EDGE('',*,*,#2313,.F.);
#2313=EDGE_CURVE('',#1165,#1790,#2314,.T.);
#2314=LINE('',#2315,#50);
#2315=CARTESIAN_POINT('',(1.7,3.85,0.1));
#2316=ADVANCED_FACE('',(#2317),#2362,.T.);
#2317=FACE_BOUND('',#2318,.T.);
#2318=EDGE_LOOP('',(#2319,#2326,#1163,#2329,#2330,#2331,#2335,#2340,#2346,#2353,#2359));
#2319=ORIENTED_EDGE('',*,*,#2320,.F.);
#2320=EDGE_CURVE('',#2321,#2323,#2325,.T.);
#2321=VERTEX_POINT('',#2322);
#2322=CARTESIAN_POINT('',(1.6,3.85,2.22044604925E-16));
#2323=VERTEX_POINT('',#2324);
#2324=CARTESIAN_POINT('',(3.4,3.85,2.22044604925E-16));
#2325=LINE('',#2322,#178);
#2326=ORIENTED_EDGE('',*,*,#2327,.T.);
#2327=EDGE_CURVE('',#2321,#1159,#2328,.T.);
#2328=LINE('',#2322,#50);
#2329=ORIENTED_EDGE('',*,*,#2313,.T.);
#2330=ORIENTED_EDGE('',*,*,#1789,.T.);
#2331=ORIENTED_EDGE('',*,*,#2332,.T.);
#2332=EDGE_CURVE('',#1784,#2333,#2328,.T.);
#2333=VERTEX_POINT('',#2334);
#2334=CARTESIAN_POINT('',(1.6,3.85,1.8));
#2335=ORIENTED_EDGE('',*,*,#2336,.T.);
#2336=EDGE_CURVE('',#2333,#2337,#2339,.T.);
#2337=VERTEX_POINT('',#2338);
#2338=CARTESIAN_POINT('',(2.7,3.85,1.8));
#2339=LINE('',#2334,#178);
#2340=ORIENTED_EDGE('',*,*,#2341,.T.);
#2341=EDGE_CURVE('',#2337,#2342,#2344,.T.);
#2342=VERTEX_POINT('',#2343);
#2343=CARTESIAN_POINT('',(2.7,3.85,0.5));
#2344=LINE('',#2345,#63);
#2345=CARTESIAN_POINT('',(2.7,3.85,0.25));
#2346=ORIENTED_EDGE('',*,*,#2347,.T.);
#2347=EDGE_CURVE('',#2342,#2348,#2350,.T.);
#2348=VERTEX_POINT('',#2349);
#2349=CARTESIAN_POINT('',(2.9,3.85,0.3));
#2350=CIRCLE('',#2351,0.2);
#2351=AXIS2_PLACEMENT_3D('',#2352,#44,#14);
#2352=CARTESIAN_POINT('',(2.9,3.85,0.5));
#2353=ORIENTED_EDGE('',*,*,#2354,.T.);
#2354=EDGE_CURVE('',#2348,#2355,#2357,.T.);
#2355=VERTEX_POINT('',#2356);
#2356=CARTESIAN_POINT('',(3.4,3.85,0.3));
#2357=LINE('',#2358,#178);
#2358=CARTESIAN_POINT('',(3.05,3.85,0.3));
#2359=ORIENTED_EDGE('',*,*,#2360,.F.);
#2360=EDGE_CURVE('',#2323,#2355,#2361,.T.);
#2361=LINE('',#2324,#50);
#2362=PLANE('',#2363);
#2363=AXIS2_PLACEMENT_3D('',#2322,#17,#14);
#2364=ADVANCED_FACE('',(#2365),#2376,.T.);
#2365=FACE_BOUND('',#2366,.T.);
#2366=EDGE_LOOP('',(#2367,#2372,#1157,#2375));
#2367=ORIENTED_EDGE('',*,*,#2368,.F.);
#2368=EDGE_CURVE('',#2369,#2321,#2371,.T.);
#2369=VERTEX_POINT('',#2370);
#2370=CARTESIAN_POINT('',(1.6,3.65,2.22044604925E-16));
#2371=LINE('',#2370,#150);
#2372=ORIENTED_EDGE('',*,*,#2373,.T.);
#2373=EDGE_CURVE('',#2369,#1153,#2374,.T.);
#2374=LINE('',#2370,#50);
#2375=ORIENTED_EDGE('',*,*,#2327,.F.);
#2376=PLANE('',#2377);
#2377=AXIS2_PLACEMENT_3D('',#2370,#96,#17);
#2378=ADVANCED_FACE('',(#2379),#2424,.T.);
#2379=FACE_BOUND('',#2380,.T.);
#2380=EDGE_LOOP('',(#2381,#2386,#2391,#2397,#2404,#2410,#2416,#2418,#2419,#1151,#2423));
#2381=ORIENTED_EDGE('',*,*,#2382,.F.);
#2382=EDGE_CURVE('',#2383,#2369,#2385,.T.);
#2383=VERTEX_POINT('',#2384);
#2384=CARTESIAN_POINT('',(3.4,3.65,2.22044604925E-16));
#2385=LINE('',#2384,#95);
#2386=ORIENTED_EDGE('',*,*,#2387,.T.);
#2387=EDGE_CURVE('',#2383,#2388,#2390,.T.);
#2388=VERTEX_POINT('',#2389);
#2389=CARTESIAN_POINT('',(3.4,3.65,0.3));
#2390=LINE('',#2384,#50);
#2391=ORIENTED_EDGE('',*,*,#2392,.T.);
#2392=EDGE_CURVE('',#2388,#2393,#2395,.T.);
#2393=VERTEX_POINT('',#2394);
#2394=CARTESIAN_POINT('',(2.9,3.65,0.3));
#2395=LINE('',#2396,#95);
#2396=CARTESIAN_POINT('',(3.95,3.65,0.3));
#2397=ORIENTED_EDGE('',*,*,#2398,.F.);
#2398=EDGE_CURVE('',#2399,#2393,#2401,.T.);
#2399=VERTEX_POINT('',#2400);
#2400=CARTESIAN_POINT('',(2.7,3.65,0.5));
#2401=CIRCLE('',#2402,0.2);
#2402=AXIS2_PLACEMENT_3D('',#2403,#44,#14);
#2403=CARTESIAN_POINT('',(2.9,3.65,0.5));
#2404=ORIENTED_EDGE('',*,*,#2405,.T.);
#2405=EDGE_CURVE('',#2399,#2406,#2408,.T.);
#2406=VERTEX_POINT('',#2407);
#2407=CARTESIAN_POINT('',(2.7,3.65,1.8));
#2408=LINE('',#2409,#50);
#2409=CARTESIAN_POINT('',(2.7,3.65,0.25));
#2410=ORIENTED_EDGE('',*,*,#2411,.T.);
#2411=EDGE_CURVE('',#2406,#2412,#2414,.T.);
#2412=VERTEX_POINT('',#2413);
#2413=CARTESIAN_POINT('',(1.6,3.65,1.8));
#2414=LINE('',#2415,#95);
#2415=CARTESIAN_POINT('',(3.4,3.65,1.8));
#2416=ORIENTED_EDGE('',*,*,#2417,.F.);
#2417=EDGE_CURVE('',#1778,#2412,#2374,.T.);
#2418=ORIENTED_EDGE('',*,*,#1777,.T.);
#2419=ORIENTED_EDGE('',*,*,#2420,.T.);
#2420=EDGE_CURVE('',#1774,#1149,#2421,.T.);
#2421=LINE('',#2422,#63);
#2422=CARTESIAN_POINT('',(1.7,3.65,0.1));
#2423=ORIENTED_EDGE('',*,*,#2373,.F.);
#2424=PLANE('',#2425);
#2425=AXIS2_PLACEMENT_3D('',#2384,#44,#96);
#2426=ADVANCED_FACE('',(#2427),#685,.T.);
#2427=FACE_BOUND('',#2428,.T.);
#2428=EDGE_LOOP('',(#1147,#2429,#2430,#2431));
#2429=ORIENTED_EDGE('',*,*,#2420,.F.);
#2430=ORIENTED_EDGE('',*,*,#1773,.T.);
#2431=ORIENTED_EDGE('',*,*,#2432,.F.);
#2432=EDGE_CURVE('',#1143,#1768,#2433,.T.);
#2433=LINE('',#2434,#50);
#2434=CARTESIAN_POINT('',(1.7,3.35,0.1));
#2435=ADVANCED_FACE('',(#2436),#2481,.T.);
#2436=FACE_BOUND('',#2437,.T.);
#2437=EDGE_LOOP('',(#2438,#2445,#1141,#2448,#2449,#2450,#2454,#2459,#2465,#2472,#2478));
#2438=ORIENTED_EDGE('',*,*,#2439,.F.);
#2439=EDGE_CURVE('',#2440,#2442,#2444,.T.);
#2440=VERTEX_POINT('',#2441);
#2441=CARTESIAN_POINT('',(1.6,3.35,2.775557561563E-16));
#2442=VERTEX_POINT('',#2443);
#2443=CARTESIAN_POINT('',(3.4,3.35,2.775557561563E-16));
#2444=LINE('',#2441,#178);
#2445=ORIENTED_EDGE('',*,*,#2446,.T.);
#2446=EDGE_CURVE('',#2440,#1137,#2447,.T.);
#2447=LINE('',#2441,#50);
#2448=ORIENTED_EDGE('',*,*,#2432,.T.);
#2449=ORIENTED_EDGE('',*,*,#1767,.T.);
#2450=ORIENTED_EDGE('',*,*,#2451,.T.);
#2451=EDGE_CURVE('',#1762,#2452,#2447,.T.);
#2452=VERTEX_POINT('',#2453);
#2453=CARTESIAN_POINT('',(1.6,3.35,1.8));
#2454=ORIENTED_EDGE('',*,*,#2455,.T.);
#2455=EDGE_CURVE('',#2452,#2456,#2458,.T.);
#2456=VERTEX_POINT('',#2457);
#2457=CARTESIAN_POINT('',(2.7,3.35,1.8));
#2458=LINE('',#2453,#178);
#2459=ORIENTED_EDGE('',*,*,#2460,.T.);
#2460=EDGE_CURVE('',#2456,#2461,#2463,.T.);
#2461=VERTEX_POINT('',#2462);
#2462=CARTESIAN_POINT('',(2.7,3.35,0.5));
#2463=LINE('',#2464,#63);
#2464=CARTESIAN_POINT('',(2.7,3.35,0.25));
#2465=ORIENTED_EDGE('',*,*,#2466,.T.);
#2466=EDGE_CURVE('',#2461,#2467,#2469,.T.);
#2467=VERTEX_POINT('',#2468);
#2468=CARTESIAN_POINT('',(2.9,3.35,0.3));
#2469=CIRCLE('',#2470,0.2);
#2470=AXIS2_PLACEMENT_3D('',#2471,#44,#14);
#2471=CARTESIAN_POINT('',(2.9,3.35,0.5));
#2472=ORIENTED_EDGE('',*,*,#2473,.T.);
#2473=EDGE_CURVE('',#2467,#2474,#2476,.T.);
#2474=VERTEX_POINT('',#2475);
#2475=CARTESIAN_POINT('',(3.4,3.35,0.3));
#2476=LINE('',#2477,#178);
#2477=CARTESIAN_POINT('',(3.05,3.35,0.3));
#2478=ORIENTED_EDGE('',*,*,#2479,.F.);
#2479=EDGE_CURVE('',#2442,#2474,#2480,.T.);
#2480=LINE('',#2443,#50);
#2481=PLANE('',#2482);
#2482=AXIS2_PLACEMENT_3D('',#2441,#17,#14);
#2483=ADVANCED_FACE('',(#2484),#2495,.T.);
#2484=FACE_BOUND('',#2485,.T.);
#2485=EDGE_LOOP('',(#2486,#2491,#1135,#2494));
#2486=ORIENTED_EDGE('',*,*,#2487,.F.);
#2487=EDGE_CURVE('',#2488,#2440,#2490,.T.);
#2488=VERTEX_POINT('',#2489);
#2489=CARTESIAN_POINT('',(1.6,3.15,2.775557561563E-16));
#2490=LINE('',#2489,#150);
#2491=ORIENTED_EDGE('',*,*,#2492,.T.);
#2492=EDGE_CURVE('',#2488,#1131,#2493,.T.);
#2493=LINE('',#2489,#50);
#2494=ORIENTED_EDGE('',*,*,#2446,.F.);
#2495=PLANE('',#2496);
#2496=AXIS2_PLACEMENT_3D('',#2489,#96,#17);
#2497=ADVANCED_FACE('',(#2498),#2543,.T.);
#2498=FACE_BOUND('',#2499,.T.);
#2499=EDGE_LOOP('',(#2500,#2505,#2510,#2516,#2523,#2529,#2535,#2537,#2538,#1129,#2542));
#2500=ORIENTED_EDGE('',*,*,#2501,.F.);
#2501=EDGE_CURVE('',#2502,#2488,#2504,.T.);
#2502=VERTEX_POINT('',#2503);
#2503=CARTESIAN_POINT('',(3.4,3.15,2.775557561563E-16));
#2504=LINE('',#2503,#95);
#2505=ORIENTED_EDGE('',*,*,#2506,.T.);
#2506=EDGE_CURVE('',#2502,#2507,#2509,.T.);
#2507=VERTEX_POINT('',#2508);
#2508=CARTESIAN_POINT('',(3.4,3.15,0.3));
#2509=LINE('',#2503,#50);
#2510=ORIENTED_EDGE('',*,*,#2511,.T.);
#2511=EDGE_CURVE('',#2507,#2512,#2514,.T.);
#2512=VERTEX_POINT('',#2513);
#2513=CARTESIAN_POINT('',(2.9,3.15,0.3));
#2514=LINE('',#2515,#95);
#2515=CARTESIAN_POINT('',(3.95,3.15,0.3));
#2516=ORIENTED_EDGE('',*,*,#2517,.F.);
#2517=EDGE_CURVE('',#2518,#2512,#2520,.T.);
#2518=VERTEX_POINT('',#2519);
#2519=CARTESIAN_POINT('',(2.7,3.15,0.5));
#2520=CIRCLE('',#2521,0.2);
#2521=AXIS2_PLACEMENT_3D('',#2522,#44,#14);
#2522=CARTESIAN_POINT('',(2.9,3.15,0.5));
#2523=ORIENTED_EDGE('',*,*,#2524,.T.);
#2524=EDGE_CURVE('',#2518,#2525,#2527,.T.);
#2525=VERTEX_POINT('',#2526);
#2526=CARTESIAN_POINT('',(2.7,3.15,1.8));
#2527=LINE('',#2528,#50);
#2528=CARTESIAN_POINT('',(2.7,3.15,0.25));
#2529=ORIENTED_EDGE('',*,*,#2530,.T.);
#2530=EDGE_CURVE('',#2525,#2531,#2533,.T.);
#2531=VERTEX_POINT('',#2532);
#2532=CARTESIAN_POINT('',(1.6,3.15,1.8));
#2533=LINE('',#2534,#95);
#2534=CARTESIAN_POINT('',(3.4,3.15,1.8));
#2535=ORIENTED_EDGE('',*,*,#2536,.F.);
#2536=EDGE_CURVE('',#1756,#2531,#2493,.T.);
#2537=ORIENTED_EDGE('',*,*,#1755,.T.);
#2538=ORIENTED_EDGE('',*,*,#2539,.T.);
#2539=EDGE_CURVE('',#1752,#1127,#2540,.T.);
#2540=LINE('',#2541,#63);
#2541=CARTESIAN_POINT('',(1.7,3.15,0.1));
#2542=ORIENTED_EDGE('',*,*,#2492,.F.);
#2543=PLANE('',#2544);
#2544=AXIS2_PLACEMENT_3D('',#2503,#44,#96);
#2545=ADVANCED_FACE('',(#2546),#685,.T.);
#2546=FACE_BOUND('',#2547,.T.);
#2547=EDGE_LOOP('',(#1125,#2548,#2549,#2550));
#2548=ORIENTED_EDGE('',*,*,#2539,.F.);
#2549=ORIENTED_EDGE('',*,*,#1751,.T.);
#2550=ORIENTED_EDGE('',*,*,#2551,.F.);
#2551=EDGE_CURVE('',#1121,#1746,#2552,.T.);
#2552=LINE('',#2553,#50);
#2553=CARTESIAN_POINT('',(1.7,2.85,0.1));
#2554=ADVANCED_FACE('',(#2555),#2600,.T.);
#2555=FACE_BOUND('',#2556,.T.);
#2556=EDGE_LOOP('',(#2557,#2564,#1119,#2567,#2568,#2569,#2573,#2578,#2584,#2591,#2597));
#2557=ORIENTED_EDGE('',*,*,#2558,.F.);
#2558=EDGE_CURVE('',#2559,#2561,#2563,.T.);
#2559=VERTEX_POINT('',#2560);
#2560=CARTESIAN_POINT('',(1.6,2.85,3.330669073875E-16));
#2561=VERTEX_POINT('',#2562);
#2562=CARTESIAN_POINT('',(3.4,2.85,3.330669073875E-16));
#2563=LINE('',#2560,#178);
#2564=ORIENTED_EDGE('',*,*,#2565,.T.);
#2565=EDGE_CURVE('',#2559,#1115,#2566,.T.);
#2566=LINE('',#2560,#50);
#2567=ORIENTED_EDGE('',*,*,#2551,.T.);
#2568=ORIENTED_EDGE('',*,*,#1745,.T.);
#2569=ORIENTED_EDGE('',*,*,#2570,.T.);
#2570=EDGE_CURVE('',#1740,#2571,#2566,.T.);
#2571=VERTEX_POINT('',#2572);
#2572=CARTESIAN_POINT('',(1.6,2.85,1.8));
#2573=ORIENTED_EDGE('',*,*,#2574,.T.);
#2574=EDGE_CURVE('',#2571,#2575,#2577,.T.);
#2575=VERTEX_POINT('',#2576);
#2576=CARTESIAN_POINT('',(2.7,2.85,1.8));
#2577=LINE('',#2572,#178);
#2578=ORIENTED_EDGE('',*,*,#2579,.T.);
#2579=EDGE_CURVE('',#2575,#2580,#2582,.T.);
#2580=VERTEX_POINT('',#2581);
#2581=CARTESIAN_POINT('',(2.7,2.85,0.5));
#2582=LINE('',#2583,#63);
#2583=CARTESIAN_POINT('',(2.7,2.85,0.25));
#2584=ORIENTED_EDGE('',*,*,#2585,.T.);
#2585=EDGE_CURVE('',#2580,#2586,#2588,.T.);
#2586=VERTEX_POINT('',#2587);
#2587=CARTESIAN_POINT('',(2.9,2.85,0.3));
#2588=CIRCLE('',#2589,0.2);
#2589=AXIS2_PLACEMENT_3D('',#2590,#44,#14);
#2590=CARTESIAN_POINT('',(2.9,2.85,0.5));
#2591=ORIENTED_EDGE('',*,*,#2592,.T.);
#2592=EDGE_CURVE('',#2586,#2593,#2595,.T.);
#2593=VERTEX_POINT('',#2594);
#2594=CARTESIAN_POINT('',(3.4,2.85,0.3));
#2595=LINE('',#2596,#178);
#2596=CARTESIAN_POINT('',(3.05,2.85,0.3));
#2597=ORIENTED_EDGE('',*,*,#2598,.F.);
#2598=EDGE_CURVE('',#2561,#2593,#2599,.T.);
#2599=LINE('',#2562,#50);
#2600=PLANE('',#2601);
#2601=AXIS2_PLACEMENT_3D('',#2560,#17,#14);
#2602=ADVANCED_FACE('',(#2603),#2614,.T.);
#2603=FACE_BOUND('',#2604,.T.);
#2604=EDGE_LOOP('',(#2605,#2610,#1113,#2613));
#2605=ORIENTED_EDGE('',*,*,#2606,.F.);
#2606=EDGE_CURVE('',#2607,#2559,#2609,.T.);
#2607=VERTEX_POINT('',#2608);
#2608=CARTESIAN_POINT('',(1.6,2.65,3.330669073875E-16));
#2609=LINE('',#2608,#150);
#2610=ORIENTED_EDGE('',*,*,#2611,.T.);
#2611=EDGE_CURVE('',#2607,#1109,#2612,.T.);
#2612=LINE('',#2608,#50);
#2613=ORIENTED_EDGE('',*,*,#2565,.F.);
#2614=PLANE('',#2615);
#2615=AXIS2_PLACEMENT_3D('',#2608,#96,#17);
#2616=ADVANCED_FACE('',(#2617),#2662,.T.);
#2617=FACE_BOUND('',#2618,.T.);
#2618=EDGE_LOOP('',(#2619,#2624,#2629,#2635,#2642,#2648,#2654,#2656,#2657,#1107,#2661));
#2619=ORIENTED_EDGE('',*,*,#2620,.F.);
#2620=EDGE_CURVE('',#2621,#2607,#2623,.T.);
#2621=VERTEX_POINT('',#2622);
#2622=CARTESIAN_POINT('',(3.4,2.65,3.330669073875E-16));
#2623=LINE('',#2622,#95);
#2624=ORIENTED_EDGE('',*,*,#2625,.T.);
#2625=EDGE_CURVE('',#2621,#2626,#2628,.T.);
#2626=VERTEX_POINT('',#2627);
#2627=CARTESIAN_POINT('',(3.4,2.65,0.3));
#2628=LINE('',#2622,#50);
#2629=ORIENTED_EDGE('',*,*,#2630,.T.);
#2630=EDGE_CURVE('',#2626,#2631,#2633,.T.);
#2631=VERTEX_POINT('',#2632);
#2632=CARTESIAN_POINT('',(2.9,2.65,0.3));
#2633=LINE('',#2634,#95);
#2634=CARTESIAN_POINT('',(3.95,2.65,0.3));
#2635=ORIENTED_EDGE('',*,*,#2636,.F.);
#2636=EDGE_CURVE('',#2637,#2631,#2639,.T.);
#2637=VERTEX_POINT('',#2638);
#2638=CARTESIAN_POINT('',(2.7,2.65,0.5));
#2639=CIRCLE('',#2640,0.2);
#2640=AXIS2_PLACEMENT_3D('',#2641,#44,#14);
#2641=CARTESIAN_POINT('',(2.9,2.65,0.5));
#2642=ORIENTED_EDGE('',*,*,#2643,.T.);
#2643=EDGE_CURVE('',#2637,#2644,#2646,.T.);
#2644=VERTEX_POINT('',#2645);
#2645=CARTESIAN_POINT('',(2.7,2.65,1.8));
#2646=LINE('',#2647,#50);
#2647=CARTESIAN_POINT('',(2.7,2.65,0.25));
#2648=ORIENTED_EDGE('',*,*,#2649,.T.);
#2649=EDGE_CURVE('',#2644,#2650,#2652,.T.);
#2650=VERTEX_POINT('',#2651);
#2651=CARTESIAN_POINT('',(1.6,2.65,1.8));
#2652=LINE('',#2653,#95);
#2653=CARTESIAN_POINT('',(3.4,2.65,1.8));
#2654=ORIENTED_EDGE('',*,*,#2655,.F.);
#2655=EDGE_CURVE('',#1734,#2650,#2612,.T.);
#2656=ORIENTED_EDGE('',*,*,#1733,.T.);
#2657=ORIENTED_EDGE('',*,*,#2658,.T.);
#2658=EDGE_CURVE('',#1730,#1105,#2659,.T.);
#2659=LINE('',#2660,#63);
#2660=CARTESIAN_POINT('',(1.7,2.65,0.1));
#2661=ORIENTED_EDGE('',*,*,#2611,.F.);
#2662=PLANE('',#2663);
#2663=AXIS2_PLACEMENT_3D('',#2622,#44,#96);
#2664=ADVANCED_FACE('',(#2665),#685,.T.);
#2665=FACE_BOUND('',#2666,.T.);
#2666=EDGE_LOOP('',(#1103,#2667,#2668,#2669));
#2667=ORIENTED_EDGE('',*,*,#2658,.F.);
#2668=ORIENTED_EDGE('',*,*,#1729,.T.);
#2669=ORIENTED_EDGE('',*,*,#2670,.F.);
#2670=EDGE_CURVE('',#1099,#1724,#2671,.T.);
#2671=LINE('',#2672,#50);
#2672=CARTESIAN_POINT('',(1.7,2.35,0.1));
#2673=ADVANCED_FACE('',(#2674),#2719,.T.);
#2674=FACE_BOUND('',#2675,.T.);
#2675=EDGE_LOOP('',(#2676,#2683,#1097,#2686,#2687,#2688,#2692,#2697,#2703,#2710,#2716));
#2676=ORIENTED_EDGE('',*,*,#2677,.F.);
#2677=EDGE_CURVE('',#2678,#2680,#2682,.T.);
#2678=VERTEX_POINT('',#2679);
#2679=CARTESIAN_POINT('',(1.6,2.35,3.885780586188E-16));
#2680=VERTEX_POINT('',#2681);
#2681=CARTESIAN_POINT('',(3.4,2.35,3.885780586188E-16));
#2682=LINE('',#2679,#178);
#2683=ORIENTED_EDGE('',*,*,#2684,.T.);
#2684=EDGE_CURVE('',#2678,#1093,#2685,.T.);
#2685=LINE('',#2679,#50);
#2686=ORIENTED_EDGE('',*,*,#2670,.T.);
#2687=ORIENTED_EDGE('',*,*,#1723,.T.);
#2688=ORIENTED_EDGE('',*,*,#2689,.T.);
#2689=EDGE_CURVE('',#1718,#2690,#2685,.T.);
#2690=VERTEX_POINT('',#2691);
#2691=CARTESIAN_POINT('',(1.6,2.35,1.8));
#2692=ORIENTED_EDGE('',*,*,#2693,.T.);
#2693=EDGE_CURVE('',#2690,#2694,#2696,.T.);
#2694=VERTEX_POINT('',#2695);
#2695=CARTESIAN_POINT('',(2.7,2.35,1.8));
#2696=LINE('',#2691,#178);
#2697=ORIENTED_EDGE('',*,*,#2698,.T.);
#2698=EDGE_CURVE('',#2694,#2699,#2701,.T.);
#2699=VERTEX_POINT('',#2700);
#2700=CARTESIAN_POINT('',(2.7,2.35,0.5));
#2701=LINE('',#2702,#63);
#2702=CARTESIAN_POINT('',(2.7,2.35,0.25));
#2703=ORIENTED_EDGE('',*,*,#2704,.T.);
#2704=EDGE_CURVE('',#2699,#2705,#2707,.T.);
#2705=VERTEX_POINT('',#2706);
#2706=CARTESIAN_POINT('',(2.9,2.35,0.3));
#2707=CIRCLE('',#2708,0.2);
#2708=AXIS2_PLACEMENT_3D('',#2709,#44,#14);
#2709=CARTESIAN_POINT('',(2.9,2.35,0.5));
#2710=ORIENTED_EDGE('',*,*,#2711,.T.);
#2711=EDGE_CURVE('',#2705,#2712,#2714,.T.);
#2712=VERTEX_POINT('',#2713);
#2713=CARTESIAN_POINT('',(3.4,2.35,0.3));
#2714=LINE('',#2715,#178);
#2715=CARTESIAN_POINT('',(3.05,2.35,0.3));
#2716=ORIENTED_EDGE('',*,*,#2717,.F.);
#2717=EDGE_CURVE('',#2680,#2712,#2718,.T.);
#2718=LINE('',#2681,#50);
#2719=PLANE('',#2720);
#2720=AXIS2_PLACEMENT_3D('',#2679,#17,#14);
#2721=ADVANCED_FACE('',(#2722),#2733,.T.);
#2722=FACE_BOUND('',#2723,.T.);
#2723=EDGE_LOOP('',(#2724,#2729,#1091,#2732));
#2724=ORIENTED_EDGE('',*,*,#2725,.F.);
#2725=EDGE_CURVE('',#2726,#2678,#2728,.T.);
#2726=VERTEX_POINT('',#2727);
#2727=CARTESIAN_POINT('',(1.6,2.15,3.885780586188E-16));
#2728=LINE('',#2727,#150);
#2729=ORIENTED_EDGE('',*,*,#2730,.T.);
#2730=EDGE_CURVE('',#2726,#1087,#2731,.T.);
#2731=LINE('',#2727,#50);
#2732=ORIENTED_EDGE('',*,*,#2684,.F.);
#2733=PLANE('',#2734);
#2734=AXIS2_PLACEMENT_3D('',#2727,#96,#17);
#2735=ADVANCED_FACE('',(#2736),#2781,.T.);
#2736=FACE_BOUND('',#2737,.T.);
#2737=EDGE_LOOP('',(#2738,#2743,#2748,#2754,#2761,#2767,#2773,#2775,#2776,#1085,#2780));
#2738=ORIENTED_EDGE('',*,*,#2739,.F.);
#2739=EDGE_CURVE('',#2740,#2726,#2742,.T.);
#2740=VERTEX_POINT('',#2741);
#2741=CARTESIAN_POINT('',(3.4,2.15,3.885780586188E-16));
#2742=LINE('',#2741,#95);
#2743=ORIENTED_EDGE('',*,*,#2744,.T.);
#2744=EDGE_CURVE('',#2740,#2745,#2747,.T.);
#2745=VERTEX_POINT('',#2746);
#2746=CARTESIAN_POINT('',(3.4,2.15,0.3));
#2747=LINE('',#2741,#50);
#2748=ORIENTED_EDGE('',*,*,#2749,.T.);
#2749=EDGE_CURVE('',#2745,#2750,#2752,.T.);
#2750=VERTEX_POINT('',#2751);
#2751=CARTESIAN_POINT('',(2.9,2.15,0.3));
#2752=LINE('',#2753,#95);
#2753=CARTESIAN_POINT('',(3.95,2.15,0.3));
#2754=ORIENTED_EDGE('',*,*,#2755,.F.);
#2755=EDGE_CURVE('',#2756,#2750,#2758,.T.);
#2756=VERTEX_POINT('',#2757);
#2757=CARTESIAN_POINT('',(2.7,2.15,0.5));
#2758=CIRCLE('',#2759,0.2);
#2759=AXIS2_PLACEMENT_3D('',#2760,#44,#14);
#2760=CARTESIAN_POINT('',(2.9,2.15,0.5));
#2761=ORIENTED_EDGE('',*,*,#2762,.T.);
#2762=EDGE_CURVE('',#2756,#2763,#2765,.T.);
#2763=VERTEX_POINT('',#2764);
#2764=CARTESIAN_POINT('',(2.7,2.15,1.8));
#2765=LINE('',#2766,#50);
#2766=CARTESIAN_POINT('',(2.7,2.15,0.25));
#2767=ORIENTED_EDGE('',*,*,#2768,.T.);
#2768=EDGE_CURVE('',#2763,#2769,#2771,.T.);
#2769=VERTEX_POINT('',#2770);
#2770=CARTESIAN_POINT('',(1.6,2.15,1.8));
#2771=LINE('',#2772,#95);
#2772=CARTESIAN_POINT('',(3.4,2.15,1.8));
#2773=ORIENTED_EDGE('',*,*,#2774,.F.);
#2774=EDGE_CURVE('',#1712,#2769,#2731,.T.);
#2775=ORIENTED_EDGE('',*,*,#1711,.T.);
#2776=ORIENTED_EDGE('',*,*,#2777,.T.);
#2777=EDGE_CURVE('',#1708,#1083,#2778,.T.);
#2778=LINE('',#2779,#63);
#2779=CARTESIAN_POINT('',(1.7,2.15,0.1));
#2780=ORIENTED_EDGE('',*,*,#2730,.F.);
#2781=PLANE('',#2782);
#2782=AXIS2_PLACEMENT_3D('',#2741,#44,#96);
#2783=ADVANCED_FACE('',(#2784),#685,.T.);
#2784=FACE_BOUND('',#2785,.T.);
#2785=EDGE_LOOP('',(#1081,#2786,#2787,#2788));
#2786=ORIENTED_EDGE('',*,*,#2777,.F.);
#2787=ORIENTED_EDGE('',*,*,#1707,.T.);
#2788=ORIENTED_EDGE('',*,*,#2789,.F.);
#2789=EDGE_CURVE('',#1077,#1702,#2790,.T.);
#2790=LINE('',#2791,#50);
#2791=CARTESIAN_POINT('',(1.7,1.85,0.1));
#2792=ADVANCED_FACE('',(#2793),#2838,.T.);
#2793=FACE_BOUND('',#2794,.T.);
#2794=EDGE_LOOP('',(#2795,#2802,#1075,#2805,#2806,#2807,#2811,#2816,#2822,#2829,#2835));
#2795=ORIENTED_EDGE('',*,*,#2796,.F.);
#2796=EDGE_CURVE('',#2797,#2799,#2801,.T.);
#2797=VERTEX_POINT('',#2798);
#2798=CARTESIAN_POINT('',(1.6,1.85,4.440892098501E-16));
#2799=VERTEX_POINT('',#2800);
#2800=CARTESIAN_POINT('',(3.4,1.85,4.440892098501E-16));
#2801=LINE('',#2798,#178);
#2802=ORIENTED_EDGE('',*,*,#2803,.T.);
#2803=EDGE_CURVE('',#2797,#1071,#2804,.T.);
#2804=LINE('',#2798,#50);
#2805=ORIENTED_EDGE('',*,*,#2789,.T.);
#2806=ORIENTED_EDGE('',*,*,#1701,.T.);
#2807=ORIENTED_EDGE('',*,*,#2808,.T.);
#2808=EDGE_CURVE('',#1696,#2809,#2804,.T.);
#2809=VERTEX_POINT('',#2810);
#2810=CARTESIAN_POINT('',(1.6,1.85,1.8));
#2811=ORIENTED_EDGE('',*,*,#2812,.T.);
#2812=EDGE_CURVE('',#2809,#2813,#2815,.T.);
#2813=VERTEX_POINT('',#2814);
#2814=CARTESIAN_POINT('',(2.7,1.85,1.8));
#2815=LINE('',#2810,#178);
#2816=ORIENTED_EDGE('',*,*,#2817,.T.);
#2817=EDGE_CURVE('',#2813,#2818,#2820,.T.);
#2818=VERTEX_POINT('',#2819);
#2819=CARTESIAN_POINT('',(2.7,1.85,0.5));
#2820=LINE('',#2821,#63);
#2821=CARTESIAN_POINT('',(2.7,1.85,0.25));
#2822=ORIENTED_EDGE('',*,*,#2823,.T.);
#2823=EDGE_CURVE('',#2818,#2824,#2826,.T.);
#2824=VERTEX_POINT('',#2825);
#2825=CARTESIAN_POINT('',(2.9,1.85,0.3));
#2826=CIRCLE('',#2827,0.2);
#2827=AXIS2_PLACEMENT_3D('',#2828,#44,#14);
#2828=CARTESIAN_POINT('',(2.9,1.85,0.5));
#2829=ORIENTED_EDGE('',*,*,#2830,.T.);
#2830=EDGE_CURVE('',#2824,#2831,#2833,.T.);
#2831=VERTEX_POINT('',#2832);
#2832=CARTESIAN_POINT('',(3.4,1.85,0.3));
#2833=LINE('',#2834,#178);
#2834=CARTESIAN_POINT('',(3.05,1.85,0.3));
#2835=ORIENTED_EDGE('',*,*,#2836,.F.);
#2836=EDGE_CURVE('',#2799,#2831,#2837,.T.);
#2837=LINE('',#2800,#50);
#2838=PLANE('',#2839);
#2839=AXIS2_PLACEMENT_3D('',#2798,#17,#14);
#2840=ADVANCED_FACE('',(#2841),#2852,.T.);
#2841=FACE_BOUND('',#2842,.T.);
#2842=EDGE_LOOP('',(#2843,#2848,#1069,#2851));
#2843=ORIENTED_EDGE('',*,*,#2844,.F.);
#2844=EDGE_CURVE('',#2845,#2797,#2847,.T.);
#2845=VERTEX_POINT('',#2846);
#2846=CARTESIAN_POINT('',(1.6,1.65,4.440892098501E-16));
#2847=LINE('',#2846,#150);
#2848=ORIENTED_EDGE('',*,*,#2849,.T.);
#2849=EDGE_CURVE('',#2845,#1065,#2850,.T.);
#2850=LINE('',#2846,#50);
#2851=ORIENTED_EDGE('',*,*,#2803,.F.);
#2852=PLANE('',#2853);
#2853=AXIS2_PLACEMENT_3D('',#2846,#96,#17);
#2854=ADVANCED_FACE('',(#2855),#2900,.T.);
#2855=FACE_BOUND('',#2856,.T.);
#2856=EDGE_LOOP('',(#2857,#2862,#2867,#2873,#2880,#2886,#2892,#2894,#2895,#1063,#2899));
#2857=ORIENTED_EDGE('',*,*,#2858,.F.);
#2858=EDGE_CURVE('',#2859,#2845,#2861,.T.);
#2859=VERTEX_POINT('',#2860);
#2860=CARTESIAN_POINT('',(3.4,1.65,4.440892098501E-16));
#2861=LINE('',#2860,#95);
#2862=ORIENTED_EDGE('',*,*,#2863,.T.);
#2863=EDGE_CURVE('',#2859,#2864,#2866,.T.);
#2864=VERTEX_POINT('',#2865);
#2865=CARTESIAN_POINT('',(3.4,1.65,0.3));
#2866=LINE('',#2860,#50);
#2867=ORIENTED_EDGE('',*,*,#2868,.T.);
#2868=EDGE_CURVE('',#2864,#2869,#2871,.T.);
#2869=VERTEX_POINT('',#2870);
#2870=CARTESIAN_POINT('',(2.9,1.65,0.3));
#2871=LINE('',#2872,#95);
#2872=CARTESIAN_POINT('',(3.95,1.65,0.3));
#2873=ORIENTED_EDGE('',*,*,#2874,.F.);
#2874=EDGE_CURVE('',#2875,#2869,#2877,.T.);
#2875=VERTEX_POINT('',#2876);
#2876=CARTESIAN_POINT('',(2.7,1.65,0.5));
#2877=CIRCLE('',#2878,0.2);
#2878=AXIS2_PLACEMENT_3D('',#2879,#44,#14);
#2879=CARTESIAN_POINT('',(2.9,1.65,0.5));
#2880=ORIENTED_EDGE('',*,*,#2881,.T.);
#2881=EDGE_CURVE('',#2875,#2882,#2884,.T.);
#2882=VERTEX_POINT('',#2883);
#2883=CARTESIAN_POINT('',(2.7,1.65,1.8));
#2884=LINE('',#2885,#50);
#2885=CARTESIAN_POINT('',(2.7,1.65,0.25));
#2886=ORIENTED_EDGE('',*,*,#2887,.T.);
#2887=EDGE_CURVE('',#2882,#2888,#2890,.T.);
#2888=VERTEX_POINT('',#2889);
#2889=CARTESIAN_POINT('',(1.6,1.65,1.8));
#2890=LINE('',#2891,#95);
#2891=CARTESIAN_POINT('',(3.4,1.65,1.8));
#2892=ORIENTED_EDGE('',*,*,#2893,.F.);
#2893=EDGE_CURVE('',#1690,#2888,#2850,.T.);
#2894=ORIENTED_EDGE('',*,*,#1689,.T.);
#2895=ORIENTED_EDGE('',*,*,#2896,.T.);
#2896=EDGE_CURVE('',#1686,#1061,#2897,.T.);
#2897=LINE('',#2898,#63);
#2898=CARTESIAN_POINT('',(1.7,1.65,0.1));
#2899=ORIENTED_EDGE('',*,*,#2849,.F.);
#2900=PLANE('',#2901);
#2901=AXIS2_PLACEMENT_3D('',#2860,#44,#96);
#2902=ADVANCED_FACE('',(#2903),#685,.T.);
#2903=FACE_BOUND('',#2904,.T.);
#2904=EDGE_LOOP('',(#1059,#2905,#2906,#2907));
#2905=ORIENTED_EDGE('',*,*,#2896,.F.);
#2906=ORIENTED_EDGE('',*,*,#1685,.T.);
#2907=ORIENTED_EDGE('',*,*,#2908,.F.);
#2908=EDGE_CURVE('',#1055,#1680,#2909,.T.);
#2909=LINE('',#2910,#50);
#2910=CARTESIAN_POINT('',(1.7,1.35,0.1));
#2911=ADVANCED_FACE('',(#2912),#2957,.T.);
#2912=FACE_BOUND('',#2913,.T.);
#2913=EDGE_LOOP('',(#2914,#2921,#1053,#2924,#2925,#2926,#2930,#2935,#2941,#2948,#2954));
#2914=ORIENTED_EDGE('',*,*,#2915,.F.);
#2915=EDGE_CURVE('',#2916,#2918,#2920,.T.);
#2916=VERTEX_POINT('',#2917);
#2917=CARTESIAN_POINT('',(1.6,1.35,4.996003610813E-16));
#2918=VERTEX_POINT('',#2919);
#2919=CARTESIAN_POINT('',(3.4,1.35,4.996003610813E-16));
#2920=LINE('',#2917,#178);
#2921=ORIENTED_EDGE('',*,*,#2922,.T.);
#2922=EDGE_CURVE('',#2916,#1049,#2923,.T.);
#2923=LINE('',#2917,#50);
#2924=ORIENTED_EDGE('',*,*,#2908,.T.);
#2925=ORIENTED_EDGE('',*,*,#1679,.T.);
#2926=ORIENTED_EDGE('',*,*,#2927,.T.);
#2927=EDGE_CURVE('',#1674,#2928,#2923,.T.);
#2928=VERTEX_POINT('',#2929);
#2929=CARTESIAN_POINT('',(1.6,1.35,1.8));
#2930=ORIENTED_EDGE('',*,*,#2931,.T.);
#2931=EDGE_CURVE('',#2928,#2932,#2934,.T.);
#2932=VERTEX_POINT('',#2933);
#2933=CARTESIAN_POINT('',(2.7,1.35,1.8));
#2934=LINE('',#2929,#178);
#2935=ORIENTED_EDGE('',*,*,#2936,.T.);
#2936=EDGE_CURVE('',#2932,#2937,#2939,.T.);
#2937=VERTEX_POINT('',#2938);
#2938=CARTESIAN_POINT('',(2.7,1.35,0.5));
#2939=LINE('',#2940,#63);
#2940=CARTESIAN_POINT('',(2.7,1.35,0.25));
#2941=ORIENTED_EDGE('',*,*,#2942,.T.);
#2942=EDGE_CURVE('',#2937,#2943,#2945,.T.);
#2943=VERTEX_POINT('',#2944);
#2944=CARTESIAN_POINT('',(2.9,1.35,0.3));
#2945=CIRCLE('',#2946,0.2);
#2946=AXIS2_PLACEMENT_3D('',#2947,#44,#14);
#2947=CARTESIAN_POINT('',(2.9,1.35,0.5));
#2948=ORIENTED_EDGE('',*,*,#2949,.T.);
#2949=EDGE_CURVE('',#2943,#2950,#2952,.T.);
#2950=VERTEX_POINT('',#2951);
#2951=CARTESIAN_POINT('',(3.4,1.35,0.3));
#2952=LINE('',#2953,#178);
#2953=CARTESIAN_POINT('',(3.05,1.35,0.3));
#2954=ORIENTED_EDGE('',*,*,#2955,.F.);
#2955=EDGE_CURVE('',#2918,#2950,#2956,.T.);
#2956=LINE('',#2919,#50);
#2957=PLANE('',#2958);
#2958=AXIS2_PLACEMENT_3D('',#2917,#17,#14);
#2959=ADVANCED_FACE('',(#2960),#2971,.T.);
#2960=FACE_BOUND('',#2961,.T.);
#2961=EDGE_LOOP('',(#2962,#2967,#1047,#2970));
#2962=ORIENTED_EDGE('',*,*,#2963,.F.);
#2963=EDGE_CURVE('',#2964,#2916,#2966,.T.);
#2964=VERTEX_POINT('',#2965);
#2965=CARTESIAN_POINT('',(1.6,1.15,4.996003610813E-16));
#2966=LINE('',#2965,#150);
#2967=ORIENTED_EDGE('',*,*,#2968,.T.);
#2968=EDGE_CURVE('',#2964,#1043,#2969,.T.);
#2969=LINE('',#2965,#50);
#2970=ORIENTED_EDGE('',*,*,#2922,.F.);
#2971=PLANE('',#2972);
#2972=AXIS2_PLACEMENT_3D('',#2965,#96,#17);
#2973=ADVANCED_FACE('',(#2974),#3019,.T.);
#2974=FACE_BOUND('',#2975,.T.);
#2975=EDGE_LOOP('',(#2976,#2981,#2986,#2992,#2999,#3005,#3011,#3013,#3014,#1041,#3018));
#2976=ORIENTED_EDGE('',*,*,#2977,.F.);
#2977=EDGE_CURVE('',#2978,#2964,#2980,.T.);
#2978=VERTEX_POINT('',#2979);
#2979=CARTESIAN_POINT('',(3.4,1.15,4.996003610813E-16));
#2980=LINE('',#2979,#95);
#2981=ORIENTED_EDGE('',*,*,#2982,.T.);
#2982=EDGE_CURVE('',#2978,#2983,#2985,.T.);
#2983=VERTEX_POINT('',#2984);
#2984=CARTESIAN_POINT('',(3.4,1.15,0.3));
#2985=LINE('',#2979,#50);
#2986=ORIENTED_EDGE('',*,*,#2987,.T.);
#2987=EDGE_CURVE('',#2983,#2988,#2990,.T.);
#2988=VERTEX_POINT('',#2989);
#2989=CARTESIAN_POINT('',(2.9,1.15,0.3));
#2990=LINE('',#2991,#95);
#2991=CARTESIAN_POINT('',(3.95,1.15,0.3));
#2992=ORIENTED_EDGE('',*,*,#2993,.F.);
#2993=EDGE_CURVE('',#2994,#2988,#2996,.T.);
#2994=VERTEX_POINT('',#2995);
#2995=CARTESIAN_POINT('',(2.7,1.15,0.5));
#2996=CIRCLE('',#2997,0.2);
#2997=AXIS2_PLACEMENT_3D('',#2998,#44,#14);
#2998=CARTESIAN_POINT('',(2.9,1.15,0.5));
#2999=ORIENTED_EDGE('',*,*,#3000,.T.);
#3000=EDGE_CURVE('',#2994,#3001,#3003,.T.);
#3001=VERTEX_POINT('',#3002);
#3002=CARTESIAN_POINT('',(2.7,1.15,1.8));
#3003=LINE('',#3004,#50);
#3004=CARTESIAN_POINT('',(2.7,1.15,0.25));
#3005=ORIENTED_EDGE('',*,*,#3006,.T.);
#3006=EDGE_CURVE('',#3001,#3007,#3009,.T.);
#3007=VERTEX_POINT('',#3008);
#3008=CARTESIAN_POINT('',(1.6,1.15,1.8));
#3009=LINE('',#3010,#95);
#3010=CARTESIAN_POINT('',(3.4,1.15,1.8));
#3011=ORIENTED_EDGE('',*,*,#3012,.F.);
#3012=EDGE_CURVE('',#1668,#3007,#2969,.T.);
#3013=ORIENTED_EDGE('',*,*,#1667,.T.);
#3014=ORIENTED_EDGE('',*,*,#3015,.T.);
#3015=EDGE_CURVE('',#1664,#1039,#3016,.T.);
#3016=LINE('',#3017,#63);
#3017=CARTESIAN_POINT('',(1.7,1.15,0.1));
#3018=ORIENTED_EDGE('',*,*,#2968,.F.);
#3019=PLANE('',#3020);
#3020=AXIS2_PLACEMENT_3D('',#2979,#44,#96);
#3021=ADVANCED_FACE('',(#3022),#685,.T.);
#3022=FACE_BOUND('',#3023,.T.);
#3023=EDGE_LOOP('',(#1037,#3024,#3025,#3026));
#3024=ORIENTED_EDGE('',*,*,#3015,.F.);
#3025=ORIENTED_EDGE('',*,*,#1663,.T.);
#3026=ORIENTED_EDGE('',*,*,#3027,.F.);
#3027=EDGE_CURVE('',#1033,#1658,#3028,.T.);
#3028=LINE('',#3029,#50);
#3029=CARTESIAN_POINT('',(1.7,0.85,0.1));
#3030=ADVANCED_FACE('',(#3031),#3076,.T.);
#3031=FACE_BOUND('',#3032,.T.);
#3032=EDGE_LOOP('',(#3033,#3040,#1031,#3043,#3044,#3045,#3049,#3054,#3060,#3067,#3073));
#3033=ORIENTED_EDGE('',*,*,#3034,.F.);
#3034=EDGE_CURVE('',#3035,#3037,#3039,.T.);
#3035=VERTEX_POINT('',#3036);
#3036=CARTESIAN_POINT('',(1.6,0.85,5.551115123126E-16));
#3037=VERTEX_POINT('',#3038);
#3038=CARTESIAN_POINT('',(3.4,0.85,5.551115123126E-16));
#3039=LINE('',#3036,#178);
#3040=ORIENTED_EDGE('',*,*,#3041,.T.);
#3041=EDGE_CURVE('',#3035,#1027,#3042,.T.);
#3042=LINE('',#3036,#50);
#3043=ORIENTED_EDGE('',*,*,#3027,.T.);
#3044=ORIENTED_EDGE('',*,*,#1657,.T.);
#3045=ORIENTED_EDGE('',*,*,#3046,.T.);
#3046=EDGE_CURVE('',#1652,#3047,#3042,.T.);
#3047=VERTEX_POINT('',#3048);
#3048=CARTESIAN_POINT('',(1.6,0.85,1.8));
#3049=ORIENTED_EDGE('',*,*,#3050,.T.);
#3050=EDGE_CURVE('',#3047,#3051,#3053,.T.);
#3051=VERTEX_POINT('',#3052);
#3052=CARTESIAN_POINT('',(2.7,0.85,1.8));
#3053=LINE('',#3048,#178);
#3054=ORIENTED_EDGE('',*,*,#3055,.T.);
#3055=EDGE_CURVE('',#3051,#3056,#3058,.T.);
#3056=VERTEX_POINT('',#3057);
#3057=CARTESIAN_POINT('',(2.7,0.85,0.5));
#3058=LINE('',#3059,#63);
#3059=CARTESIAN_POINT('',(2.7,0.85,0.25));
#3060=ORIENTED_EDGE('',*,*,#3061,.T.);
#3061=EDGE_CURVE('',#3056,#3062,#3064,.T.);
#3062=VERTEX_POINT('',#3063);
#3063=CARTESIAN_POINT('',(2.9,0.85,0.3));
#3064=CIRCLE('',#3065,0.2);
#3065=AXIS2_PLACEMENT_3D('',#3066,#44,#14);
#3066=CARTESIAN_POINT('',(2.9,0.85,0.5));
#3067=ORIENTED_EDGE('',*,*,#3068,.T.);
#3068=EDGE_CURVE('',#3062,#3069,#3071,.T.);
#3069=VERTEX_POINT('',#3070);
#3070=CARTESIAN_POINT('',(3.4,0.85,0.3));
#3071=LINE('',#3072,#178);
#3072=CARTESIAN_POINT('',(3.05,0.85,0.3));
#3073=ORIENTED_EDGE('',*,*,#3074,.F.);
#3074=EDGE_CURVE('',#3037,#3069,#3075,.T.);
#3075=LINE('',#3038,#50);
#3076=PLANE('',#3077);
#3077=AXIS2_PLACEMENT_3D('',#3036,#17,#14);
#3078=ADVANCED_FACE('',(#3079),#3090,.T.);
#3079=FACE_BOUND('',#3080,.T.);
#3080=EDGE_LOOP('',(#3081,#3086,#1025,#3089));
#3081=ORIENTED_EDGE('',*,*,#3082,.F.);
#3082=EDGE_CURVE('',#3083,#3035,#3085,.T.);
#3083=VERTEX_POINT('',#3084);
#3084=CARTESIAN_POINT('',(1.6,0.65,5.551115123126E-16));
#3085=LINE('',#3084,#150);
#3086=ORIENTED_EDGE('',*,*,#3087,.T.);
#3087=EDGE_CURVE('',#3083,#1021,#3088,.T.);
#3088=LINE('',#3084,#50);
#3089=ORIENTED_EDGE('',*,*,#3041,.F.);
#3090=PLANE('',#3091);
#3091=AXIS2_PLACEMENT_3D('',#3084,#96,#17);
#3092=ADVANCED_FACE('',(#3093),#3138,.T.);
#3093=FACE_BOUND('',#3094,.T.);
#3094=EDGE_LOOP('',(#3095,#3100,#3105,#3111,#3118,#3124,#3130,#3132,#3133,#1019,#3137));
#3095=ORIENTED_EDGE('',*,*,#3096,.F.);
#3096=EDGE_CURVE('',#3097,#3083,#3099,.T.);
#3097=VERTEX_POINT('',#3098);
#3098=CARTESIAN_POINT('',(3.4,0.65,5.551115123126E-16));
#3099=LINE('',#3098,#95);
#3100=ORIENTED_EDGE('',*,*,#3101,.T.);
#3101=EDGE_CURVE('',#3097,#3102,#3104,.T.);
#3102=VERTEX_POINT('',#3103);
#3103=CARTESIAN_POINT('',(3.4,0.65,0.3));
#3104=LINE('',#3098,#50);
#3105=ORIENTED_EDGE('',*,*,#3106,.T.);
#3106=EDGE_CURVE('',#3102,#3107,#3109,.T.);
#3107=VERTEX_POINT('',#3108);
#3108=CARTESIAN_POINT('',(2.9,0.65,0.3));
#3109=LINE('',#3110,#95);
#3110=CARTESIAN_POINT('',(3.95,0.65,0.3));
#3111=ORIENTED_EDGE('',*,*,#3112,.F.);
#3112=EDGE_CURVE('',#3113,#3107,#3115,.T.);
#3113=VERTEX_POINT('',#3114);
#3114=CARTESIAN_POINT('',(2.7,0.65,0.5));
#3115=CIRCLE('',#3116,0.2);
#3116=AXIS2_PLACEMENT_3D('',#3117,#44,#14);
#3117=CARTESIAN_POINT('',(2.9,0.65,0.5));
#3118=ORIENTED_EDGE('',*,*,#3119,.T.);
#3119=EDGE_CURVE('',#3113,#3120,#3122,.T.);
#3120=VERTEX_POINT('',#3121);
#3121=CARTESIAN_POINT('',(2.7,0.65,1.8));
#3122=LINE('',#3123,#50);
#3123=CARTESIAN_POINT('',(2.7,0.65,0.25));
#3124=ORIENTED_EDGE('',*,*,#3125,.T.);
#3125=EDGE_CURVE('',#3120,#3126,#3128,.T.);
#3126=VERTEX_POINT('',#3127);
#3127=CARTESIAN_POINT('',(1.6,0.65,1.8));
#3128=LINE('',#3129,#95);
#3129=CARTESIAN_POINT('',(3.4,0.65,1.8));
#3130=ORIENTED_EDGE('',*,*,#3131,.F.);
#3131=EDGE_CURVE('',#1646,#3126,#3088,.T.);
#3132=ORIENTED_EDGE('',*,*,#1645,.T.);
#3133=ORIENTED_EDGE('',*,*,#3134,.T.);
#3134=EDGE_CURVE('',#1642,#1017,#3135,.T.);
#3135=LINE('',#3136,#63);
#3136=CARTESIAN_POINT('',(1.7,0.65,0.1));
#3137=ORIENTED_EDGE('',*,*,#3087,.F.);
#3138=PLANE('',#3139);
#3139=AXIS2_PLACEMENT_3D('',#3098,#44,#96);
#3140=ADVANCED_FACE('',(#3141),#685,.T.);
#3141=FACE_BOUND('',#3142,.T.);
#3142=EDGE_LOOP('',(#1015,#3143,#3144,#3145));
#3143=ORIENTED_EDGE('',*,*,#3134,.F.);
#3144=ORIENTED_EDGE('',*,*,#1641,.T.);
#3145=ORIENTED_EDGE('',*,*,#3146,.F.);
#3146=EDGE_CURVE('',#1011,#1636,#3147,.T.);
#3147=LINE('',#3148,#50);
#3148=CARTESIAN_POINT('',(1.7,0.35,0.1));
#3149=ADVANCED_FACE('',(#3150),#3195,.T.);
#3150=FACE_BOUND('',#3151,.T.);
#3151=EDGE_LOOP('',(#3152,#3159,#1009,#3162,#3163,#3164,#3168,#3173,#3179,#3186,#3192));
#3152=ORIENTED_EDGE('',*,*,#3153,.F.);
#3153=EDGE_CURVE('',#3154,#3156,#3158,.T.);
#3154=VERTEX_POINT('',#3155);
#3155=CARTESIAN_POINT('',(1.6,0.35,6.106226635438E-16));
#3156=VERTEX_POINT('',#3157);
#3157=CARTESIAN_POINT('',(3.4,0.35,6.106226635438E-16));
#3158=LINE('',#3155,#178);
#3159=ORIENTED_EDGE('',*,*,#3160,.T.);
#3160=EDGE_CURVE('',#3154,#1005,#3161,.T.);
#3161=LINE('',#3155,#50);
#3162=ORIENTED_EDGE('',*,*,#3146,.T.);
#3163=ORIENTED_EDGE('',*,*,#1635,.T.);
#3164=ORIENTED_EDGE('',*,*,#3165,.T.);
#3165=EDGE_CURVE('',#1630,#3166,#3161,.T.);
#3166=VERTEX_POINT('',#3167);
#3167=CARTESIAN_POINT('',(1.6,0.35,1.8));
#3168=ORIENTED_EDGE('',*,*,#3169,.T.);
#3169=EDGE_CURVE('',#3166,#3170,#3172,.T.);
#3170=VERTEX_POINT('',#3171);
#3171=CARTESIAN_POINT('',(2.7,0.35,1.8));
#3172=LINE('',#3167,#178);
#3173=ORIENTED_EDGE('',*,*,#3174,.T.);
#3174=EDGE_CURVE('',#3170,#3175,#3177,.T.);
#3175=VERTEX_POINT('',#3176);
#3176=CARTESIAN_POINT('',(2.7,0.35,0.5));
#3177=LINE('',#3178,#63);
#3178=CARTESIAN_POINT('',(2.7,0.35,0.25));
#3179=ORIENTED_EDGE('',*,*,#3180,.T.);
#3180=EDGE_CURVE('',#3175,#3181,#3183,.T.);
#3181=VERTEX_POINT('',#3182);
#3182=CARTESIAN_POINT('',(2.9,0.35,0.3));
#3183=CIRCLE('',#3184,0.2);
#3184=AXIS2_PLACEMENT_3D('',#3185,#44,#14);
#3185=CARTESIAN_POINT('',(2.9,0.35,0.5));
#3186=ORIENTED_EDGE('',*,*,#3187,.T.);
#3187=EDGE_CURVE('',#3181,#3188,#3190,.T.);
#3188=VERTEX_POINT('',#3189);
#3189=CARTESIAN_POINT('',(3.4,0.35,0.3));
#3190=LINE('',#3191,#178);
#3191=CARTESIAN_POINT('',(3.05,0.35,0.3));
#3192=ORIENTED_EDGE('',*,*,#3193,.F.);
#3193=EDGE_CURVE('',#3156,#3188,#3194,.T.);
#3194=LINE('',#3157,#50);
#3195=PLANE('',#3196);
#3196=AXIS2_PLACEMENT_3D('',#3155,#17,#14);
#3197=ADVANCED_FACE('',(#3198),#3209,.T.);
#3198=FACE_BOUND('',#3199,.T.);
#3199=EDGE_LOOP('',(#3200,#3205,#1003,#3208));
#3200=ORIENTED_EDGE('',*,*,#3201,.F.);
#3201=EDGE_CURVE('',#3202,#3154,#3204,.T.);
#3202=VERTEX_POINT('',#3203);
#3203=CARTESIAN_POINT('',(1.6,0.15,6.106226635438E-16));
#3204=LINE('',#3203,#150);
#3205=ORIENTED_EDGE('',*,*,#3206,.T.);
#3206=EDGE_CURVE('',#3202,#999,#3207,.T.);
#3207=LINE('',#3203,#50);
#3208=ORIENTED_EDGE('',*,*,#3160,.F.);
#3209=PLANE('',#3210);
#3210=AXIS2_PLACEMENT_3D('',#3203,#96,#17);
#3211=ADVANCED_FACE('',(#3212),#3257,.T.);
#3212=FACE_BOUND('',#3213,.T.);
#3213=EDGE_LOOP('',(#3214,#3219,#3224,#3230,#3237,#3243,#3249,#3251,#3252,#997,#3256));
#3214=ORIENTED_EDGE('',*,*,#3215,.F.);
#3215=EDGE_CURVE('',#3216,#3202,#3218,.T.);
#3216=VERTEX_POINT('',#3217);
#3217=CARTESIAN_POINT('',(3.4,0.15,6.106226635438E-16));
#3218=LINE('',#3217,#95);
#3219=ORIENTED_EDGE('',*,*,#3220,.T.);
#3220=EDGE_CURVE('',#3216,#3221,#3223,.T.);
#3221=VERTEX_POINT('',#3222);
#3222=CARTESIAN_POINT('',(3.4,0.15,0.3));
#3223=LINE('',#3217,#50);
#3224=ORIENTED_EDGE('',*,*,#3225,.T.);
#3225=EDGE_CURVE('',#3221,#3226,#3228,.T.);
#3226=VERTEX_POINT('',#3227);
#3227=CARTESIAN_POINT('',(2.9,0.15,0.3));
#3228=LINE('',#3229,#95);
#3229=CARTESIAN_POINT('',(3.95,0.15,0.3));
#3230=ORIENTED_EDGE('',*,*,#3231,.F.);
#3231=EDGE_CURVE('',#3232,#3226,#3234,.T.);
#3232=VERTEX_POINT('',#3233);
#3233=CARTESIAN_POINT('',(2.7,0.15,0.5));
#3234=CIRCLE('',#3235,0.2);
#3235=AXIS2_PLACEMENT_3D('',#3236,#44,#14);
#3236=CARTESIAN_POINT('',(2.9,0.15,0.5));
#3237=ORIENTED_EDGE('',*,*,#3238,.T.);
#3238=EDGE_CURVE('',#3232,#3239,#3241,.T.);
#3239=VERTEX_POINT('',#3240);
#3240=CARTESIAN_POINT('',(2.7,0.15,1.8));
#3241=LINE('',#3242,#50);
#3242=CARTESIAN_POINT('',(2.7,0.15,0.25));
#3243=ORIENTED_EDGE('',*,*,#3244,.T.);
#3244=EDGE_CURVE('',#3239,#3245,#3247,.T.);
#3245=VERTEX_POINT('',#3246);
#3246=CARTESIAN_POINT('',(1.6,0.15,1.8));
#3247=LINE('',#3248,#95);
#3248=CARTESIAN_POINT('',(3.4,0.15,1.8));
#3249=ORIENTED_EDGE('',*,*,#3250,.F.);
#3250=EDGE_CURVE('',#1624,#3245,#3207,.T.);
#3251=ORIENTED_EDGE('',*,*,#1623,.T.);
#3252=ORIENTED_EDGE('',*,*,#3253,.T.);
#3253=EDGE_CURVE('',#1620,#995,#3254,.T.);
#3254=LINE('',#3255,#63);
#3255=CARTESIAN_POINT('',(1.7,0.15,0.1));
#3256=ORIENTED_EDGE('',*,*,#3206,.F.);
#3257=PLANE('',#3258);
#3258=AXIS2_PLACEMENT_3D('',#3217,#44,#96);
#3259=ADVANCED_FACE('',(#3260),#685,.T.);
#3260=FACE_BOUND('',#3261,.T.);
#3261=EDGE_LOOP('',(#993,#3262,#3263,#3264));
#3262=ORIENTED_EDGE('',*,*,#3253,.F.);
#3263=ORIENTED_EDGE('',*,*,#1619,.T.);
#3264=ORIENTED_EDGE('',*,*,#3265,.F.);
#3265=EDGE_CURVE('',#989,#1614,#3266,.T.);
#3266=LINE('',#3267,#50);
#3267=CARTESIAN_POINT('',(1.7,-0.15,0.1));
#3268=ADVANCED_FACE('',(#3269),#3314,.T.);
#3269=FACE_BOUND('',#3270,.T.);
#3270=EDGE_LOOP('',(#3271,#3278,#987,#3281,#3282,#3283,#3287,#3292,#3298,#3305,#3311));
#3271=ORIENTED_EDGE('',*,*,#3272,.F.);
#3272=EDGE_CURVE('',#3273,#3275,#3277,.T.);
#3273=VERTEX_POINT('',#3274);
#3274=CARTESIAN_POINT('',(1.6,-0.15,6.661338147751E-16));
#3275=VERTEX_POINT('',#3276);
#3276=CARTESIAN_POINT('',(3.4,-0.15,6.661338147751E-16));
#3277=LINE('',#3274,#178);
#3278=ORIENTED_EDGE('',*,*,#3279,.T.);
#3279=EDGE_CURVE('',#3273,#983,#3280,.T.);
#3280=LINE('',#3274,#50);
#3281=ORIENTED_EDGE('',*,*,#3265,.T.);
#3282=ORIENTED_EDGE('',*,*,#1613,.T.);
#3283=ORIENTED_EDGE('',*,*,#3284,.T.);
#3284=EDGE_CURVE('',#1608,#3285,#3280,.T.);
#3285=VERTEX_POINT('',#3286);
#3286=CARTESIAN_POINT('',(1.6,-0.15,1.8));
#3287=ORIENTED_EDGE('',*,*,#3288,.T.);
#3288=EDGE_CURVE('',#3285,#3289,#3291,.T.);
#3289=VERTEX_POINT('',#3290);
#3290=CARTESIAN_POINT('',(2.7,-0.15,1.8));
#3291=LINE('',#3286,#178);
#3292=ORIENTED_EDGE('',*,*,#3293,.T.);
#3293=EDGE_CURVE('',#3289,#3294,#3296,.T.);
#3294=VERTEX_POINT('',#3295);
#3295=CARTESIAN_POINT('',(2.7,-0.15,0.5));
#3296=LINE('',#3297,#63);
#3297=CARTESIAN_POINT('',(2.7,-0.15,0.25));
#3298=ORIENTED_EDGE('',*,*,#3299,.T.);
#3299=EDGE_CURVE('',#3294,#3300,#3302,.T.);
#3300=VERTEX_POINT('',#3301);
#3301=CARTESIAN_POINT('',(2.9,-0.15,0.3));
#3302=CIRCLE('',#3303,0.2);
#3303=AXIS2_PLACEMENT_3D('',#3304,#44,#14);
#3304=CARTESIAN_POINT('',(2.9,-0.15,0.5));
#3305=ORIENTED_EDGE('',*,*,#3306,.T.);
#3306=EDGE_CURVE('',#3300,#3307,#3309,.T.);
#3307=VERTEX_POINT('',#3308);
#3308=CARTESIAN_POINT('',(3.4,-0.15,0.3));
#3309=LINE('',#3310,#178);
#3310=CARTESIAN_POINT('',(3.05,-0.15,0.3));
#3311=ORIENTED_EDGE('',*,*,#3312,.F.);
#3312=EDGE_CURVE('',#3275,#3307,#3313,.T.);
#3313=LINE('',#3276,#50);
#3314=PLANE('',#3315);
#3315=AXIS2_PLACEMENT_3D('',#3274,#17,#14);
#3316=ADVANCED_FACE('',(#3317),#3328,.T.);
#3317=FACE_BOUND('',#3318,.T.);
#3318=EDGE_LOOP('',(#3319,#3324,#981,#3327));
#3319=ORIENTED_EDGE('',*,*,#3320,.F.);
#3320=EDGE_CURVE('',#3321,#3273,#3323,.T.);
#3321=VERTEX_POINT('',#3322);
#3322=CARTESIAN_POINT('',(1.6,-0.35,6.661338147751E-16));
#3323=LINE('',#3322,#150);
#3324=ORIENTED_EDGE('',*,*,#3325,.T.);
#3325=EDGE_CURVE('',#3321,#977,#3326,.T.);
#3326=LINE('',#3322,#50);
#3327=ORIENTED_EDGE('',*,*,#3279,.F.);
#3328=PLANE('',#3329);
#3329=AXIS2_PLACEMENT_3D('',#3322,#96,#17);
#3330=ADVANCED_FACE('',(#3331),#3376,.T.);
#3331=FACE_BOUND('',#3332,.T.);
#3332=EDGE_LOOP('',(#3333,#3338,#3343,#3349,#3356,#3362,#3368,#3370,#3371,#975,#3375));
#3333=ORIENTED_EDGE('',*,*,#3334,.F.);
#3334=EDGE_CURVE('',#3335,#3321,#3337,.T.);
#3335=VERTEX_POINT('',#3336);
#3336=CARTESIAN_POINT('',(3.4,-0.35,6.661338147751E-16));
#3337=LINE('',#3336,#95);
#3338=ORIENTED_EDGE('',*,*,#3339,.T.);
#3339=EDGE_CURVE('',#3335,#3340,#3342,.T.);
#3340=VERTEX_POINT('',#3341);
#3341=CARTESIAN_POINT('',(3.4,-0.35,0.3));
#3342=LINE('',#3336,#50);
#3343=ORIENTED_EDGE('',*,*,#3344,.T.);
#3344=EDGE_CURVE('',#3340,#3345,#3347,.T.);
#3345=VERTEX_POINT('',#3346);
#3346=CARTESIAN_POINT('',(2.9,-0.35,0.3));
#3347=LINE('',#3348,#95);
#3348=CARTESIAN_POINT('',(3.95,-0.35,0.3));
#3349=ORIENTED_EDGE('',*,*,#3350,.F.);
#3350=EDGE_CURVE('',#3351,#3345,#3353,.T.);
#3351=VERTEX_POINT('',#3352);
#3352=CARTESIAN_POINT('',(2.7,-0.35,0.5));
#3353=CIRCLE('',#3354,0.2);
#3354=AXIS2_PLACEMENT_3D('',#3355,#44,#14);
#3355=CARTESIAN_POINT('',(2.9,-0.35,0.5));
#3356=ORIENTED_EDGE('',*,*,#3357,.T.);
#3357=EDGE_CURVE('',#3351,#3358,#3360,.T.);
#3358=VERTEX_POINT('',#3359);
#3359=CARTESIAN_POINT('',(2.7,-0.35,1.8));
#3360=LINE('',#3361,#50);
#3361=CARTESIAN_POINT('',(2.7,-0.35,0.25));
#3362=ORIENTED_EDGE('',*,*,#3363,.T.);
#3363=EDGE_CURVE('',#3358,#3364,#3366,.T.);
#3364=VERTEX_POINT('',#3365);
#3365=CARTESIAN_POINT('',(1.6,-0.35,1.8));
#3366=LINE('',#3367,#95);
#3367=CARTESIAN_POINT('',(3.4,-0.35,1.8));
#3368=ORIENTED_EDGE('',*,*,#3369,.F.);
#3369=EDGE_CURVE('',#1602,#3364,#3326,.T.);
#3370=ORIENTED_EDGE('',*,*,#1601,.T.);
#3371=ORIENTED_EDGE('',*,*,#3372,.T.);
#3372=EDGE_CURVE('',#1598,#973,#3373,.T.);
#3373=LINE('',#3374,#63);
#3374=CARTESIAN_POINT('',(1.7,-0.35,0.1));
#3375=ORIENTED_EDGE('',*,*,#3325,.F.);
#3376=PLANE('',#3377);
#3377=AXIS2_PLACEMENT_3D('',#3336,#44,#96);
#3378=ADVANCED_FACE('',(#3379),#685,.T.);
#3379=FACE_BOUND('',#3380,.T.);
#3380=EDGE_LOOP('',(#971,#3381,#3382,#3383));
#3381=ORIENTED_EDGE('',*,*,#3372,.F.);
#3382=ORIENTED_EDGE('',*,*,#1597,.T.);
#3383=ORIENTED_EDGE('',*,*,#3384,.F.);
#3384=EDGE_CURVE('',#967,#1592,#3385,.T.);
#3385=LINE('',#3386,#50);
#3386=CARTESIAN_POINT('',(1.7,-0.65,0.1));
#3387=ADVANCED_FACE('',(#3388),#3433,.T.);
#3388=FACE_BOUND('',#3389,.T.);
#3389=EDGE_LOOP('',(#3390,#3397,#965,#3400,#3401,#3402,#3406,#3411,#3417,#3424,#3430));
#3390=ORIENTED_EDGE('',*,*,#3391,.F.);
#3391=EDGE_CURVE('',#3392,#3394,#3396,.T.);
#3392=VERTEX_POINT('',#3393);
#3393=CARTESIAN_POINT('',(1.6,-0.65,7.216449660064E-16));
#3394=VERTEX_POINT('',#3395);
#3395=CARTESIAN_POINT('',(3.4,-0.65,7.216449660064E-16));
#3396=LINE('',#3393,#178);
#3397=ORIENTED_EDGE('',*,*,#3398,.T.);
#3398=EDGE_CURVE('',#3392,#961,#3399,.T.);
#3399=LINE('',#3393,#50);
#3400=ORIENTED_EDGE('',*,*,#3384,.T.);
#3401=ORIENTED_EDGE('',*,*,#1591,.T.);
#3402=ORIENTED_EDGE('',*,*,#3403,.T.);
#3403=EDGE_CURVE('',#1586,#3404,#3399,.T.);
#3404=VERTEX_POINT('',#3405);
#3405=CARTESIAN_POINT('',(1.6,-0.65,1.8));
#3406=ORIENTED_EDGE('',*,*,#3407,.T.);
#3407=EDGE_CURVE('',#3404,#3408,#3410,.T.);
#3408=VERTEX_POINT('',#3409);
#3409=CARTESIAN_POINT('',(2.7,-0.65,1.8));
#3410=LINE('',#3405,#178);
#3411=ORIENTED_EDGE('',*,*,#3412,.T.);
#3412=EDGE_CURVE('',#3408,#3413,#3415,.T.);
#3413=VERTEX_POINT('',#3414);
#3414=CARTESIAN_POINT('',(2.7,-0.65,0.5));
#3415=LINE('',#3416,#63);
#3416=CARTESIAN_POINT('',(2.7,-0.65,0.25));
#3417=ORIENTED_EDGE('',*,*,#3418,.T.);
#3418=EDGE_CURVE('',#3413,#3419,#3421,.T.);
#3419=VERTEX_POINT('',#3420);
#3420=CARTESIAN_POINT('',(2.9,-0.65,0.3));
#3421=CIRCLE('',#3422,0.2);
#3422=AXIS2_PLACEMENT_3D('',#3423,#44,#14);
#3423=CARTESIAN_POINT('',(2.9,-0.65,0.5));
#3424=ORIENTED_EDGE('',*,*,#3425,.T.);
#3425=EDGE_CURVE('',#3419,#3426,#3428,.T.);
#3426=VERTEX_POINT('',#3427);
#3427=CARTESIAN_POINT('',(3.4,-0.65,0.3));
#3428=LINE('',#3429,#178);
#3429=CARTESIAN_POINT('',(3.05,-0.65,0.3));
#3430=ORIENTED_EDGE('',*,*,#3431,.F.);
#3431=EDGE_CURVE('',#3394,#3426,#3432,.T.);
#3432=LINE('',#3395,#50);
#3433=PLANE('',#3434);
#3434=AXIS2_PLACEMENT_3D('',#3393,#17,#14);
#3435=ADVANCED_FACE('',(#3436),#3447,.T.);
#3436=FACE_BOUND('',#3437,.T.);
#3437=EDGE_LOOP('',(#3438,#3443,#959,#3446));
#3438=ORIENTED_EDGE('',*,*,#3439,.F.);
#3439=EDGE_CURVE('',#3440,#3392,#3442,.T.);
#3440=VERTEX_POINT('',#3441);
#3441=CARTESIAN_POINT('',(1.6,-0.85,7.216449660064E-16));
#3442=LINE('',#3441,#150);
#3443=ORIENTED_EDGE('',*,*,#3444,.T.);
#3444=EDGE_CURVE('',#3440,#955,#3445,.T.);
#3445=LINE('',#3441,#50);
#3446=ORIENTED_EDGE('',*,*,#3398,.F.);
#3447=PLANE('',#3448);
#3448=AXIS2_PLACEMENT_3D('',#3441,#96,#17);
#3449=ADVANCED_FACE('',(#3450),#3495,.T.);
#3450=FACE_BOUND('',#3451,.T.);
#3451=EDGE_LOOP('',(#3452,#3457,#3462,#3468,#3475,#3481,#3487,#3489,#3490,#953,#3494));
#3452=ORIENTED_EDGE('',*,*,#3453,.F.);
#3453=EDGE_CURVE('',#3454,#3440,#3456,.T.);
#3454=VERTEX_POINT('',#3455);
#3455=CARTESIAN_POINT('',(3.4,-0.85,7.216449660064E-16));
#3456=LINE('',#3455,#95);
#3457=ORIENTED_EDGE('',*,*,#3458,.T.);
#3458=EDGE_CURVE('',#3454,#3459,#3461,.T.);
#3459=VERTEX_POINT('',#3460);
#3460=CARTESIAN_POINT('',(3.4,-0.85,0.3));
#3461=LINE('',#3455,#50);
#3462=ORIENTED_EDGE('',*,*,#3463,.T.);
#3463=EDGE_CURVE('',#3459,#3464,#3466,.T.);
#3464=VERTEX_POINT('',#3465);
#3465=CARTESIAN_POINT('',(2.9,-0.85,0.3));
#3466=LINE('',#3467,#95);
#3467=CARTESIAN_POINT('',(3.95,-0.85,0.3));
#3468=ORIENTED_EDGE('',*,*,#3469,.F.);
#3469=EDGE_CURVE('',#3470,#3464,#3472,.T.);
#3470=VERTEX_POINT('',#3471);
#3471=CARTESIAN_POINT('',(2.7,-0.85,0.5));
#3472=CIRCLE('',#3473,0.2);
#3473=AXIS2_PLACEMENT_3D('',#3474,#44,#14);
#3474=CARTESIAN_POINT('',(2.9,-0.85,0.5));
#3475=ORIENTED_EDGE('',*,*,#3476,.T.);
#3476=EDGE_CURVE('',#3470,#3477,#3479,.T.);
#3477=VERTEX_POINT('',#3478);
#3478=CARTESIAN_POINT('',(2.7,-0.85,1.8));
#3479=LINE('',#3480,#50);
#3480=CARTESIAN_POINT('',(2.7,-0.85,0.25));
#3481=ORIENTED_EDGE('',*,*,#3482,.T.);
#3482=EDGE_CURVE('',#3477,#3483,#3485,.T.);
#3483=VERTEX_POINT('',#3484);
#3484=CARTESIAN_POINT('',(1.6,-0.85,1.8));
#3485=LINE('',#3486,#95);
#3486=CARTESIAN_POINT('',(3.4,-0.85,1.8));
#3487=ORIENTED_EDGE('',*,*,#3488,.F.);
#3488=EDGE_CURVE('',#1580,#3483,#3445,.T.);
#3489=ORIENTED_EDGE('',*,*,#1579,.T.);
#3490=ORIENTED_EDGE('',*,*,#3491,.T.);
#3491=EDGE_CURVE('',#1576,#951,#3492,.T.);
#3492=LINE('',#3493,#63);
#3493=CARTESIAN_POINT('',(1.7,-0.85,0.1));
#3494=ORIENTED_EDGE('',*,*,#3444,.F.);
#3495=PLANE('',#3496);
#3496=AXIS2_PLACEMENT_3D('',#3455,#44,#96);
#3497=ADVANCED_FACE('',(#3498),#685,.T.);
#3498=FACE_BOUND('',#3499,.T.);
#3499=EDGE_LOOP('',(#949,#3500,#3501,#3502));
#3500=ORIENTED_EDGE('',*,*,#3491,.F.);
#3501=ORIENTED_EDGE('',*,*,#1575,.T.);
#3502=ORIENTED_EDGE('',*,*,#3503,.F.);
#3503=EDGE_CURVE('',#945,#1570,#3504,.T.);
#3504=LINE('',#3505,#50);
#3505=CARTESIAN_POINT('',(1.7,-1.15,0.1));
#3506=ADVANCED_FACE('',(#3507),#3552,.T.);
#3507=FACE_BOUND('',#3508,.T.);
#3508=EDGE_LOOP('',(#3509,#3516,#943,#3519,#3520,#3521,#3525,#3530,#3536,#3543,#3549));
#3509=ORIENTED_EDGE('',*,*,#3510,.F.);
#3510=EDGE_CURVE('',#3511,#3513,#3515,.T.);
#3511=VERTEX_POINT('',#3512);
#3512=CARTESIAN_POINT('',(1.6,-1.15,7.771561172376E-16));
#3513=VERTEX_POINT('',#3514);
#3514=CARTESIAN_POINT('',(3.4,-1.15,7.771561172376E-16));
#3515=LINE('',#3512,#178);
#3516=ORIENTED_EDGE('',*,*,#3517,.T.);
#3517=EDGE_CURVE('',#3511,#939,#3518,.T.);
#3518=LINE('',#3512,#50);
#3519=ORIENTED_EDGE('',*,*,#3503,.T.);
#3520=ORIENTED_EDGE('',*,*,#1569,.T.);
#3521=ORIENTED_EDGE('',*,*,#3522,.T.);
#3522=EDGE_CURVE('',#1564,#3523,#3518,.T.);
#3523=VERTEX_POINT('',#3524);
#3524=CARTESIAN_POINT('',(1.6,-1.15,1.8));
#3525=ORIENTED_EDGE('',*,*,#3526,.T.);
#3526=EDGE_CURVE('',#3523,#3527,#3529,.T.);
#3527=VERTEX_POINT('',#3528);
#3528=CARTESIAN_POINT('',(2.7,-1.15,1.8));
#3529=LINE('',#3524,#178);
#3530=ORIENTED_EDGE('',*,*,#3531,.T.);
#3531=EDGE_CURVE('',#3527,#3532,#3534,.T.);
#3532=VERTEX_POINT('',#3533);
#3533=CARTESIAN_POINT('',(2.7,-1.15,0.5));
#3534=LINE('',#3535,#63);
#3535=CARTESIAN_POINT('',(2.7,-1.15,0.25));
#3536=ORIENTED_EDGE('',*,*,#3537,.T.);
#3537=EDGE_CURVE('',#3532,#3538,#3540,.T.);
#3538=VERTEX_POINT('',#3539);
#3539=CARTESIAN_POINT('',(2.9,-1.15,0.3));
#3540=CIRCLE('',#3541,0.2);
#3541=AXIS2_PLACEMENT_3D('',#3542,#44,#14);
#3542=CARTESIAN_POINT('',(2.9,-1.15,0.5));
#3543=ORIENTED_EDGE('',*,*,#3544,.T.);
#3544=EDGE_CURVE('',#3538,#3545,#3547,.T.);
#3545=VERTEX_POINT('',#3546);
#3546=CARTESIAN_POINT('',(3.4,-1.15,0.3));
#3547=LINE('',#3548,#178);
#3548=CARTESIAN_POINT('',(3.05,-1.15,0.3));
#3549=ORIENTED_EDGE('',*,*,#3550,.F.);
#3550=EDGE_CURVE('',#3513,#3545,#3551,.T.);
#3551=LINE('',#3514,#50);
#3552=PLANE('',#3553);
#3553=AXIS2_PLACEMENT_3D('',#3512,#17,#14);
#3554=ADVANCED_FACE('',(#3555),#3566,.T.);
#3555=FACE_BOUND('',#3556,.T.);
#3556=EDGE_LOOP('',(#3557,#3562,#937,#3565));
#3557=ORIENTED_EDGE('',*,*,#3558,.F.);
#3558=EDGE_CURVE('',#3559,#3511,#3561,.T.);
#3559=VERTEX_POINT('',#3560);
#3560=CARTESIAN_POINT('',(1.6,-1.35,7.771561172376E-16));
#3561=LINE('',#3560,#150);
#3562=ORIENTED_EDGE('',*,*,#3563,.T.);
#3563=EDGE_CURVE('',#3559,#933,#3564,.T.);
#3564=LINE('',#3560,#50);
#3565=ORIENTED_EDGE('',*,*,#3517,.F.);
#3566=PLANE('',#3567);
#3567=AXIS2_PLACEMENT_3D('',#3560,#96,#17);
#3568=ADVANCED_FACE('',(#3569),#3614,.T.);
#3569=FACE_BOUND('',#3570,.T.);
#3570=EDGE_LOOP('',(#3571,#3576,#3581,#3587,#3594,#3600,#3606,#3608,#3609,#931,#3613));
#3571=ORIENTED_EDGE('',*,*,#3572,.F.);
#3572=EDGE_CURVE('',#3573,#3559,#3575,.T.);
#3573=VERTEX_POINT('',#3574);
#3574=CARTESIAN_POINT('',(3.4,-1.35,7.771561172376E-16));
#3575=LINE('',#3574,#95);
#3576=ORIENTED_EDGE('',*,*,#3577,.T.);
#3577=EDGE_CURVE('',#3573,#3578,#3580,.T.);
#3578=VERTEX_POINT('',#3579);
#3579=CARTESIAN_POINT('',(3.4,-1.35,0.3));
#3580=LINE('',#3574,#50);
#3581=ORIENTED_EDGE('',*,*,#3582,.T.);
#3582=EDGE_CURVE('',#3578,#3583,#3585,.T.);
#3583=VERTEX_POINT('',#3584);
#3584=CARTESIAN_POINT('',(2.9,-1.35,0.3));
#3585=LINE('',#3586,#95);
#3586=CARTESIAN_POINT('',(3.95,-1.35,0.3));
#3587=ORIENTED_EDGE('',*,*,#3588,.F.);
#3588=EDGE_CURVE('',#3589,#3583,#3591,.T.);
#3589=VERTEX_POINT('',#3590);
#3590=CARTESIAN_POINT('',(2.7,-1.35,0.5));
#3591=CIRCLE('',#3592,0.2);
#3592=AXIS2_PLACEMENT_3D('',#3593,#44,#14);
#3593=CARTESIAN_POINT('',(2.9,-1.35,0.5));
#3594=ORIENTED_EDGE('',*,*,#3595,.T.);
#3595=EDGE_CURVE('',#3589,#3596,#3598,.T.);
#3596=VERTEX_POINT('',#3597);
#3597=CARTESIAN_POINT('',(2.7,-1.35,1.8));
#3598=LINE('',#3599,#50);
#3599=CARTESIAN_POINT('',(2.7,-1.35,0.25));
#3600=ORIENTED_EDGE('',*,*,#3601,.T.);
#3601=EDGE_CURVE('',#3596,#3602,#3604,.T.);
#3602=VERTEX_POINT('',#3603);
#3603=CARTESIAN_POINT('',(1.6,-1.35,1.8));
#3604=LINE('',#3605,#95);
#3605=CARTESIAN_POINT('',(3.4,-1.35,1.8));
#3606=ORIENTED_EDGE('',*,*,#3607,.F.);
#3607=EDGE_CURVE('',#1558,#3602,#3564,.T.);
#3608=ORIENTED_EDGE('',*,*,#1557,.T.);
#3609=ORIENTED_EDGE('',*,*,#3610,.T.);
#3610=EDGE_CURVE('',#1554,#929,#3611,.T.);
#3611=LINE('',#3612,#63);
#3612=CARTESIAN_POINT('',(1.7,-1.35,0.1));
#3613=ORIENTED_EDGE('',*,*,#3563,.F.);
#3614=PLANE('',#3615);
#3615=AXIS2_PLACEMENT_3D('',#3574,#44,#96);
#3616=ADVANCED_FACE('',(#3617),#685,.T.);
#3617=FACE_BOUND('',#3618,.T.);
#3618=EDGE_LOOP('',(#927,#3619,#3620,#3621));
#3619=ORIENTED_EDGE('',*,*,#3610,.F.);
#3620=ORIENTED_EDGE('',*,*,#1553,.T.);
#3621=ORIENTED_EDGE('',*,*,#3622,.F.);
#3622=EDGE_CURVE('',#923,#1548,#3623,.T.);
#3623=LINE('',#3624,#50);
#3624=CARTESIAN_POINT('',(1.7,-1.65,0.1));
#3625=ADVANCED_FACE('',(#3626),#3671,.T.);
#3626=FACE_BOUND('',#3627,.T.);
#3627=EDGE_LOOP('',(#3628,#3635,#921,#3638,#3639,#3640,#3644,#3649,#3655,#3662,#3668));
#3628=ORIENTED_EDGE('',*,*,#3629,.F.);
#3629=EDGE_CURVE('',#3630,#3632,#3634,.T.);
#3630=VERTEX_POINT('',#3631);
#3631=CARTESIAN_POINT('',(1.6,-1.65,8.326672684689E-16));
#3632=VERTEX_POINT('',#3633);
#3633=CARTESIAN_POINT('',(3.4,-1.65,8.326672684689E-16));
#3634=LINE('',#3631,#178);
#3635=ORIENTED_EDGE('',*,*,#3636,.T.);
#3636=EDGE_CURVE('',#3630,#917,#3637,.T.);
#3637=LINE('',#3631,#50);
#3638=ORIENTED_EDGE('',*,*,#3622,.T.);
#3639=ORIENTED_EDGE('',*,*,#1547,.T.);
#3640=ORIENTED_EDGE('',*,*,#3641,.T.);
#3641=EDGE_CURVE('',#1542,#3642,#3637,.T.);
#3642=VERTEX_POINT('',#3643);
#3643=CARTESIAN_POINT('',(1.6,-1.65,1.8));
#3644=ORIENTED_EDGE('',*,*,#3645,.T.);
#3645=EDGE_CURVE('',#3642,#3646,#3648,.T.);
#3646=VERTEX_POINT('',#3647);
#3647=CARTESIAN_POINT('',(2.7,-1.65,1.8));
#3648=LINE('',#3643,#178);
#3649=ORIENTED_EDGE('',*,*,#3650,.T.);
#3650=EDGE_CURVE('',#3646,#3651,#3653,.T.);
#3651=VERTEX_POINT('',#3652);
#3652=CARTESIAN_POINT('',(2.7,-1.65,0.5));
#3653=LINE('',#3654,#63);
#3654=CARTESIAN_POINT('',(2.7,-1.65,0.25));
#3655=ORIENTED_EDGE('',*,*,#3656,.T.);
#3656=EDGE_CURVE('',#3651,#3657,#3659,.T.);
#3657=VERTEX_POINT('',#3658);
#3658=CARTESIAN_POINT('',(2.9,-1.65,0.3));
#3659=CIRCLE('',#3660,0.2);
#3660=AXIS2_PLACEMENT_3D('',#3661,#44,#14);
#3661=CARTESIAN_POINT('',(2.9,-1.65,0.5));
#3662=ORIENTED_EDGE('',*,*,#3663,.T.);
#3663=EDGE_CURVE('',#3657,#3664,#3666,.T.);
#3664=VERTEX_POINT('',#3665);
#3665=CARTESIAN_POINT('',(3.4,-1.65,0.3));
#3666=LINE('',#3667,#178);
#3667=CARTESIAN_POINT('',(3.05,-1.65,0.3));
#3668=ORIENTED_EDGE('',*,*,#3669,.F.);
#3669=EDGE_CURVE('',#3632,#3664,#3670,.T.);
#3670=LINE('',#3633,#50);
#3671=PLANE('',#3672);
#3672=AXIS2_PLACEMENT_3D('',#3631,#17,#14);
#3673=ADVANCED_FACE('',(#3674),#3685,.T.);
#3674=FACE_BOUND('',#3675,.T.);
#3675=EDGE_LOOP('',(#3676,#3681,#915,#3684));
#3676=ORIENTED_EDGE('',*,*,#3677,.F.);
#3677=EDGE_CURVE('',#3678,#3630,#3680,.T.);
#3678=VERTEX_POINT('',#3679);
#3679=CARTESIAN_POINT('',(1.6,-1.85,8.326672684689E-16));
#3680=LINE('',#3679,#150);
#3681=ORIENTED_EDGE('',*,*,#3682,.T.);
#3682=EDGE_CURVE('',#3678,#911,#3683,.T.);
#3683=LINE('',#3679,#50);
#3684=ORIENTED_EDGE('',*,*,#3636,.F.);
#3685=PLANE('',#3686);
#3686=AXIS2_PLACEMENT_3D('',#3679,#96,#17);
#3687=ADVANCED_FACE('',(#3688),#3733,.T.);
#3688=FACE_BOUND('',#3689,.T.);
#3689=EDGE_LOOP('',(#3690,#3695,#3700,#3706,#3713,#3719,#3725,#3727,#3728,#909,#3732));
#3690=ORIENTED_EDGE('',*,*,#3691,.F.);
#3691=EDGE_CURVE('',#3692,#3678,#3694,.T.);
#3692=VERTEX_POINT('',#3693);
#3693=CARTESIAN_POINT('',(3.4,-1.85,8.326672684689E-16));
#3694=LINE('',#3693,#95);
#3695=ORIENTED_EDGE('',*,*,#3696,.T.);
#3696=EDGE_CURVE('',#3692,#3697,#3699,.T.);
#3697=VERTEX_POINT('',#3698);
#3698=CARTESIAN_POINT('',(3.4,-1.85,0.3));
#3699=LINE('',#3693,#50);
#3700=ORIENTED_EDGE('',*,*,#3701,.T.);
#3701=EDGE_CURVE('',#3697,#3702,#3704,.T.);
#3702=VERTEX_POINT('',#3703);
#3703=CARTESIAN_POINT('',(2.9,-1.85,0.3));
#3704=LINE('',#3705,#95);
#3705=CARTESIAN_POINT('',(3.95,-1.85,0.3));
#3706=ORIENTED_EDGE('',*,*,#3707,.F.);
#3707=EDGE_CURVE('',#3708,#3702,#3710,.T.);
#3708=VERTEX_POINT('',#3709);
#3709=CARTESIAN_POINT('',(2.7,-1.85,0.5));
#3710=CIRCLE('',#3711,0.2);
#3711=AXIS2_PLACEMENT_3D('',#3712,#44,#14);
#3712=CARTESIAN_POINT('',(2.9,-1.85,0.5));
#3713=ORIENTED_EDGE('',*,*,#3714,.T.);
#3714=EDGE_CURVE('',#3708,#3715,#3717,.T.);
#3715=VERTEX_POINT('',#3716);
#3716=CARTESIAN_POINT('',(2.7,-1.85,1.8));
#3717=LINE('',#3718,#50);
#3718=CARTESIAN_POINT('',(2.7,-1.85,0.25));
#3719=ORIENTED_EDGE('',*,*,#3720,.T.);
#3720=EDGE_CURVE('',#3715,#3721,#3723,.T.);
#3721=VERTEX_POINT('',#3722);
#3722=CARTESIAN_POINT('',(1.6,-1.85,1.8));
#3723=LINE('',#3724,#95);
#3724=CARTESIAN_POINT('',(3.4,-1.85,1.8));
#3725=ORIENTED_EDGE('',*,*,#3726,.F.);
#3726=EDGE_CURVE('',#1536,#3721,#3683,.T.);
#3727=ORIENTED_EDGE('',*,*,#1535,.T.);
#3728=ORIENTED_EDGE('',*,*,#3729,.T.);
#3729=EDGE_CURVE('',#1532,#907,#3730,.T.);
#3730=LINE('',#3731,#63);
#3731=CARTESIAN_POINT('',(1.7,-1.85,0.1));
#3732=ORIENTED_EDGE('',*,*,#3682,.F.);
#3733=PLANE('',#3734);
#3734=AXIS2_PLACEMENT_3D('',#3693,#44,#96);
#3735=ADVANCED_FACE('',(#3736),#685,.T.);
#3736=FACE_BOUND('',#3737,.T.);
#3737=EDGE_LOOP('',(#905,#3738,#3739,#3740));
#3738=ORIENTED_EDGE('',*,*,#3729,.F.);
#3739=ORIENTED_EDGE('',*,*,#1531,.T.);
#3740=ORIENTED_EDGE('',*,*,#3741,.F.);
#3741=EDGE_CURVE('',#901,#1526,#3742,.T.);
#3742=LINE('',#3743,#50);
#3743=CARTESIAN_POINT('',(1.7,-2.15,0.1));
#3744=ADVANCED_FACE('',(#3745),#3790,.T.);
#3745=FACE_BOUND('',#3746,.T.);
#3746=EDGE_LOOP('',(#3747,#3754,#899,#3757,#3758,#3759,#3763,#3768,#3774,#3781,#3787));
#3747=ORIENTED_EDGE('',*,*,#3748,.F.);
#3748=EDGE_CURVE('',#3749,#3751,#3753,.T.);
#3749=VERTEX_POINT('',#3750);
#3750=CARTESIAN_POINT('',(1.6,-2.15,8.881784197001E-16));
#3751=VERTEX_POINT('',#3752);
#3752=CARTESIAN_POINT('',(3.4,-2.15,8.881784197001E-16));
#3753=LINE('',#3750,#178);
#3754=ORIENTED_EDGE('',*,*,#3755,.T.);
#3755=EDGE_CURVE('',#3749,#895,#3756,.T.);
#3756=LINE('',#3750,#50);
#3757=ORIENTED_EDGE('',*,*,#3741,.T.);
#3758=ORIENTED_EDGE('',*,*,#1525,.T.);
#3759=ORIENTED_EDGE('',*,*,#3760,.T.);
#3760=EDGE_CURVE('',#1520,#3761,#3756,.T.);
#3761=VERTEX_POINT('',#3762);
#3762=CARTESIAN_POINT('',(1.6,-2.15,1.8));
#3763=ORIENTED_EDGE('',*,*,#3764,.T.);
#3764=EDGE_CURVE('',#3761,#3765,#3767,.T.);
#3765=VERTEX_POINT('',#3766);
#3766=CARTESIAN_POINT('',(2.7,-2.15,1.8));
#3767=LINE('',#3762,#178);
#3768=ORIENTED_EDGE('',*,*,#3769,.T.);
#3769=EDGE_CURVE('',#3765,#3770,#3772,.T.);
#3770=VERTEX_POINT('',#3771);
#3771=CARTESIAN_POINT('',(2.7,-2.15,0.5));
#3772=LINE('',#3773,#63);
#3773=CARTESIAN_POINT('',(2.7,-2.15,0.25));
#3774=ORIENTED_EDGE('',*,*,#3775,.T.);
#3775=EDGE_CURVE('',#3770,#3776,#3778,.T.);
#3776=VERTEX_POINT('',#3777);
#3777=CARTESIAN_POINT('',(2.9,-2.15,0.3));
#3778=CIRCLE('',#3779,0.2);
#3779=AXIS2_PLACEMENT_3D('',#3780,#44,#14);
#3780=CARTESIAN_POINT('',(2.9,-2.15,0.5));
#3781=ORIENTED_EDGE('',*,*,#3782,.T.);
#3782=EDGE_CURVE('',#3776,#3783,#3785,.T.);
#3783=VERTEX_POINT('',#3784);
#3784=CARTESIAN_POINT('',(3.4,-2.15,0.3));
#3785=LINE('',#3786,#178);
#3786=CARTESIAN_POINT('',(3.05,-2.15,0.3));
#3787=ORIENTED_EDGE('',*,*,#3788,.F.);
#3788=EDGE_CURVE('',#3751,#3783,#3789,.T.);
#3789=LINE('',#3752,#50);
#3790=PLANE('',#3791);
#3791=AXIS2_PLACEMENT_3D('',#3750,#17,#14);
#3792=ADVANCED_FACE('',(#3793),#3804,.T.);
#3793=FACE_BOUND('',#3794,.T.);
#3794=EDGE_LOOP('',(#3795,#3800,#893,#3803));
#3795=ORIENTED_EDGE('',*,*,#3796,.F.);
#3796=EDGE_CURVE('',#3797,#3749,#3799,.T.);
#3797=VERTEX_POINT('',#3798);
#3798=CARTESIAN_POINT('',(1.6,-2.35,8.881784197001E-16));
#3799=LINE('',#3798,#150);
#3800=ORIENTED_EDGE('',*,*,#3801,.T.);
#3801=EDGE_CURVE('',#3797,#889,#3802,.T.);
#3802=LINE('',#3798,#50);
#3803=ORIENTED_EDGE('',*,*,#3755,.F.);
#3804=PLANE('',#3805);
#3805=AXIS2_PLACEMENT_3D('',#3798,#96,#17);
#3806=ADVANCED_FACE('',(#3807),#3852,.T.);
#3807=FACE_BOUND('',#3808,.T.);
#3808=EDGE_LOOP('',(#3809,#3814,#3819,#3825,#3832,#3838,#3844,#3846,#3847,#887,#3851));
#3809=ORIENTED_EDGE('',*,*,#3810,.F.);
#3810=EDGE_CURVE('',#3811,#3797,#3813,.T.);
#3811=VERTEX_POINT('',#3812);
#3812=CARTESIAN_POINT('',(3.4,-2.35,8.881784197001E-16));
#3813=LINE('',#3812,#95);
#3814=ORIENTED_EDGE('',*,*,#3815,.T.);
#3815=EDGE_CURVE('',#3811,#3816,#3818,.T.);
#3816=VERTEX_POINT('',#3817);
#3817=CARTESIAN_POINT('',(3.4,-2.35,0.3));
#3818=LINE('',#3812,#50);
#3819=ORIENTED_EDGE('',*,*,#3820,.T.);
#3820=EDGE_CURVE('',#3816,#3821,#3823,.T.);
#3821=VERTEX_POINT('',#3822);
#3822=CARTESIAN_POINT('',(2.9,-2.35,0.3));
#3823=LINE('',#3824,#95);
#3824=CARTESIAN_POINT('',(3.95,-2.35,0.3));
#3825=ORIENTED_EDGE('',*,*,#3826,.F.);
#3826=EDGE_CURVE('',#3827,#3821,#3829,.T.);
#3827=VERTEX_POINT('',#3828);
#3828=CARTESIAN_POINT('',(2.7,-2.35,0.5));
#3829=CIRCLE('',#3830,0.2);
#3830=AXIS2_PLACEMENT_3D('',#3831,#44,#14);
#3831=CARTESIAN_POINT('',(2.9,-2.35,0.5));
#3832=ORIENTED_EDGE('',*,*,#3833,.T.);
#3833=EDGE_CURVE('',#3827,#3834,#3836,.T.);
#3834=VERTEX_POINT('',#3835);
#3835=CARTESIAN_POINT('',(2.7,-2.35,1.8));
#3836=LINE('',#3837,#50);
#3837=CARTESIAN_POINT('',(2.7,-2.35,0.25));
#3838=ORIENTED_EDGE('',*,*,#3839,.T.);
#3839=EDGE_CURVE('',#3834,#3840,#3842,.T.);
#3840=VERTEX_POINT('',#3841);
#3841=CARTESIAN_POINT('',(1.6,-2.35,1.8));
#3842=LINE('',#3843,#95);
#3843=CARTESIAN_POINT('',(3.4,-2.35,1.8));
#3844=ORIENTED_EDGE('',*,*,#3845,.F.);
#3845=EDGE_CURVE('',#1514,#3840,#3802,.T.);
#3846=ORIENTED_EDGE('',*,*,#1513,.T.);
#3847=ORIENTED_EDGE('',*,*,#3848,.T.);
#3848=EDGE_CURVE('',#1510,#885,#3849,.T.);
#3849=LINE('',#3850,#63);
#3850=CARTESIAN_POINT('',(1.7,-2.35,0.1));
#3851=ORIENTED_EDGE('',*,*,#3801,.F.);
#3852=PLANE('',#3853);
#3853=AXIS2_PLACEMENT_3D('',#3812,#44,#96);
#3854=ADVANCED_FACE('',(#3855),#685,.T.);
#3855=FACE_BOUND('',#3856,.T.);
#3856=EDGE_LOOP('',(#883,#3857,#3858,#3859));
#3857=ORIENTED_EDGE('',*,*,#3848,.F.);
#3858=ORIENTED_EDGE('',*,*,#1509,.T.);
#3859=ORIENTED_EDGE('',*,*,#3860,.F.);
#3860=EDGE_CURVE('',#879,#1504,#3861,.T.);
#3861=LINE('',#3862,#50);
#3862=CARTESIAN_POINT('',(1.7,-2.65,0.1));
#3863=ADVANCED_FACE('',(#3864),#3909,.T.);
#3864=FACE_BOUND('',#3865,.T.);
#3865=EDGE_LOOP('',(#3866,#3873,#877,#3876,#3877,#3878,#3882,#3887,#3893,#3900,#3906));
#3866=ORIENTED_EDGE('',*,*,#3867,.F.);
#3867=EDGE_CURVE('',#3868,#3870,#3872,.T.);
#3868=VERTEX_POINT('',#3869);
#3869=CARTESIAN_POINT('',(1.6,-2.65,9.436895709314E-16));
#3870=VERTEX_POINT('',#3871);
#3871=CARTESIAN_POINT('',(3.4,-2.65,9.436895709314E-16));
#3872=LINE('',#3869,#178);
#3873=ORIENTED_EDGE('',*,*,#3874,.T.);
#3874=EDGE_CURVE('',#3868,#873,#3875,.T.);
#3875=LINE('',#3869,#50);
#3876=ORIENTED_EDGE('',*,*,#3860,.T.);
#3877=ORIENTED_EDGE('',*,*,#1503,.T.);
#3878=ORIENTED_EDGE('',*,*,#3879,.T.);
#3879=EDGE_CURVE('',#1498,#3880,#3875,.T.);
#3880=VERTEX_POINT('',#3881);
#3881=CARTESIAN_POINT('',(1.6,-2.65,1.8));
#3882=ORIENTED_EDGE('',*,*,#3883,.T.);
#3883=EDGE_CURVE('',#3880,#3884,#3886,.T.);
#3884=VERTEX_POINT('',#3885);
#3885=CARTESIAN_POINT('',(2.7,-2.65,1.8));
#3886=LINE('',#3881,#178);
#3887=ORIENTED_EDGE('',*,*,#3888,.T.);
#3888=EDGE_CURVE('',#3884,#3889,#3891,.T.);
#3889=VERTEX_POINT('',#3890);
#3890=CARTESIAN_POINT('',(2.7,-2.65,0.5));
#3891=LINE('',#3892,#63);
#3892=CARTESIAN_POINT('',(2.7,-2.65,0.25));
#3893=ORIENTED_EDGE('',*,*,#3894,.T.);
#3894=EDGE_CURVE('',#3889,#3895,#3897,.T.);
#3895=VERTEX_POINT('',#3896);
#3896=CARTESIAN_POINT('',(2.9,-2.65,0.3));
#3897=CIRCLE('',#3898,0.2);
#3898=AXIS2_PLACEMENT_3D('',#3899,#44,#14);
#3899=CARTESIAN_POINT('',(2.9,-2.65,0.5));
#3900=ORIENTED_EDGE('',*,*,#3901,.T.);
#3901=EDGE_CURVE('',#3895,#3902,#3904,.T.);
#3902=VERTEX_POINT('',#3903);
#3903=CARTESIAN_POINT('',(3.4,-2.65,0.3));
#3904=LINE('',#3905,#178);
#3905=CARTESIAN_POINT('',(3.05,-2.65,0.3));
#3906=ORIENTED_EDGE('',*,*,#3907,.F.);
#3907=EDGE_CURVE('',#3870,#3902,#3908,.T.);
#3908=LINE('',#3871,#50);
#3909=PLANE('',#3910);
#3910=AXIS2_PLACEMENT_3D('',#3869,#17,#14);
#3911=ADVANCED_FACE('',(#3912),#3923,.T.);
#3912=FACE_BOUND('',#3913,.T.);
#3913=EDGE_LOOP('',(#3914,#3919,#871,#3922));
#3914=ORIENTED_EDGE('',*,*,#3915,.F.);
#3915=EDGE_CURVE('',#3916,#3868,#3918,.T.);
#3916=VERTEX_POINT('',#3917);
#3917=CARTESIAN_POINT('',(1.6,-2.85,9.436895709314E-16));
#3918=LINE('',#3917,#150);
#3919=ORIENTED_EDGE('',*,*,#3920,.T.);
#3920=EDGE_CURVE('',#3916,#867,#3921,.T.);
#3921=LINE('',#3917,#50);
#3922=ORIENTED_EDGE('',*,*,#3874,.F.);
#3923=PLANE('',#3924);
#3924=AXIS2_PLACEMENT_3D('',#3917,#96,#17);
#3925=ADVANCED_FACE('',(#3926),#3971,.T.);
#3926=FACE_BOUND('',#3927,.T.);
#3927=EDGE_LOOP('',(#3928,#3933,#3938,#3944,#3951,#3957,#3963,#3965,#3966,#865,#3970));
#3928=ORIENTED_EDGE('',*,*,#3929,.F.);
#3929=EDGE_CURVE('',#3930,#3916,#3932,.T.);
#3930=VERTEX_POINT('',#3931);
#3931=CARTESIAN_POINT('',(3.4,-2.85,9.436895709314E-16));
#3932=LINE('',#3931,#95);
#3933=ORIENTED_EDGE('',*,*,#3934,.T.);
#3934=EDGE_CURVE('',#3930,#3935,#3937,.T.);
#3935=VERTEX_POINT('',#3936);
#3936=CARTESIAN_POINT('',(3.4,-2.85,0.3));
#3937=LINE('',#3931,#50);
#3938=ORIENTED_EDGE('',*,*,#3939,.T.);
#3939=EDGE_CURVE('',#3935,#3940,#3942,.T.);
#3940=VERTEX_POINT('',#3941);
#3941=CARTESIAN_POINT('',(2.9,-2.85,0.3));
#3942=LINE('',#3943,#95);
#3943=CARTESIAN_POINT('',(3.95,-2.85,0.3));
#3944=ORIENTED_EDGE('',*,*,#3945,.F.);
#3945=EDGE_CURVE('',#3946,#3940,#3948,.T.);
#3946=VERTEX_POINT('',#3947);
#3947=CARTESIAN_POINT('',(2.7,-2.85,0.5));
#3948=CIRCLE('',#3949,0.2);
#3949=AXIS2_PLACEMENT_3D('',#3950,#44,#14);
#3950=CARTESIAN_POINT('',(2.9,-2.85,0.5));
#3951=ORIENTED_EDGE('',*,*,#3952,.T.);
#3952=EDGE_CURVE('',#3946,#3953,#3955,.T.);
#3953=VERTEX_POINT('',#3954);
#3954=CARTESIAN_POINT('',(2.7,-2.85,1.8));
#3955=LINE('',#3956,#50);
#3956=CARTESIAN_POINT('',(2.7,-2.85,0.25));
#3957=ORIENTED_EDGE('',*,*,#3958,.T.);
#3958=EDGE_CURVE('',#3953,#3959,#3961,.T.);
#3959=VERTEX_POINT('',#3960);
#3960=CARTESIAN_POINT('',(1.6,-2.85,1.8));
#3961=LINE('',#3962,#95);
#3962=CARTESIAN_POINT('',(3.4,-2.85,1.8));
#3963=ORIENTED_EDGE('',*,*,#3964,.F.);
#3964=EDGE_CURVE('',#1492,#3959,#3921,.T.);
#3965=ORIENTED_EDGE('',*,*,#1491,.T.);
#3966=ORIENTED_EDGE('',*,*,#3967,.T.);
#3967=EDGE_CURVE('',#1488,#863,#3968,.T.);
#3968=LINE('',#3969,#63);
#3969=CARTESIAN_POINT('',(1.7,-2.85,0.1));
#3970=ORIENTED_EDGE('',*,*,#3920,.F.);
#3971=PLANE('',#3972);
#3972=AXIS2_PLACEMENT_3D('',#3931,#44,#96);
#3973=ADVANCED_FACE('',(#3974),#685,.T.);
#3974=FACE_BOUND('',#3975,.T.);
#3975=EDGE_LOOP('',(#861,#3976,#3977,#3978));
#3976=ORIENTED_EDGE('',*,*,#3967,.F.);
#3977=ORIENTED_EDGE('',*,*,#1487,.T.);
#3978=ORIENTED_EDGE('',*,*,#3979,.F.);
#3979=EDGE_CURVE('',#857,#1482,#3980,.T.);
#3980=LINE('',#3981,#50);
#3981=CARTESIAN_POINT('',(1.7,-3.15,0.1));
#3982=ADVANCED_FACE('',(#3983),#4028,.T.);
#3983=FACE_BOUND('',#3984,.T.);
#3984=EDGE_LOOP('',(#3985,#3992,#855,#3995,#3996,#3997,#4001,#4006,#4012,#4019,#4025));
#3985=ORIENTED_EDGE('',*,*,#3986,.F.);
#3986=EDGE_CURVE('',#3987,#3989,#3991,.T.);
#3987=VERTEX_POINT('',#3988);
#3988=CARTESIAN_POINT('',(1.6,-3.15,9.992007221626E-16));
#3989=VERTEX_POINT('',#3990);
#3990=CARTESIAN_POINT('',(3.4,-3.15,9.992007221626E-16));
#3991=LINE('',#3988,#178);
#3992=ORIENTED_EDGE('',*,*,#3993,.T.);
#3993=EDGE_CURVE('',#3987,#851,#3994,.T.);
#3994=LINE('',#3988,#50);
#3995=ORIENTED_EDGE('',*,*,#3979,.T.);
#3996=ORIENTED_EDGE('',*,*,#1481,.T.);
#3997=ORIENTED_EDGE('',*,*,#3998,.T.);
#3998=EDGE_CURVE('',#1476,#3999,#3994,.T.);
#3999=VERTEX_POINT('',#4000);
#4000=CARTESIAN_POINT('',(1.6,-3.15,1.8));
#4001=ORIENTED_EDGE('',*,*,#4002,.T.);
#4002=EDGE_CURVE('',#3999,#4003,#4005,.T.);
#4003=VERTEX_POINT('',#4004);
#4004=CARTESIAN_POINT('',(2.7,-3.15,1.8));
#4005=LINE('',#4000,#178);
#4006=ORIENTED_EDGE('',*,*,#4007,.T.);
#4007=EDGE_CURVE('',#4003,#4008,#4010,.T.);
#4008=VERTEX_POINT('',#4009);
#4009=CARTESIAN_POINT('',(2.7,-3.15,0.5));
#4010=LINE('',#4011,#63);
#4011=CARTESIAN_POINT('',(2.7,-3.15,0.25));
#4012=ORIENTED_EDGE('',*,*,#4013,.T.);
#4013=EDGE_CURVE('',#4008,#4014,#4016,.T.);
#4014=VERTEX_POINT('',#4015);
#4015=CARTESIAN_POINT('',(2.9,-3.15,0.3));
#4016=CIRCLE('',#4017,0.2);
#4017=AXIS2_PLACEMENT_3D('',#4018,#44,#14);
#4018=CARTESIAN_POINT('',(2.9,-3.15,0.5));
#4019=ORIENTED_EDGE('',*,*,#4020,.T.);
#4020=EDGE_CURVE('',#4014,#4021,#4023,.T.);
#4021=VERTEX_POINT('',#4022);
#4022=CARTESIAN_POINT('',(3.4,-3.15,0.3));
#4023=LINE('',#4024,#178);
#4024=CARTESIAN_POINT('',(3.05,-3.15,0.3));
#4025=ORIENTED_EDGE('',*,*,#4026,.F.);
#4026=EDGE_CURVE('',#3989,#4021,#4027,.T.);
#4027=LINE('',#3990,#50);
#4028=PLANE('',#4029);
#4029=AXIS2_PLACEMENT_3D('',#3988,#17,#14);
#4030=ADVANCED_FACE('',(#4031),#4042,.T.);
#4031=FACE_BOUND('',#4032,.T.);
#4032=EDGE_LOOP('',(#4033,#4038,#849,#4041));
#4033=ORIENTED_EDGE('',*,*,#4034,.F.);
#4034=EDGE_CURVE('',#4035,#3987,#4037,.T.);
#4035=VERTEX_POINT('',#4036);
#4036=CARTESIAN_POINT('',(1.6,-3.35,9.992007221626E-16));
#4037=LINE('',#4036,#150);
#4038=ORIENTED_EDGE('',*,*,#4039,.T.);
#4039=EDGE_CURVE('',#4035,#845,#4040,.T.);
#4040=LINE('',#4036,#50);
#4041=ORIENTED_EDGE('',*,*,#3993,.F.);
#4042=PLANE('',#4043);
#4043=AXIS2_PLACEMENT_3D('',#4036,#96,#17);
#4044=ADVANCED_FACE('',(#4045),#4090,.T.);
#4045=FACE_BOUND('',#4046,.T.);
#4046=EDGE_LOOP('',(#4047,#4052,#4057,#4063,#4070,#4076,#4082,#4084,#4085,#843,#4089));
#4047=ORIENTED_EDGE('',*,*,#4048,.F.);
#4048=EDGE_CURVE('',#4049,#4035,#4051,.T.);
#4049=VERTEX_POINT('',#4050);
#4050=CARTESIAN_POINT('',(3.4,-3.35,9.992007221626E-16));
#4051=LINE('',#4050,#95);
#4052=ORIENTED_EDGE('',*,*,#4053,.T.);
#4053=EDGE_CURVE('',#4049,#4054,#4056,.T.);
#4054=VERTEX_POINT('',#4055);
#4055=CARTESIAN_POINT('',(3.4,-3.35,0.3));
#4056=LINE('',#4050,#50);
#4057=ORIENTED_EDGE('',*,*,#4058,.T.);
#4058=EDGE_CURVE('',#4054,#4059,#4061,.T.);
#4059=VERTEX_POINT('',#4060);
#4060=CARTESIAN_POINT('',(2.9,-3.35,0.3));
#4061=LINE('',#4062,#95);
#4062=CARTESIAN_POINT('',(3.95,-3.35,0.3));
#4063=ORIENTED_EDGE('',*,*,#4064,.F.);
#4064=EDGE_CURVE('',#4065,#4059,#4067,.T.);
#4065=VERTEX_POINT('',#4066);
#4066=CARTESIAN_POINT('',(2.7,-3.35,0.5));
#4067=CIRCLE('',#4068,0.2);
#4068=AXIS2_PLACEMENT_3D('',#4069,#44,#14);
#4069=CARTESIAN_POINT('',(2.9,-3.35,0.5));
#4070=ORIENTED_EDGE('',*,*,#4071,.T.);
#4071=EDGE_CURVE('',#4065,#4072,#4074,.T.);
#4072=VERTEX_POINT('',#4073);
#4073=CARTESIAN_POINT('',(2.7,-3.35,1.8));
#4074=LINE('',#4075,#50);
#4075=CARTESIAN_POINT('',(2.7,-3.35,0.25));
#4076=ORIENTED_EDGE('',*,*,#4077,.T.);
#4077=EDGE_CURVE('',#4072,#4078,#4080,.T.);
#4078=VERTEX_POINT('',#4079);
#4079=CARTESIAN_POINT('',(1.6,-3.35,1.8));
#4080=LINE('',#4081,#95);
#4081=CARTESIAN_POINT('',(3.4,-3.35,1.8));
#4082=ORIENTED_EDGE('',*,*,#4083,.F.);
#4083=EDGE_CURVE('',#1470,#4078,#4040,.T.);
#4084=ORIENTED_EDGE('',*,*,#1469,.T.);
#4085=ORIENTED_EDGE('',*,*,#4086,.T.);
#4086=EDGE_CURVE('',#1466,#841,#4087,.T.);
#4087=LINE('',#4088,#63);
#4088=CARTESIAN_POINT('',(1.7,-3.35,0.1));
#4089=ORIENTED_EDGE('',*,*,#4039,.F.);
#4090=PLANE('',#4091);
#4091=AXIS2_PLACEMENT_3D('',#4050,#44,#96);
#4092=ADVANCED_FACE('',(#4093),#685,.T.);
#4093=FACE_BOUND('',#4094,.T.);
#4094=EDGE_LOOP('',(#839,#4095,#4096,#4097));
#4095=ORIENTED_EDGE('',*,*,#4086,.F.);
#4096=ORIENTED_EDGE('',*,*,#1465,.T.);
#4097=ORIENTED_EDGE('',*,*,#4098,.F.);
#4098=EDGE_CURVE('',#835,#1460,#4099,.T.);
#4099=LINE('',#4100,#50);
#4100=CARTESIAN_POINT('',(1.7,-3.65,0.1));
#4101=ADVANCED_FACE('',(#4102),#4147,.T.);
#4102=FACE_BOUND('',#4103,.T.);
#4103=EDGE_LOOP('',(#4104,#4111,#833,#4114,#4115,#4116,#4120,#4125,#4131,#4138,#4144));
#4104=ORIENTED_EDGE('',*,*,#4105,.F.);
#4105=EDGE_CURVE('',#4106,#4108,#4110,.T.);
#4106=VERTEX_POINT('',#4107);
#4107=CARTESIAN_POINT('',(1.6,-3.65,1.054711873394E-15));
#4108=VERTEX_POINT('',#4109);
#4109=CARTESIAN_POINT('',(3.4,-3.65,1.054711873394E-15));
#4110=LINE('',#4107,#178);
#4111=ORIENTED_EDGE('',*,*,#4112,.T.);
#4112=EDGE_CURVE('',#4106,#829,#4113,.T.);
#4113=LINE('',#4107,#50);
#4114=ORIENTED_EDGE('',*,*,#4098,.T.);
#4115=ORIENTED_EDGE('',*,*,#1459,.T.);
#4116=ORIENTED_EDGE('',*,*,#4117,.T.);
#4117=EDGE_CURVE('',#1454,#4118,#4113,.T.);
#4118=VERTEX_POINT('',#4119);
#4119=CARTESIAN_POINT('',(1.6,-3.65,1.8));
#4120=ORIENTED_EDGE('',*,*,#4121,.T.);
#4121=EDGE_CURVE('',#4118,#4122,#4124,.T.);
#4122=VERTEX_POINT('',#4123);
#4123=CARTESIAN_POINT('',(2.7,-3.65,1.8));
#4124=LINE('',#4119,#178);
#4125=ORIENTED_EDGE('',*,*,#4126,.T.);
#4126=EDGE_CURVE('',#4122,#4127,#4129,.T.);
#4127=VERTEX_POINT('',#4128);
#4128=CARTESIAN_POINT('',(2.7,-3.65,0.5));
#4129=LINE('',#4130,#63);
#4130=CARTESIAN_POINT('',(2.7,-3.65,0.25));
#4131=ORIENTED_EDGE('',*,*,#4132,.T.);
#4132=EDGE_CURVE('',#4127,#4133,#4135,.T.);
#4133=VERTEX_POINT('',#4134);
#4134=CARTESIAN_POINT('',(2.9,-3.65,0.3));
#4135=CIRCLE('',#4136,0.2);
#4136=AXIS2_PLACEMENT_3D('',#4137,#44,#14);
#4137=CARTESIAN_POINT('',(2.9,-3.65,0.5));
#4138=ORIENTED_EDGE('',*,*,#4139,.T.);
#4139=EDGE_CURVE('',#4133,#4140,#4142,.T.);
#4140=VERTEX_POINT('',#4141);
#4141=CARTESIAN_POINT('',(3.4,-3.65,0.3));
#4142=LINE('',#4143,#178);
#4143=CARTESIAN_POINT('',(3.05,-3.65,0.3));
#4144=ORIENTED_EDGE('',*,*,#4145,.F.);
#4145=EDGE_CURVE('',#4108,#4140,#4146,.T.);
#4146=LINE('',#4109,#50);
#4147=PLANE('',#4148);
#4148=AXIS2_PLACEMENT_3D('',#4107,#17,#14);
#4149=ADVANCED_FACE('',(#4150),#4161,.T.);
#4150=FACE_BOUND('',#4151,.T.);
#4151=EDGE_LOOP('',(#4152,#4157,#827,#4160));
#4152=ORIENTED_EDGE('',*,*,#4153,.F.);
#4153=EDGE_CURVE('',#4154,#4106,#4156,.T.);
#4154=VERTEX_POINT('',#4155);
#4155=CARTESIAN_POINT('',(1.6,-3.85,1.054711873394E-15));
#4156=LINE('',#4155,#150);
#4157=ORIENTED_EDGE('',*,*,#4158,.T.);
#4158=EDGE_CURVE('',#4154,#823,#4159,.T.);
#4159=LINE('',#4155,#50);
#4160=ORIENTED_EDGE('',*,*,#4112,.F.);
#4161=PLANE('',#4162);
#4162=AXIS2_PLACEMENT_3D('',#4155,#96,#17);
#4163=ADVANCED_FACE('',(#4164),#4209,.T.);
#4164=FACE_BOUND('',#4165,.T.);
#4165=EDGE_LOOP('',(#4166,#4171,#4176,#4182,#4189,#4195,#4201,#4203,#4204,#821,#4208));
#4166=ORIENTED_EDGE('',*,*,#4167,.F.);
#4167=EDGE_CURVE('',#4168,#4154,#4170,.T.);
#4168=VERTEX_POINT('',#4169);
#4169=CARTESIAN_POINT('',(3.4,-3.85,1.054711873394E-15));
#4170=LINE('',#4169,#95);
#4171=ORIENTED_EDGE('',*,*,#4172,.T.);
#4172=EDGE_CURVE('',#4168,#4173,#4175,.T.);
#4173=VERTEX_POINT('',#4174);
#4174=CARTESIAN_POINT('',(3.4,-3.85,0.3));
#4175=LINE('',#4169,#50);
#4176=ORIENTED_EDGE('',*,*,#4177,.T.);
#4177=EDGE_CURVE('',#4173,#4178,#4180,.T.);
#4178=VERTEX_POINT('',#4179);
#4179=CARTESIAN_POINT('',(2.9,-3.85,0.3));
#4180=LINE('',#4181,#95);
#4181=CARTESIAN_POINT('',(3.95,-3.85,0.3));
#4182=ORIENTED_EDGE('',*,*,#4183,.F.);
#4183=EDGE_CURVE('',#4184,#4178,#4186,.T.);
#4184=VERTEX_POINT('',#4185);
#4185=CARTESIAN_POINT('',(2.7,-3.85,0.5));
#4186=CIRCLE('',#4187,0.2);
#4187=AXIS2_PLACEMENT_3D('',#4188,#44,#14);
#4188=CARTESIAN_POINT('',(2.9,-3.85,0.5));
#4189=ORIENTED_EDGE('',*,*,#4190,.T.);
#4190=EDGE_CURVE('',#4184,#4191,#4193,.T.);
#4191=VERTEX_POINT('',#4192);
#4192=CARTESIAN_POINT('',(2.7,-3.85,1.8));
#4193=LINE('',#4194,#50);
#4194=CARTESIAN_POINT('',(2.7,-3.85,0.25));
#4195=ORIENTED_EDGE('',*,*,#4196,.T.);
#4196=EDGE_CURVE('',#4191,#4197,#4199,.T.);
#4197=VERTEX_POINT('',#4198);
#4198=CARTESIAN_POINT('',(1.6,-3.85,1.8));
#4199=LINE('',#4200,#95);
#4200=CARTESIAN_POINT('',(3.4,-3.85,1.8));
#4201=ORIENTED_EDGE('',*,*,#4202,.F.);
#4202=EDGE_CURVE('',#1448,#4197,#4159,.T.);
#4203=ORIENTED_EDGE('',*,*,#1447,.T.);
#4204=ORIENTED_EDGE('',*,*,#4205,.T.);
#4205=EDGE_CURVE('',#1444,#819,#4206,.T.);
#4206=LINE('',#4207,#63);
#4207=CARTESIAN_POINT('',(1.7,-3.85,0.1));
#4208=ORIENTED_EDGE('',*,*,#4158,.F.);
#4209=PLANE('',#4210);
#4210=AXIS2_PLACEMENT_3D('',#4169,#44,#96);
#4211=ADVANCED_FACE('',(#4212),#685,.T.);
#4212=FACE_BOUND('',#4213,.T.);
#4213=EDGE_LOOP('',(#817,#4214,#4215,#4216));
#4214=ORIENTED_EDGE('',*,*,#4205,.F.);
#4215=ORIENTED_EDGE('',*,*,#1443,.T.);
#4216=ORIENTED_EDGE('',*,*,#4217,.F.);
#4217=EDGE_CURVE('',#813,#1438,#4218,.T.);
#4218=LINE('',#4219,#50);
#4219=CARTESIAN_POINT('',(1.7,-4.15,0.1));
#4220=ADVANCED_FACE('',(#4221),#4266,.T.);
#4221=FACE_BOUND('',#4222,.T.);
#4222=EDGE_LOOP('',(#4223,#4230,#811,#4233,#4234,#4235,#4239,#4244,#4250,#4257,#4263));
#4223=ORIENTED_EDGE('',*,*,#4224,.F.);
#4224=EDGE_CURVE('',#4225,#4227,#4229,.T.);
#4225=VERTEX_POINT('',#4226);
#4226=CARTESIAN_POINT('',(1.6,-4.15,1.110223024625E-15));
#4227=VERTEX_POINT('',#4228);
#4228=CARTESIAN_POINT('',(3.4,-4.15,1.110223024625E-15));
#4229=LINE('',#4226,#178);
#4230=ORIENTED_EDGE('',*,*,#4231,.T.);
#4231=EDGE_CURVE('',#4225,#807,#4232,.T.);
#4232=LINE('',#4226,#50);
#4233=ORIENTED_EDGE('',*,*,#4217,.T.);
#4234=ORIENTED_EDGE('',*,*,#1437,.T.);
#4235=ORIENTED_EDGE('',*,*,#4236,.T.);
#4236=EDGE_CURVE('',#1432,#4237,#4232,.T.);
#4237=VERTEX_POINT('',#4238);
#4238=CARTESIAN_POINT('',(1.6,-4.15,1.8));
#4239=ORIENTED_EDGE('',*,*,#4240,.T.);
#4240=EDGE_CURVE('',#4237,#4241,#4243,.T.);
#4241=VERTEX_POINT('',#4242);
#4242=CARTESIAN_POINT('',(2.7,-4.15,1.8));
#4243=LINE('',#4238,#178);
#4244=ORIENTED_EDGE('',*,*,#4245,.T.);
#4245=EDGE_CURVE('',#4241,#4246,#4248,.T.);
#4246=VERTEX_POINT('',#4247);
#4247=CARTESIAN_POINT('',(2.7,-4.15,0.5));
#4248=LINE('',#4249,#63);
#4249=CARTESIAN_POINT('',(2.7,-4.15,0.25));
#4250=ORIENTED_EDGE('',*,*,#4251,.T.);
#4251=EDGE_CURVE('',#4246,#4252,#4254,.T.);
#4252=VERTEX_POINT('',#4253);
#4253=CARTESIAN_POINT('',(2.9,-4.15,0.3));
#4254=CIRCLE('',#4255,0.2);
#4255=AXIS2_PLACEMENT_3D('',#4256,#44,#14);
#4256=CARTESIAN_POINT('',(2.9,-4.15,0.5));
#4257=ORIENTED_EDGE('',*,*,#4258,.T.);
#4258=EDGE_CURVE('',#4252,#4259,#4261,.T.);
#4259=VERTEX_POINT('',#4260);
#4260=CARTESIAN_POINT('',(3.4,-4.15,0.3));
#4261=LINE('',#4262,#178);
#4262=CARTESIAN_POINT('',(3.05,-4.15,0.3));
#4263=ORIENTED_EDGE('',*,*,#4264,.F.);
#4264=EDGE_CURVE('',#4227,#4259,#4265,.T.);
#4265=LINE('',#4228,#50);
#4266=PLANE('',#4267);
#4267=AXIS2_PLACEMENT_3D('',#4226,#17,#14);
#4268=ADVANCED_FACE('',(#4269),#4280,.T.);
#4269=FACE_BOUND('',#4270,.T.);
#4270=EDGE_LOOP('',(#4271,#4276,#805,#4279));
#4271=ORIENTED_EDGE('',*,*,#4272,.F.);
#4272=EDGE_CURVE('',#4273,#4225,#4275,.T.);
#4273=VERTEX_POINT('',#4274);
#4274=CARTESIAN_POINT('',(1.6,-4.35,1.110223024625E-15));
#4275=LINE('',#4274,#150);
#4276=ORIENTED_EDGE('',*,*,#4277,.T.);
#4277=EDGE_CURVE('',#4273,#801,#4278,.T.);
#4278=LINE('',#4274,#50);
#4279=ORIENTED_EDGE('',*,*,#4231,.F.);
#4280=PLANE('',#4281);
#4281=AXIS2_PLACEMENT_3D('',#4274,#96,#17);
#4282=ADVANCED_FACE('',(#4283),#4328,.T.);
#4283=FACE_BOUND('',#4284,.T.);
#4284=EDGE_LOOP('',(#4285,#4290,#4295,#4301,#4308,#4314,#4320,#4322,#4323,#799,#4327));
#4285=ORIENTED_EDGE('',*,*,#4286,.F.);
#4286=EDGE_CURVE('',#4287,#4273,#4289,.T.);
#4287=VERTEX_POINT('',#4288);
#4288=CARTESIAN_POINT('',(3.4,-4.35,1.110223024625E-15));
#4289=LINE('',#4288,#95);
#4290=ORIENTED_EDGE('',*,*,#4291,.T.);
#4291=EDGE_CURVE('',#4287,#4292,#4294,.T.);
#4292=VERTEX_POINT('',#4293);
#4293=CARTESIAN_POINT('',(3.4,-4.35,0.3));
#4294=LINE('',#4288,#50);
#4295=ORIENTED_EDGE('',*,*,#4296,.T.);
#4296=EDGE_CURVE('',#4292,#4297,#4299,.T.);
#4297=VERTEX_POINT('',#4298);
#4298=CARTESIAN_POINT('',(2.9,-4.35,0.3));
#4299=LINE('',#4300,#95);
#4300=CARTESIAN_POINT('',(3.95,-4.35,0.3));
#4301=ORIENTED_EDGE('',*,*,#4302,.F.);
#4302=EDGE_CURVE('',#4303,#4297,#4305,.T.);
#4303=VERTEX_POINT('',#4304);
#4304=CARTESIAN_POINT('',(2.7,-4.35,0.5));
#4305=CIRCLE('',#4306,0.2);
#4306=AXIS2_PLACEMENT_3D('',#4307,#44,#14);
#4307=CARTESIAN_POINT('',(2.9,-4.35,0.5));
#4308=ORIENTED_EDGE('',*,*,#4309,.T.);
#4309=EDGE_CURVE('',#4303,#4310,#4312,.T.);
#4310=VERTEX_POINT('',#4311);
#4311=CARTESIAN_POINT('',(2.7,-4.35,1.8));
#4312=LINE('',#4313,#50);
#4313=CARTESIAN_POINT('',(2.7,-4.35,0.25));
#4314=ORIENTED_EDGE('',*,*,#4315,.T.);
#4315=EDGE_CURVE('',#4310,#4316,#4318,.T.);
#4316=VERTEX_POINT('',#4317);
#4317=CARTESIAN_POINT('',(1.6,-4.35,1.8));
#4318=LINE('',#4319,#95);
#4319=CARTESIAN_POINT('',(3.4,-4.35,1.8));
#4320=ORIENTED_EDGE('',*,*,#4321,.F.);
#4321=EDGE_CURVE('',#1426,#4316,#4278,.T.);
#4322=ORIENTED_EDGE('',*,*,#1425,.T.);
#4323=ORIENTED_EDGE('',*,*,#4324,.T.);
#4324=EDGE_CURVE('',#1422,#797,#4325,.T.);
#4325=LINE('',#4326,#63);
#4326=CARTESIAN_POINT('',(1.7,-4.35,0.1));
#4327=ORIENTED_EDGE('',*,*,#4277,.F.);
#4328=PLANE('',#4329);
#4329=AXIS2_PLACEMENT_3D('',#4288,#44,#96);
#4330=ADVANCED_FACE('',(#4331),#685,.T.);
#4331=FACE_BOUND('',#4332,.T.);
#4332=EDGE_LOOP('',(#795,#4333,#4334,#4335));
#4333=ORIENTED_EDGE('',*,*,#4324,.F.);
#4334=ORIENTED_EDGE('',*,*,#1421,.T.);
#4335=ORIENTED_EDGE('',*,*,#4336,.F.);
#4336=EDGE_CURVE('',#791,#1416,#4337,.T.);
#4337=LINE('',#4338,#50);
#4338=CARTESIAN_POINT('',(1.7,-4.65,0.1));
#4339=ADVANCED_FACE('',(#4340),#4385,.T.);
#4340=FACE_BOUND('',#4341,.T.);
#4341=EDGE_LOOP('',(#4342,#4349,#789,#4352,#4353,#4354,#4358,#4363,#4369,#4376,#4382));
#4342=ORIENTED_EDGE('',*,*,#4343,.F.);
#4343=EDGE_CURVE('',#4344,#4346,#4348,.T.);
#4344=VERTEX_POINT('',#4345);
#4345=CARTESIAN_POINT('',(1.6,-4.65,1.165734175856E-15));
#4346=VERTEX_POINT('',#4347);
#4347=CARTESIAN_POINT('',(3.4,-4.65,1.165734175856E-15));
#4348=LINE('',#4345,#178);
#4349=ORIENTED_EDGE('',*,*,#4350,.T.);
#4350=EDGE_CURVE('',#4344,#785,#4351,.T.);
#4351=LINE('',#4345,#50);
#4352=ORIENTED_EDGE('',*,*,#4336,.T.);
#4353=ORIENTED_EDGE('',*,*,#1415,.T.);
#4354=ORIENTED_EDGE('',*,*,#4355,.T.);
#4355=EDGE_CURVE('',#1410,#4356,#4351,.T.);
#4356=VERTEX_POINT('',#4357);
#4357=CARTESIAN_POINT('',(1.6,-4.65,1.8));
#4358=ORIENTED_EDGE('',*,*,#4359,.T.);
#4359=EDGE_CURVE('',#4356,#4360,#4362,.T.);
#4360=VERTEX_POINT('',#4361);
#4361=CARTESIAN_POINT('',(2.7,-4.65,1.8));
#4362=LINE('',#4357,#178);
#4363=ORIENTED_EDGE('',*,*,#4364,.T.);
#4364=EDGE_CURVE('',#4360,#4365,#4367,.T.);
#4365=VERTEX_POINT('',#4366);
#4366=CARTESIAN_POINT('',(2.7,-4.65,0.5));
#4367=LINE('',#4368,#63);
#4368=CARTESIAN_POINT('',(2.7,-4.65,0.25));
#4369=ORIENTED_EDGE('',*,*,#4370,.T.);
#4370=EDGE_CURVE('',#4365,#4371,#4373,.T.);
#4371=VERTEX_POINT('',#4372);
#4372=CARTESIAN_POINT('',(2.9,-4.65,0.3));
#4373=CIRCLE('',#4374,0.2);
#4374=AXIS2_PLACEMENT_3D('',#4375,#44,#14);
#4375=CARTESIAN_POINT('',(2.9,-4.65,0.5));
#4376=ORIENTED_EDGE('',*,*,#4377,.T.);
#4377=EDGE_CURVE('',#4371,#4378,#4380,.T.);
#4378=VERTEX_POINT('',#4379);
#4379=CARTESIAN_POINT('',(3.4,-4.65,0.3));
#4380=LINE('',#4381,#178);
#4381=CARTESIAN_POINT('',(3.05,-4.65,0.3));
#4382=ORIENTED_EDGE('',*,*,#4383,.F.);
#4383=EDGE_CURVE('',#4346,#4378,#4384,.T.);
#4384=LINE('',#4347,#50);
#4385=PLANE('',#4386);
#4386=AXIS2_PLACEMENT_3D('',#4345,#17,#14);
#4387=ADVANCED_FACE('',(#4388),#4399,.T.);
#4388=FACE_BOUND('',#4389,.T.);
#4389=EDGE_LOOP('',(#4390,#4395,#783,#4398));
#4390=ORIENTED_EDGE('',*,*,#4391,.F.);
#4391=EDGE_CURVE('',#4392,#4344,#4394,.T.);
#4392=VERTEX_POINT('',#4393);
#4393=CARTESIAN_POINT('',(1.6,-4.85,1.165734175856E-15));
#4394=LINE('',#4393,#150);
#4395=ORIENTED_EDGE('',*,*,#4396,.T.);
#4396=EDGE_CURVE('',#4392,#779,#4397,.T.);
#4397=LINE('',#4393,#50);
#4398=ORIENTED_EDGE('',*,*,#4350,.F.);
#4399=PLANE('',#4400);
#4400=AXIS2_PLACEMENT_3D('',#4393,#96,#17);
#4401=ADVANCED_FACE('',(#4402),#4447,.T.);
#4402=FACE_BOUND('',#4403,.T.);
#4403=EDGE_LOOP('',(#4404,#4409,#4414,#4420,#4427,#4433,#4439,#4441,#4442,#777,#4446));
#4404=ORIENTED_EDGE('',*,*,#4405,.F.);
#4405=EDGE_CURVE('',#4406,#4392,#4408,.T.);
#4406=VERTEX_POINT('',#4407);
#4407=CARTESIAN_POINT('',(3.4,-4.85,1.165734175856E-15));
#4408=LINE('',#4407,#95);
#4409=ORIENTED_EDGE('',*,*,#4410,.T.);
#4410=EDGE_CURVE('',#4406,#4411,#4413,.T.);
#4411=VERTEX_POINT('',#4412);
#4412=CARTESIAN_POINT('',(3.4,-4.85,0.3));
#4413=LINE('',#4407,#50);
#4414=ORIENTED_EDGE('',*,*,#4415,.T.);
#4415=EDGE_CURVE('',#4411,#4416,#4418,.T.);
#4416=VERTEX_POINT('',#4417);
#4417=CARTESIAN_POINT('',(2.9,-4.85,0.3));
#4418=LINE('',#4419,#95);
#4419=CARTESIAN_POINT('',(3.95,-4.85,0.3));
#4420=ORIENTED_EDGE('',*,*,#4421,.F.);
#4421=EDGE_CURVE('',#4422,#4416,#4424,.T.);
#4422=VERTEX_POINT('',#4423);
#4423=CARTESIAN_POINT('',(2.7,-4.85,0.5));
#4424=CIRCLE('',#4425,0.2);
#4425=AXIS2_PLACEMENT_3D('',#4426,#44,#14);
#4426=CARTESIAN_POINT('',(2.9,-4.85,0.5));
#4427=ORIENTED_EDGE('',*,*,#4428,.T.);
#4428=EDGE_CURVE('',#4422,#4429,#4431,.T.);
#4429=VERTEX_POINT('',#4430);
#4430=CARTESIAN_POINT('',(2.7,-4.85,1.8));
#4431=LINE('',#4432,#50);
#4432=CARTESIAN_POINT('',(2.7,-4.85,0.25));
#4433=ORIENTED_EDGE('',*,*,#4434,.T.);
#4434=EDGE_CURVE('',#4429,#4435,#4437,.T.);
#4435=VERTEX_POINT('',#4436);
#4436=CARTESIAN_POINT('',(1.6,-4.85,1.8));
#4437=LINE('',#4438,#95);
#4438=CARTESIAN_POINT('',(3.4,-4.85,1.8));
#4439=ORIENTED_EDGE('',*,*,#4440,.F.);
#4440=EDGE_CURVE('',#1404,#4435,#4397,.T.);
#4441=ORIENTED_EDGE('',*,*,#1403,.T.);
#4442=ORIENTED_EDGE('',*,*,#4443,.T.);
#4443=EDGE_CURVE('',#1400,#775,#4444,.T.);
#4444=LINE('',#4445,#63);
#4445=CARTESIAN_POINT('',(1.7,-4.85,0.1));
#4446=ORIENTED_EDGE('',*,*,#4396,.F.);
#4447=PLANE('',#4448);
#4448=AXIS2_PLACEMENT_3D('',#4407,#44,#96);
#4449=ADVANCED_FACE('',(#4450),#685,.T.);
#4450=FACE_BOUND('',#4451,.T.);
#4451=EDGE_LOOP('',(#773,#4452,#4453,#4454));
#4452=ORIENTED_EDGE('',*,*,#4443,.F.);
#4453=ORIENTED_EDGE('',*,*,#1399,.T.);
#4454=ORIENTED_EDGE('',*,*,#4455,.F.);
#4455=EDGE_CURVE('',#769,#1394,#4456,.T.);
#4456=LINE('',#4457,#50);
#4457=CARTESIAN_POINT('',(1.7,-5.15,0.1));
#4458=ADVANCED_FACE('',(#4459),#4504,.T.);
#4459=FACE_BOUND('',#4460,.T.);
#4460=EDGE_LOOP('',(#4461,#4468,#767,#4471,#4472,#4473,#4477,#4482,#4488,#4495,#4501));
#4461=ORIENTED_EDGE('',*,*,#4462,.F.);
#4462=EDGE_CURVE('',#4463,#4465,#4467,.T.);
#4463=VERTEX_POINT('',#4464);
#4464=CARTESIAN_POINT('',(1.6,-5.15,1.221245327088E-15));
#4465=VERTEX_POINT('',#4466);
#4466=CARTESIAN_POINT('',(3.4,-5.15,1.221245327088E-15));
#4467=LINE('',#4464,#178);
#4468=ORIENTED_EDGE('',*,*,#4469,.T.);
#4469=EDGE_CURVE('',#4463,#763,#4470,.T.);
#4470=LINE('',#4464,#50);
#4471=ORIENTED_EDGE('',*,*,#4455,.T.);
#4472=ORIENTED_EDGE('',*,*,#1393,.T.);
#4473=ORIENTED_EDGE('',*,*,#4474,.T.);
#4474=EDGE_CURVE('',#1388,#4475,#4470,.T.);
#4475=VERTEX_POINT('',#4476);
#4476=CARTESIAN_POINT('',(1.6,-5.15,1.8));
#4477=ORIENTED_EDGE('',*,*,#4478,.T.);
#4478=EDGE_CURVE('',#4475,#4479,#4481,.T.);
#4479=VERTEX_POINT('',#4480);
#4480=CARTESIAN_POINT('',(2.7,-5.15,1.8));
#4481=LINE('',#4476,#178);
#4482=ORIENTED_EDGE('',*,*,#4483,.T.);
#4483=EDGE_CURVE('',#4479,#4484,#4486,.T.);
#4484=VERTEX_POINT('',#4485);
#4485=CARTESIAN_POINT('',(2.7,-5.15,0.5));
#4486=LINE('',#4487,#63);
#4487=CARTESIAN_POINT('',(2.7,-5.15,0.25));
#4488=ORIENTED_EDGE('',*,*,#4489,.T.);
#4489=EDGE_CURVE('',#4484,#4490,#4492,.T.);
#4490=VERTEX_POINT('',#4491);
#4491=CARTESIAN_POINT('',(2.9,-5.15,0.3));
#4492=CIRCLE('',#4493,0.2);
#4493=AXIS2_PLACEMENT_3D('',#4494,#44,#14);
#4494=CARTESIAN_POINT('',(2.9,-5.15,0.5));
#4495=ORIENTED_EDGE('',*,*,#4496,.T.);
#4496=EDGE_CURVE('',#4490,#4497,#4499,.T.);
#4497=VERTEX_POINT('',#4498);
#4498=CARTESIAN_POINT('',(3.4,-5.15,0.3));
#4499=LINE('',#4500,#178);
#4500=CARTESIAN_POINT('',(3.05,-5.15,0.3));
#4501=ORIENTED_EDGE('',*,*,#4502,.F.);
#4502=EDGE_CURVE('',#4465,#4497,#4503,.T.);
#4503=LINE('',#4466,#50);
#4504=PLANE('',#4505);
#4505=AXIS2_PLACEMENT_3D('',#4464,#17,#14);
#4506=ADVANCED_FACE('',(#4507),#4518,.T.);
#4507=FACE_BOUND('',#4508,.T.);
#4508=EDGE_LOOP('',(#4509,#4514,#761,#4517));
#4509=ORIENTED_EDGE('',*,*,#4510,.F.);
#4510=EDGE_CURVE('',#4511,#4463,#4513,.T.);
#4511=VERTEX_POINT('',#4512);
#4512=CARTESIAN_POINT('',(1.6,-5.35,1.221245327088E-15));
#4513=LINE('',#4512,#150);
#4514=ORIENTED_EDGE('',*,*,#4515,.T.);
#4515=EDGE_CURVE('',#4511,#757,#4516,.T.);
#4516=LINE('',#4512,#50);
#4517=ORIENTED_EDGE('',*,*,#4469,.F.);
#4518=PLANE('',#4519);
#4519=AXIS2_PLACEMENT_3D('',#4512,#96,#17);
#4520=ADVANCED_FACE('',(#4521),#4566,.T.);
#4521=FACE_BOUND('',#4522,.T.);
#4522=EDGE_LOOP('',(#4523,#4528,#4533,#4539,#4546,#4552,#4558,#4560,#4561,#755,#4565));
#4523=ORIENTED_EDGE('',*,*,#4524,.F.);
#4524=EDGE_CURVE('',#4525,#4511,#4527,.T.);
#4525=VERTEX_POINT('',#4526);
#4526=CARTESIAN_POINT('',(3.4,-5.35,1.221245327088E-15));
#4527=LINE('',#4526,#95);
#4528=ORIENTED_EDGE('',*,*,#4529,.T.);
#4529=EDGE_CURVE('',#4525,#4530,#4532,.T.);
#4530=VERTEX_POINT('',#4531);
#4531=CARTESIAN_POINT('',(3.4,-5.35,0.3));
#4532=LINE('',#4526,#50);
#4533=ORIENTED_EDGE('',*,*,#4534,.T.);
#4534=EDGE_CURVE('',#4530,#4535,#4537,.T.);
#4535=VERTEX_POINT('',#4536);
#4536=CARTESIAN_POINT('',(2.9,-5.35,0.3));
#4537=LINE('',#4538,#95);
#4538=CARTESIAN_POINT('',(3.95,-5.35,0.3));
#4539=ORIENTED_EDGE('',*,*,#4540,.F.);
#4540=EDGE_CURVE('',#4541,#4535,#4543,.T.);
#4541=VERTEX_POINT('',#4542);
#4542=CARTESIAN_POINT('',(2.7,-5.35,0.5));
#4543=CIRCLE('',#4544,0.2);
#4544=AXIS2_PLACEMENT_3D('',#4545,#44,#14);
#4545=CARTESIAN_POINT('',(2.9,-5.35,0.5));
#4546=ORIENTED_EDGE('',*,*,#4547,.T.);
#4547=EDGE_CURVE('',#4541,#4548,#4550,.T.);
#4548=VERTEX_POINT('',#4549);
#4549=CARTESIAN_POINT('',(2.7,-5.35,1.8));
#4550=LINE('',#4551,#50);
#4551=CARTESIAN_POINT('',(2.7,-5.35,0.25));
#4552=ORIENTED_EDGE('',*,*,#4553,.T.);
#4553=EDGE_CURVE('',#4548,#4554,#4556,.T.);
#4554=VERTEX_POINT('',#4555);
#4555=CARTESIAN_POINT('',(1.6,-5.35,1.8));
#4556=LINE('',#4557,#95);
#4557=CARTESIAN_POINT('',(3.4,-5.35,1.8));
#4558=ORIENTED_EDGE('',*,*,#4559,.F.);
#4559=EDGE_CURVE('',#1382,#4554,#4516,.T.);
#4560=ORIENTED_EDGE('',*,*,#1381,.T.);
#4561=ORIENTED_EDGE('',*,*,#4562,.T.);
#4562=EDGE_CURVE('',#1378,#753,#4563,.T.);
#4563=LINE('',#4564,#63);
#4564=CARTESIAN_POINT('',(1.7,-5.35,0.1));
#4565=ORIENTED_EDGE('',*,*,#4515,.F.);
#4566=PLANE('',#4567);
#4567=AXIS2_PLACEMENT_3D('',#4526,#44,#96);
#4568=ADVANCED_FACE('',(#4569),#685,.T.);
#4569=FACE_BOUND('',#4570,.T.);
#4570=EDGE_LOOP('',(#751,#4571,#4572,#4573));
#4571=ORIENTED_EDGE('',*,*,#4562,.F.);
#4572=ORIENTED_EDGE('',*,*,#1377,.T.);
#4573=ORIENTED_EDGE('',*,*,#4574,.F.);
#4574=EDGE_CURVE('',#747,#1372,#4575,.T.);
#4575=LINE('',#4576,#50);
#4576=CARTESIAN_POINT('',(1.7,-5.65,0.1));
#4577=ADVANCED_FACE('',(#4578),#4623,.T.);
#4578=FACE_BOUND('',#4579,.T.);
#4579=EDGE_LOOP('',(#4580,#4587,#745,#4590,#4591,#4592,#4596,#4601,#4607,#4614,#4620));
#4580=ORIENTED_EDGE('',*,*,#4581,.F.);
#4581=EDGE_CURVE('',#4582,#4584,#4586,.T.);
#4582=VERTEX_POINT('',#4583);
#4583=CARTESIAN_POINT('',(1.6,-5.65,1.276756478319E-15));
#4584=VERTEX_POINT('',#4585);
#4585=CARTESIAN_POINT('',(3.4,-5.65,1.276756478319E-15));
#4586=LINE('',#4583,#178);
#4587=ORIENTED_EDGE('',*,*,#4588,.T.);
#4588=EDGE_CURVE('',#4582,#741,#4589,.T.);
#4589=LINE('',#4583,#50);
#4590=ORIENTED_EDGE('',*,*,#4574,.T.);
#4591=ORIENTED_EDGE('',*,*,#1371,.T.);
#4592=ORIENTED_EDGE('',*,*,#4593,.T.);
#4593=EDGE_CURVE('',#1366,#4594,#4589,.T.);
#4594=VERTEX_POINT('',#4595);
#4595=CARTESIAN_POINT('',(1.6,-5.65,1.8));
#4596=ORIENTED_EDGE('',*,*,#4597,.T.);
#4597=EDGE_CURVE('',#4594,#4598,#4600,.T.);
#4598=VERTEX_POINT('',#4599);
#4599=CARTESIAN_POINT('',(2.7,-5.65,1.8));
#4600=LINE('',#4595,#178);
#4601=ORIENTED_EDGE('',*,*,#4602,.T.);
#4602=EDGE_CURVE('',#4598,#4603,#4605,.T.);
#4603=VERTEX_POINT('',#4604);
#4604=CARTESIAN_POINT('',(2.7,-5.65,0.5));
#4605=LINE('',#4606,#63);
#4606=CARTESIAN_POINT('',(2.7,-5.65,0.25));
#4607=ORIENTED_EDGE('',*,*,#4608,.T.);
#4608=EDGE_CURVE('',#4603,#4609,#4611,.T.);
#4609=VERTEX_POINT('',#4610);
#4610=CARTESIAN_POINT('',(2.9,-5.65,0.3));
#4611=CIRCLE('',#4612,0.2);
#4612=AXIS2_PLACEMENT_3D('',#4613,#44,#14);
#4613=CARTESIAN_POINT('',(2.9,-5.65,0.5));
#4614=ORIENTED_EDGE('',*,*,#4615,.T.);
#4615=EDGE_CURVE('',#4609,#4616,#4618,.T.);
#4616=VERTEX_POINT('',#4617);
#4617=CARTESIAN_POINT('',(3.4,-5.65,0.3));
#4618=LINE('',#4619,#178);
#4619=CARTESIAN_POINT('',(3.05,-5.65,0.3));
#4620=ORIENTED_EDGE('',*,*,#4621,.F.);
#4621=EDGE_CURVE('',#4584,#4616,#4622,.T.);
#4622=LINE('',#4585,#50);
#4623=PLANE('',#4624);
#4624=AXIS2_PLACEMENT_3D('',#4583,#17,#14);
#4625=ADVANCED_FACE('',(#4626),#4637,.T.);
#4626=FACE_BOUND('',#4627,.T.);
#4627=EDGE_LOOP('',(#4628,#4633,#739,#4636));
#4628=ORIENTED_EDGE('',*,*,#4629,.F.);
#4629=EDGE_CURVE('',#4630,#4582,#4632,.T.);
#4630=VERTEX_POINT('',#4631);
#4631=CARTESIAN_POINT('',(1.6,-5.85,1.276756478319E-15));
#4632=LINE('',#4631,#150);
#4633=ORIENTED_EDGE('',*,*,#4634,.T.);
#4634=EDGE_CURVE('',#4630,#735,#4635,.T.);
#4635=LINE('',#4631,#50);
#4636=ORIENTED_EDGE('',*,*,#4588,.F.);
#4637=PLANE('',#4638);
#4638=AXIS2_PLACEMENT_3D('',#4631,#96,#17);
#4639=ADVANCED_FACE('',(#4640),#4685,.T.);
#4640=FACE_BOUND('',#4641,.T.);
#4641=EDGE_LOOP('',(#4642,#4647,#4652,#4658,#4665,#4671,#4677,#4679,#4680,#733,#4684));
#4642=ORIENTED_EDGE('',*,*,#4643,.F.);
#4643=EDGE_CURVE('',#4644,#4630,#4646,.T.);
#4644=VERTEX_POINT('',#4645);
#4645=CARTESIAN_POINT('',(3.4,-5.85,1.276756478319E-15));
#4646=LINE('',#4645,#95);
#4647=ORIENTED_EDGE('',*,*,#4648,.T.);
#4648=EDGE_CURVE('',#4644,#4649,#4651,.T.);
#4649=VERTEX_POINT('',#4650);
#4650=CARTESIAN_POINT('',(3.4,-5.85,0.3));
#4651=LINE('',#4645,#50);
#4652=ORIENTED_EDGE('',*,*,#4653,.T.);
#4653=EDGE_CURVE('',#4649,#4654,#4656,.T.);
#4654=VERTEX_POINT('',#4655);
#4655=CARTESIAN_POINT('',(2.9,-5.85,0.3));
#4656=LINE('',#4657,#95);
#4657=CARTESIAN_POINT('',(3.95,-5.85,0.3));
#4658=ORIENTED_EDGE('',*,*,#4659,.F.);
#4659=EDGE_CURVE('',#4660,#4654,#4662,.T.);
#4660=VERTEX_POINT('',#4661);
#4661=CARTESIAN_POINT('',(2.7,-5.85,0.5));
#4662=CIRCLE('',#4663,0.2);
#4663=AXIS2_PLACEMENT_3D('',#4664,#44,#14);
#4664=CARTESIAN_POINT('',(2.9,-5.85,0.5));
#4665=ORIENTED_EDGE('',*,*,#4666,.T.);
#4666=EDGE_CURVE('',#4660,#4667,#4669,.T.);
#4667=VERTEX_POINT('',#4668);
#4668=CARTESIAN_POINT('',(2.7,-5.85,1.8));
#4669=LINE('',#4670,#50);
#4670=CARTESIAN_POINT('',(2.7,-5.85,0.25));
#4671=ORIENTED_EDGE('',*,*,#4672,.T.);
#4672=EDGE_CURVE('',#4667,#4673,#4675,.T.);
#4673=VERTEX_POINT('',#4674);
#4674=CARTESIAN_POINT('',(1.6,-5.85,1.8));
#4675=LINE('',#4676,#95);
#4676=CARTESIAN_POINT('',(3.4,-5.85,1.8));
#4677=ORIENTED_EDGE('',*,*,#4678,.F.);
#4678=EDGE_CURVE('',#1360,#4673,#4635,.T.);
#4679=ORIENTED_EDGE('',*,*,#1359,.T.);
#4680=ORIENTED_EDGE('',*,*,#4681,.T.);
#4681=EDGE_CURVE('',#1356,#731,#4682,.T.);
#4682=LINE('',#4683,#63);
#4683=CARTESIAN_POINT('',(1.7,-5.85,0.1));
#4684=ORIENTED_EDGE('',*,*,#4634,.F.);
#4685=PLANE('',#4686);
#4686=AXIS2_PLACEMENT_3D('',#4645,#44,#96);
#4687=ADVANCED_FACE('',(#4688),#685,.T.);
#4688=FACE_BOUND('',#4689,.T.);
#4689=EDGE_LOOP('',(#729,#4690,#4691,#4692));
#4690=ORIENTED_EDGE('',*,*,#4681,.F.);
#4691=ORIENTED_EDGE('',*,*,#1355,.T.);
#4692=ORIENTED_EDGE('',*,*,#4693,.F.);
#4693=EDGE_CURVE('',#726,#1351,#4694,.T.);
#4694=LINE('',#727,#50);
#4695=ADVANCED_FACE('',(#4696),#4703,.T.);
#4696=FACE_BOUND('',#4697,.T.);
#4697=EDGE_LOOP('',(#4698,#4699,#4700,#724));
#4698=ORIENTED_EDGE('',*,*,#4693,.T.);
#4699=ORIENTED_EDGE('',*,*,#1350,.T.);
#4700=ORIENTED_EDGE('',*,*,#4701,.F.);
#4701=EDGE_CURVE('',#721,#1346,#4702,.T.);
#4702=LINE('',#722,#50);
#4703=PLANE('',#4704);
#4704=AXIS2_PLACEMENT_3D('',#727,#44,#96);
#4705=ADVANCED_FACE('',(#4706),#4714,.T.);
#4706=FACE_BOUND('',#4707,.T.);
#4707=EDGE_LOOP('',(#719,#4708,#4709,#4710));
#4708=ORIENTED_EDGE('',*,*,#4701,.T.);
#4709=ORIENTED_EDGE('',*,*,#1345,.T.);
#4710=ORIENTED_EDGE('',*,*,#4711,.T.);
#4711=EDGE_CURVE('',#1340,#715,#4712,.T.);
#4712=LINE('',#4713,#63);
#4713=CARTESIAN_POINT('',(0.6,-7.05,0.8));
#4714=PLANE('',#4715);
#4715=AXIS2_PLACEMENT_3D('',#722,#14,#44);
#4716=ADVANCED_FACE('',(#4717),#4743,.F.);
#4717=FACE_BOUND('',#4718,.F.);
#4718=EDGE_LOOP('',(#4719,#4722,#4727,#4732,#4737,#4739,#4740,#1338));
#4719=ORIENTED_EDGE('',*,*,#4720,.F.);
#4720=EDGE_CURVE('',#4721,#1340,#4712,.T.);
#4721=VERTEX_POINT('',#4713);
#4722=ORIENTED_EDGE('',*,*,#4723,.T.);
#4723=EDGE_CURVE('',#4721,#4724,#4726,.T.);
#4724=VERTEX_POINT('',#4725);
#4725=CARTESIAN_POINT('',(-0.6,-7.05,0.8));
#4726=LINE('',#4713,#95);
#4727=ORIENTED_EDGE('',*,*,#4728,.T.);
#4728=EDGE_CURVE('',#4724,#4729,#4731,.T.);
#4729=VERTEX_POINT('',#4730);
#4730=CARTESIAN_POINT('',(-0.6,-7.05,0.1));
#4731=LINE('',#4725,#63);
#4732=ORIENTED_EDGE('',*,*,#4733,.F.);
#4733=EDGE_CURVE('',#4734,#4729,#4736,.T.);
#4734=VERTEX_POINT('',#4735);
#4735=CARTESIAN_POINT('',(0.6,-7.05,0.1));
#4736=LINE('',#4735,#95);
#4737=ORIENTED_EDGE('',*,*,#4738,.F.);
#4738=EDGE_CURVE('',#715,#4734,#4712,.T.);
#4739=ORIENTED_EDGE('',*,*,#714,.F.);
#4740=ORIENTED_EDGE('',*,*,#4741,.T.);
#4741=EDGE_CURVE('',#709,#1334,#4742,.T.);
#4742=LINE('',#1335,#50);
#4743=PLANE('',#4744);
#4744=AXIS2_PLACEMENT_3D('',#4713,#44,#64);
#4745=ADVANCED_FACE('',(#4746),#4752,.T.);
#4746=FACE_BOUND('',#4747,.T.);
#4747=EDGE_LOOP('',(#707,#4740,#4748,#4749));
#4748=ORIENTED_EDGE('',*,*,#1333,.T.);
#4749=ORIENTED_EDGE('',*,*,#4750,.F.);
#4750=EDGE_CURVE('',#703,#1328,#4751,.T.);
#4751=LINE('',#1329,#50);
#4752=PLANE('',#4753);
#4753=AXIS2_PLACEMENT_3D('',#712,#96,#17);
#4754=ADVANCED_FACE('',(#4755),#4781,.F.);
#4755=FACE_BOUND('',#4756,.T.);
#4756=EDGE_LOOP('',(#4757,#4762,#4767,#4772,#4777,#701,#4779,#4780));
#4757=ORIENTED_EDGE('',*,*,#4758,.F.);
#4758=EDGE_CURVE('',#4759,#1322,#4761,.T.);
#4759=VERTEX_POINT('',#4760);
#4760=CARTESIAN_POINT('',(0.6,7.05,0.8));
#4761=LINE('',#4760,#63);
#4762=ORIENTED_EDGE('',*,*,#4763,.T.);
#4763=EDGE_CURVE('',#4759,#4764,#4766,.T.);
#4764=VERTEX_POINT('',#4765);
#4765=CARTESIAN_POINT('',(-0.6,7.05,0.8));
#4766=LINE('',#4760,#95);
#4767=ORIENTED_EDGE('',*,*,#4768,.T.);
#4768=EDGE_CURVE('',#4764,#4769,#4771,.T.);
#4769=VERTEX_POINT('',#4770);
#4770=CARTESIAN_POINT('',(-0.6,7.05,0.1));
#4771=LINE('',#4765,#63);
#4772=ORIENTED_EDGE('',*,*,#4773,.F.);
#4773=EDGE_CURVE('',#4774,#4769,#4776,.T.);
#4774=VERTEX_POINT('',#4775);
#4775=CARTESIAN_POINT('',(0.6,7.05,0.1));
#4776=LINE('',#4775,#95);
#4777=ORIENTED_EDGE('',*,*,#4778,.F.);
#4778=EDGE_CURVE('',#697,#4774,#4761,.T.);
#4779=ORIENTED_EDGE('',*,*,#4750,.T.);
#4780=ORIENTED_EDGE('',*,*,#1327,.T.);
#4781=PLANE('',#4782);
#4782=AXIS2_PLACEMENT_3D('',#4760,#17,#13);
#4783=ADVANCED_FACE('',(#4784),#4790,.T.);
#4784=FACE_BOUND('',#4785,.T.);
#4785=EDGE_LOOP('',(#695,#4786,#4788,#4789));
#4786=ORIENTED_EDGE('',*,*,#4787,.F.);
#4787=EDGE_CURVE('',#1322,#697,#4761,.T.);
#4788=ORIENTED_EDGE('',*,*,#1321,.T.);
#4789=ORIENTED_EDGE('',*,*,#1882,.F.);
#4790=PLANE('',#4791);
#4791=AXIS2_PLACEMENT_3D('',#700,#14,#44);
#4792=ADVANCED_FACE('',(#4793),#4801,.F.);
#4793=FACE_BOUND('',#4794,.T.);
#4794=EDGE_LOOP('',(#4795,#4796,#4797,#4798));
#4795=ORIENTED_EDGE('',*,*,#1906,.T.);
#4796=ORIENTED_EDGE('',*,*,#1892,.T.);
#4797=ORIENTED_EDGE('',*,*,#1262,.T.);
#4798=ORIENTED_EDGE('',*,*,#4799,.T.);
#4799=EDGE_CURVE('',#1265,#1907,#4800,.T.);
#4800=LINE('',#1266,#43);
#4801=PLANE('',#4802);
#4802=AXIS2_PLACEMENT_3D('',#4803,#13,#14);
#4803=CARTESIAN_POINT('',(2.5,5.75,0.));
#4804=ADVANCED_FACE('',(#4805),#4814,.T.);
#4805=FACE_BOUND('',#4806,.T.);
#4806=EDGE_LOOP('',(#4807,#4808,#4809,#4813));
#4807=ORIENTED_EDGE('',*,*,#4799,.F.);
#4808=ORIENTED_EDGE('',*,*,#1307,.T.);
#4809=ORIENTED_EDGE('',*,*,#4810,.T.);
#4810=EDGE_CURVE('',#1302,#1912,#4811,.T.);
#4811=LINE('',#4812,#43);
#4812=CARTESIAN_POINT('',(3.4,-5.286803121118,0.3));
#4813=ORIENTED_EDGE('',*,*,#1911,.F.);
#4814=PLANE('',#4815);
#4815=AXIS2_PLACEMENT_3D('',#1266,#14,#44);
#4816=ADVANCED_FACE('',(#4817),#4826,.T.);
#4817=FACE_BOUND('',#4818,.T.);
#4818=EDGE_LOOP('',(#4819,#4820,#4824,#4825));
#4819=ORIENTED_EDGE('',*,*,#1301,.F.);
#4820=ORIENTED_EDGE('',*,*,#4821,.F.);
#4821=EDGE_CURVE('',#1917,#1295,#4822,.T.);
#4822=LINE('',#4823,#150);
#4823=CARTESIAN_POINT('',(2.9,-16.42360624223,0.3));
#4824=ORIENTED_EDGE('',*,*,#1916,.F.);
#4825=ORIENTED_EDGE('',*,*,#4810,.F.);
#4826=PLANE('',#4827);
#4827=AXIS2_PLACEMENT_3D('',#4828,#13,#96);
#4828=CARTESIAN_POINT('',(4.5,-16.42360624223,0.3));
#4829=ADVANCED_FACE('',(#4830),#4836,.F.);
#4830=FACE_BOUND('',#4831,.F.);
#4831=EDGE_LOOP('',(#1921,#4832,#1293,#4820));
#4832=ORIENTED_EDGE('',*,*,#4833,.T.);
#4833=EDGE_CURVE('',#1923,#1289,#4834,.T.);
#4834=LINE('',#4835,#150);
#4835=CARTESIAN_POINT('',(2.7,-16.42360624223,0.5));
#4836=CYLINDRICAL_SURFACE('',#4837,0.2);
#4837=AXIS2_PLACEMENT_3D('',#4838,#44,#14);
#4838=CARTESIAN_POINT('',(2.9,-16.42360624223,0.5));
#4839=ADVANCED_FACE('',(#4840),#4848,.T.);
#4840=FACE_BOUND('',#4841,.T.);
#4841=EDGE_LOOP('',(#4832,#4842,#4843,#4847));
#4842=ORIENTED_EDGE('',*,*,#1288,.F.);
#4843=ORIENTED_EDGE('',*,*,#4844,.F.);
#4844=EDGE_CURVE('',#1930,#1284,#4845,.T.);
#4845=LINE('',#4846,#150);
#4846=CARTESIAN_POINT('',(2.7,-5.336803121118,1.8));
#4847=ORIENTED_EDGE('',*,*,#1929,.F.);
#4848=PLANE('',#4849);
#4849=AXIS2_PLACEMENT_3D('',#4835,#14,#13);
#4850=ADVANCED_FACE('',(#4851),#4859,.T.);
#4851=FACE_BOUND('',#4852,.T.);
#4852=EDGE_LOOP('',(#4853,#4854,#4855,#4856));
#4853=ORIENTED_EDGE('',*,*,#1935,.F.);
#4854=ORIENTED_EDGE('',*,*,#4844,.T.);
#4855=ORIENTED_EDGE('',*,*,#1283,.F.);
#4856=ORIENTED_EDGE('',*,*,#4857,.F.);
#4857=EDGE_CURVE('',#1936,#1280,#4858,.T.);
#4858=LINE('',#1937,#150);
#4859=PLANE('',#4860);
#4860=AXIS2_PLACEMENT_3D('',#4861,#13,#14);
#4861=CARTESIAN_POINT('',(2.5,5.75,1.8));
#4862=ADVANCED_FACE('',(#4863),#1900,.T.);
#4863=FACE_BOUND('',#4864,.T.);
#4864=EDGE_LOOP('',(#4865,#4866,#4867,#4868));
#4865=ORIENTED_EDGE('',*,*,#1871,.T.);
#4866=ORIENTED_EDGE('',*,*,#1941,.T.);
#4867=ORIENTED_EDGE('',*,*,#4857,.T.);
#4868=ORIENTED_EDGE('',*,*,#1279,.F.);
#4869=ADVANCED_FACE('',(#4870),#2019,.T.);
#4870=FACE_BOUND('',#4871,.T.);
#4871=EDGE_LOOP('',(#4872,#4873,#4874,#4877));
#4872=ORIENTED_EDGE('',*,*,#1849,.T.);
#4873=ORIENTED_EDGE('',*,*,#2060,.T.);
#4874=ORIENTED_EDGE('',*,*,#4875,.T.);
#4875=EDGE_CURVE('',#2055,#1976,#4876,.T.);
#4876=LINE('',#2056,#150);
#4877=ORIENTED_EDGE('',*,*,#1975,.F.);
#4878=ADVANCED_FACE('',(#4879),#2138,.T.);
#4879=FACE_BOUND('',#4880,.T.);
#4880=EDGE_LOOP('',(#4881,#4882,#4883,#4886));
#4881=ORIENTED_EDGE('',*,*,#1827,.T.);
#4882=ORIENTED_EDGE('',*,*,#2179,.T.);
#4883=ORIENTED_EDGE('',*,*,#4884,.T.);
#4884=EDGE_CURVE('',#2174,#2095,#4885,.T.);
#4885=LINE('',#2175,#150);
#4886=ORIENTED_EDGE('',*,*,#2094,.F.);
#4887=ADVANCED_FACE('',(#4888),#2257,.T.);
#4888=FACE_BOUND('',#4889,.T.);
#4889=EDGE_LOOP('',(#4890,#4891,#4892,#4895));
#4890=ORIENTED_EDGE('',*,*,#1805,.T.);
#4891=ORIENTED_EDGE('',*,*,#2298,.T.);
#4892=ORIENTED_EDGE('',*,*,#4893,.T.);
#4893=EDGE_CURVE('',#2293,#2214,#4894,.T.);
#4894=LINE('',#2294,#150);
#4895=ORIENTED_EDGE('',*,*,#2213,.F.);
#4896=ADVANCED_FACE('',(#4897),#2376,.T.);
#4897=FACE_BOUND('',#4898,.T.);
#4898=EDGE_LOOP('',(#4899,#4900,#4901,#4904));
#4899=ORIENTED_EDGE('',*,*,#1783,.T.);
#4900=ORIENTED_EDGE('',*,*,#2417,.T.);
#4901=ORIENTED_EDGE('',*,*,#4902,.T.);
#4902=EDGE_CURVE('',#2412,#2333,#4903,.T.);
#4903=LINE('',#2413,#150);
#4904=ORIENTED_EDGE('',*,*,#2332,.F.);
#4905=ADVANCED_FACE('',(#4906),#2495,.T.);
#4906=FACE_BOUND('',#4907,.T.);
#4907=EDGE_LOOP('',(#4908,#4909,#4910,#4913));
#4908=ORIENTED_EDGE('',*,*,#1761,.T.);
#4909=ORIENTED_EDGE('',*,*,#2536,.T.);
#4910=ORIENTED_EDGE('',*,*,#4911,.T.);
#4911=EDGE_CURVE('',#2531,#2452,#4912,.T.);
#4912=LINE('',#2532,#150);
#4913=ORIENTED_EDGE('',*,*,#2451,.F.);
#4914=ADVANCED_FACE('',(#4915),#2614,.T.);
#4915=FACE_BOUND('',#4916,.T.);
#4916=EDGE_LOOP('',(#4917,#4918,#4919,#4922));
#4917=ORIENTED_EDGE('',*,*,#1739,.T.);
#4918=ORIENTED_EDGE('',*,*,#2655,.T.);
#4919=ORIENTED_EDGE('',*,*,#4920,.T.);
#4920=EDGE_CURVE('',#2650,#2571,#4921,.T.);
#4921=LINE('',#2651,#150);
#4922=ORIENTED_EDGE('',*,*,#2570,.F.);
#4923=ADVANCED_FACE('',(#4924),#2733,.T.);
#4924=FACE_BOUND('',#4925,.T.);
#4925=EDGE_LOOP('',(#4926,#4927,#4928,#4931));
#4926=ORIENTED_EDGE('',*,*,#1717,.T.);
#4927=ORIENTED_EDGE('',*,*,#2774,.T.);
#4928=ORIENTED_EDGE('',*,*,#4929,.T.);
#4929=EDGE_CURVE('',#2769,#2690,#4930,.T.);
#4930=LINE('',#2770,#150);
#4931=ORIENTED_EDGE('',*,*,#2689,.F.);
#4932=ADVANCED_FACE('',(#4933),#2852,.T.);
#4933=FACE_BOUND('',#4934,.T.);
#4934=EDGE_LOOP('',(#4935,#4936,#4937,#4940));
#4935=ORIENTED_EDGE('',*,*,#1695,.T.);
#4936=ORIENTED_EDGE('',*,*,#2893,.T.);
#4937=ORIENTED_EDGE('',*,*,#4938,.T.);
#4938=EDGE_CURVE('',#2888,#2809,#4939,.T.);
#4939=LINE('',#2889,#150);
#4940=ORIENTED_EDGE('',*,*,#2808,.F.);
#4941=ADVANCED_FACE('',(#4942),#2971,.T.);
#4942=FACE_BOUND('',#4943,.T.);
#4943=EDGE_LOOP('',(#4944,#4945,#4946,#4949));
#4944=ORIENTED_EDGE('',*,*,#1673,.T.);
#4945=ORIENTED_EDGE('',*,*,#3012,.T.);
#4946=ORIENTED_EDGE('',*,*,#4947,.T.);
#4947=EDGE_CURVE('',#3007,#2928,#4948,.T.);
#4948=LINE('',#3008,#150);
#4949=ORIENTED_EDGE('',*,*,#2927,.F.);
#4950=ADVANCED_FACE('',(#4951),#3090,.T.);
#4951=FACE_BOUND('',#4952,.T.);
#4952=EDGE_LOOP('',(#4953,#4954,#4955,#4958));
#4953=ORIENTED_EDGE('',*,*,#1651,.T.);
#4954=ORIENTED_EDGE('',*,*,#3131,.T.);
#4955=ORIENTED_EDGE('',*,*,#4956,.T.);
#4956=EDGE_CURVE('',#3126,#3047,#4957,.T.);
#4957=LINE('',#3127,#150);
#4958=ORIENTED_EDGE('',*,*,#3046,.F.);
#4959=ADVANCED_FACE('',(#4960),#3209,.T.);
#4960=FACE_BOUND('',#4961,.T.);
#4961=EDGE_LOOP('',(#4962,#4963,#4964,#4967));
#4962=ORIENTED_EDGE('',*,*,#1629,.T.);
#4963=ORIENTED_EDGE('',*,*,#3250,.T.);
#4964=ORIENTED_EDGE('',*,*,#4965,.T.);
#4965=EDGE_CURVE('',#3245,#3166,#4966,.T.);
#4966=LINE('',#3246,#150);
#4967=ORIENTED_EDGE('',*,*,#3165,.F.);
#4968=ADVANCED_FACE('',(#4969),#3328,.T.);
#4969=FACE_BOUND('',#4970,.T.);
#4970=EDGE_LOOP('',(#4971,#4972,#4973,#4976));
#4971=ORIENTED_EDGE('',*,*,#1607,.T.);
#4972=ORIENTED_EDGE('',*,*,#3369,.T.);
#4973=ORIENTED_EDGE('',*,*,#4974,.T.);
#4974=EDGE_CURVE('',#3364,#3285,#4975,.T.);
#4975=LINE('',#3365,#150);
#4976=ORIENTED_EDGE('',*,*,#3284,.F.);
#4977=ADVANCED_FACE('',(#4978),#3447,.T.);
#4978=FACE_BOUND('',#4979,.T.);
#4979=EDGE_LOOP('',(#4980,#4981,#4982,#4985));
#4980=ORIENTED_EDGE('',*,*,#1585,.T.);
#4981=ORIENTED_EDGE('',*,*,#3488,.T.);
#4982=ORIENTED_EDGE('',*,*,#4983,.T.);
#4983=EDGE_CURVE('',#3483,#3404,#4984,.T.);
#4984=LINE('',#3484,#150);
#4985=ORIENTED_EDGE('',*,*,#3403,.F.);
#4986=ADVANCED_FACE('',(#4987),#3566,.T.);
#4987=FACE_BOUND('',#4988,.T.);
#4988=EDGE_LOOP('',(#4989,#4990,#4991,#4994));
#4989=ORIENTED_EDGE('',*,*,#1563,.T.);
#4990=ORIENTED_EDGE('',*,*,#3607,.T.);
#4991=ORIENTED_EDGE('',*,*,#4992,.T.);
#4992=EDGE_CURVE('',#3602,#3523,#4993,.T.);
#4993=LINE('',#3603,#150);
#4994=ORIENTED_EDGE('',*,*,#3522,.F.);
#4995=ADVANCED_FACE('',(#4996),#3685,.T.);
#4996=FACE_BOUND('',#4997,.T.);
#4997=EDGE_LOOP('',(#4998,#4999,#5000,#5003));
#4998=ORIENTED_EDGE('',*,*,#1541,.T.);
#4999=ORIENTED_EDGE('',*,*,#3726,.T.);
#5000=ORIENTED_EDGE('',*,*,#5001,.T.);
#5001=EDGE_CURVE('',#3721,#3642,#5002,.T.);
#5002=LINE('',#3722,#150);
#5003=ORIENTED_EDGE('',*,*,#3641,.F.);
#5004=ADVANCED_FACE('',(#5005),#3804,.T.);
#5005=FACE_BOUND('',#5006,.T.);
#5006=EDGE_LOOP('',(#5007,#5008,#5009,#5012));
#5007=ORIENTED_EDGE('',*,*,#1519,.T.);
#5008=ORIENTED_EDGE('',*,*,#3845,.T.);
#5009=ORIENTED_EDGE('',*,*,#5010,.T.);
#5010=EDGE_CURVE('',#3840,#3761,#5011,.T.);
#5011=LINE('',#3841,#150);
#5012=ORIENTED_EDGE('',*,*,#3760,.F.);
#5013=ADVANCED_FACE('',(#5014),#3923,.T.);
#5014=FACE_BOUND('',#5015,.T.);
#5015=EDGE_LOOP('',(#5016,#5017,#5018,#5021));
#5016=ORIENTED_EDGE('',*,*,#1497,.T.);
#5017=ORIENTED_EDGE('',*,*,#3964,.T.);
#5018=ORIENTED_EDGE('',*,*,#5019,.T.);
#5019=EDGE_CURVE('',#3959,#3880,#5020,.T.);
#5020=LINE('',#3960,#150);
#5021=ORIENTED_EDGE('',*,*,#3879,.F.);
#5022=ADVANCED_FACE('',(#5023),#4042,.T.);
#5023=FACE_BOUND('',#5024,.T.);
#5024=EDGE_LOOP('',(#5025,#5026,#5027,#5030));
#5025=ORIENTED_EDGE('',*,*,#1475,.T.);
#5026=ORIENTED_EDGE('',*,*,#4083,.T.);
#5027=ORIENTED_EDGE('',*,*,#5028,.T.);
#5028=EDGE_CURVE('',#4078,#3999,#5029,.T.);
#5029=LINE('',#4079,#150);
#5030=ORIENTED_EDGE('',*,*,#3998,.F.);
#5031=ADVANCED_FACE('',(#5032),#4161,.T.);
#5032=FACE_BOUND('',#5033,.T.);
#5033=EDGE_LOOP('',(#5034,#5035,#5036,#5039));
#5034=ORIENTED_EDGE('',*,*,#1453,.T.);
#5035=ORIENTED_EDGE('',*,*,#4202,.T.);
#5036=ORIENTED_EDGE('',*,*,#5037,.T.);
#5037=EDGE_CURVE('',#4197,#4118,#5038,.T.);
#5038=LINE('',#4198,#150);
#5039=ORIENTED_EDGE('',*,*,#4117,.F.);
#5040=ADVANCED_FACE('',(#5041),#4280,.T.);
#5041=FACE_BOUND('',#5042,.T.);
#5042=EDGE_LOOP('',(#5043,#5044,#5045,#5048));
#5043=ORIENTED_EDGE('',*,*,#1431,.T.);
#5044=ORIENTED_EDGE('',*,*,#4321,.T.);
#5045=ORIENTED_EDGE('',*,*,#5046,.T.);
#5046=EDGE_CURVE('',#4316,#4237,#5047,.T.);
#5047=LINE('',#4317,#150);
#5048=ORIENTED_EDGE('',*,*,#4236,.F.);
#5049=ADVANCED_FACE('',(#5050),#4399,.T.);
#5050=FACE_BOUND('',#5051,.T.);
#5051=EDGE_LOOP('',(#5052,#5053,#5054,#5057));
#5052=ORIENTED_EDGE('',*,*,#1409,.T.);
#5053=ORIENTED_EDGE('',*,*,#4440,.T.);
#5054=ORIENTED_EDGE('',*,*,#5055,.T.);
#5055=EDGE_CURVE('',#4435,#4356,#5056,.T.);
#5056=LINE('',#4436,#150);
#5057=ORIENTED_EDGE('',*,*,#4355,.F.);
#5058=ADVANCED_FACE('',(#5059),#4518,.T.);
#5059=FACE_BOUND('',#5060,.T.);
#5060=EDGE_LOOP('',(#5061,#5062,#5063,#5066));
#5061=ORIENTED_EDGE('',*,*,#1387,.T.);
#5062=ORIENTED_EDGE('',*,*,#4559,.T.);
#5063=ORIENTED_EDGE('',*,*,#5064,.T.);
#5064=EDGE_CURVE('',#4554,#4475,#5065,.T.);
#5065=LINE('',#4555,#150);
#5066=ORIENTED_EDGE('',*,*,#4474,.F.);
#5067=ADVANCED_FACE('',(#5068),#4637,.T.);
#5068=FACE_BOUND('',#5069,.T.);
#5069=EDGE_LOOP('',(#5070,#5071,#5072,#5075));
#5070=ORIENTED_EDGE('',*,*,#1365,.T.);
#5071=ORIENTED_EDGE('',*,*,#4678,.T.);
#5072=ORIENTED_EDGE('',*,*,#5073,.T.);
#5073=EDGE_CURVE('',#4673,#4594,#5074,.T.);
#5074=LINE('',#4674,#150);
#5075=ORIENTED_EDGE('',*,*,#4593,.F.);
#5076=ADVANCED_FACE('',(#5077),#5085,.F.);
#5077=FACE_BOUND('',#5078,.T.);
#5078=EDGE_LOOP('',(#5079,#5080,#5081,#5082));
#5079=ORIENTED_EDGE('',*,*,#2025,.T.);
#5080=ORIENTED_EDGE('',*,*,#2011,.T.);
#5081=ORIENTED_EDGE('',*,*,#1963,.T.);
#5082=ORIENTED_EDGE('',*,*,#5083,.T.);
#5083=EDGE_CURVE('',#1966,#2026,#5084,.T.);
#5084=LINE('',#1967,#43);
#5085=PLANE('',#5086);
#5086=AXIS2_PLACEMENT_3D('',#5087,#13,#14);
#5087=CARTESIAN_POINT('',(2.5,5.25,5.551115123126E-17));
#5088=ADVANCED_FACE('',(#5089),#5098,.T.);
#5089=FACE_BOUND('',#5090,.T.);
#5090=EDGE_LOOP('',(#5091,#5092,#5093,#5097));
#5091=ORIENTED_EDGE('',*,*,#5083,.F.);
#5092=ORIENTED_EDGE('',*,*,#2003,.T.);
#5093=ORIENTED_EDGE('',*,*,#5094,.T.);
#5094=EDGE_CURVE('',#1998,#2031,#5095,.T.);
#5095=LINE('',#5096,#43);
#5096=CARTESIAN_POINT('',(3.4,-5.536803121118,0.3));
#5097=ORIENTED_EDGE('',*,*,#2030,.F.);
#5098=PLANE('',#5099);
#5099=AXIS2_PLACEMENT_3D('',#1967,#14,#44);
#5100=ADVANCED_FACE('',(#5101),#4826,.T.);
#5101=FACE_BOUND('',#5102,.T.);
#5102=EDGE_LOOP('',(#5103,#5104,#5106,#5107));
#5103=ORIENTED_EDGE('',*,*,#1997,.F.);
#5104=ORIENTED_EDGE('',*,*,#5105,.F.);
#5105=EDGE_CURVE('',#2036,#1991,#4822,.T.);
#5106=ORIENTED_EDGE('',*,*,#2035,.F.);
#5107=ORIENTED_EDGE('',*,*,#5094,.F.);
#5108=ADVANCED_FACE('',(#5109),#4836,.F.);
#5109=FACE_BOUND('',#5110,.F.);
#5110=EDGE_LOOP('',(#2040,#5111,#1989,#5104));
#5111=ORIENTED_EDGE('',*,*,#5112,.T.);
#5112=EDGE_CURVE('',#2042,#1985,#4834,.T.);
#5113=ADVANCED_FACE('',(#5114),#4848,.T.);
#5114=FACE_BOUND('',#5115,.T.);
#5115=EDGE_LOOP('',(#5111,#5116,#5117,#5121));
#5116=ORIENTED_EDGE('',*,*,#1984,.F.);
#5117=ORIENTED_EDGE('',*,*,#5118,.F.);
#5118=EDGE_CURVE('',#2049,#1980,#5119,.T.);
#5119=LINE('',#5120,#150);
#5120=CARTESIAN_POINT('',(2.7,-5.586803121118,1.8));
#5121=ORIENTED_EDGE('',*,*,#2048,.F.);
#5122=ADVANCED_FACE('',(#5123),#5129,.T.);
#5123=FACE_BOUND('',#5124,.T.);
#5124=EDGE_LOOP('',(#5125,#5126,#5127,#5128));
#5125=ORIENTED_EDGE('',*,*,#2054,.F.);
#5126=ORIENTED_EDGE('',*,*,#5118,.T.);
#5127=ORIENTED_EDGE('',*,*,#1979,.F.);
#5128=ORIENTED_EDGE('',*,*,#4875,.F.);
#5129=PLANE('',#5130);
#5130=AXIS2_PLACEMENT_3D('',#5131,#13,#14);
#5131=CARTESIAN_POINT('',(2.5,5.25,1.8));
#5132=ADVANCED_FACE('',(#5133),#5141,.F.);
#5133=FACE_BOUND('',#5134,.T.);
#5134=EDGE_LOOP('',(#5135,#5136,#5137,#5138));
#5135=ORIENTED_EDGE('',*,*,#2144,.T.);
#5136=ORIENTED_EDGE('',*,*,#2130,.T.);
#5137=ORIENTED_EDGE('',*,*,#2082,.T.);
#5138=ORIENTED_EDGE('',*,*,#5139,.T.);
#5139=EDGE_CURVE('',#2085,#2145,#5140,.T.);
#5140=LINE('',#2086,#43);
#5141=PLANE('',#5142);
#5142=AXIS2_PLACEMENT_3D('',#5143,#13,#14);
#5143=CARTESIAN_POINT('',(2.5,4.75,1.110223024625E-16));
#5144=ADVANCED_FACE('',(#5145),#5154,.T.);
#5145=FACE_BOUND('',#5146,.T.);
#5146=EDGE_LOOP('',(#5147,#5148,#5149,#5153));
#5147=ORIENTED_EDGE('',*,*,#5139,.F.);
#5148=ORIENTED_EDGE('',*,*,#2122,.T.);
#5149=ORIENTED_EDGE('',*,*,#5150,.T.);
#5150=EDGE_CURVE('',#2117,#2150,#5151,.T.);
#5151=LINE('',#5152,#43);
#5152=CARTESIAN_POINT('',(3.4,-5.786803121118,0.3));
#5153=ORIENTED_EDGE('',*,*,#2149,.F.);
#5154=PLANE('',#5155);
#5155=AXIS2_PLACEMENT_3D('',#2086,#14,#44);
#5156=ADVANCED_FACE('',(#5157),#4826,.T.);
#5157=FACE_BOUND('',#5158,.T.);
#5158=EDGE_LOOP('',(#5159,#5160,#5162,#5163));
#5159=ORIENTED_EDGE('',*,*,#2116,.F.);
#5160=ORIENTED_EDGE('',*,*,#5161,.F.);
#5161=EDGE_CURVE('',#2155,#2110,#4822,.T.);
#5162=ORIENTED_EDGE('',*,*,#2154,.F.);
#5163=ORIENTED_EDGE('',*,*,#5150,.F.);
#5164=ADVANCED_FACE('',(#5165),#4836,.F.);
#5165=FACE_BOUND('',#5166,.F.);
#5166=EDGE_LOOP('',(#2159,#5167,#2108,#5160));
#5167=ORIENTED_EDGE('',*,*,#5168,.T.);
#5168=EDGE_CURVE('',#2161,#2104,#4834,.T.);
#5169=ADVANCED_FACE('',(#5170),#4848,.T.);
#5170=FACE_BOUND('',#5171,.T.);
#5171=EDGE_LOOP('',(#5167,#5172,#5173,#5177));
#5172=ORIENTED_EDGE('',*,*,#2103,.F.);
#5173=ORIENTED_EDGE('',*,*,#5174,.F.);
#5174=EDGE_CURVE('',#2168,#2099,#5175,.T.);
#5175=LINE('',#5176,#150);
#5176=CARTESIAN_POINT('',(2.7,-5.836803121118,1.8));
#5177=ORIENTED_EDGE('',*,*,#2167,.F.);
#5178=ADVANCED_FACE('',(#5179),#5185,.T.);
#5179=FACE_BOUND('',#5180,.T.);
#5180=EDGE_LOOP('',(#5181,#5182,#5183,#5184));
#5181=ORIENTED_EDGE('',*,*,#2173,.F.);
#5182=ORIENTED_EDGE('',*,*,#5174,.T.);
#5183=ORIENTED_EDGE('',*,*,#2098,.F.);
#5184=ORIENTED_EDGE('',*,*,#4884,.F.);
#5185=PLANE('',#5186);
#5186=AXIS2_PLACEMENT_3D('',#5187,#13,#14);
#5187=CARTESIAN_POINT('',(2.5,4.75,1.8));
#5188=ADVANCED_FACE('',(#5189),#5197,.F.);
#5189=FACE_BOUND('',#5190,.T.);
#5190=EDGE_LOOP('',(#5191,#5192,#5193,#5194));
#5191=ORIENTED_EDGE('',*,*,#2263,.T.);
#5192=ORIENTED_EDGE('',*,*,#2249,.T.);
#5193=ORIENTED_EDGE('',*,*,#2201,.T.);
#5194=ORIENTED_EDGE('',*,*,#5195,.T.);
#5195=EDGE_CURVE('',#2204,#2264,#5196,.T.);
#5196=LINE('',#2205,#43);
#5197=PLANE('',#5198);
#5198=AXIS2_PLACEMENT_3D('',#5199,#13,#14);
#5199=CARTESIAN_POINT('',(2.5,4.25,1.665334536938E-16));
#5200=ADVANCED_FACE('',(#5201),#5210,.T.);
#5201=FACE_BOUND('',#5202,.T.);
#5202=EDGE_LOOP('',(#5203,#5204,#5205,#5209));
#5203=ORIENTED_EDGE('',*,*,#5195,.F.);
#5204=ORIENTED_EDGE('',*,*,#2241,.T.);
#5205=ORIENTED_EDGE('',*,*,#5206,.T.);
#5206=EDGE_CURVE('',#2236,#2269,#5207,.T.);
#5207=LINE('',#5208,#43);
#5208=CARTESIAN_POINT('',(3.4,-6.036803121118,0.3));
#5209=ORIENTED_EDGE('',*,*,#2268,.F.);
#5210=PLANE('',#5211);
#5211=AXIS2_PLACEMENT_3D('',#2205,#14,#44);
#5212=ADVANCED_FACE('',(#5213),#4826,.T.);
#5213=FACE_BOUND('',#5214,.T.);
#5214=EDGE_LOOP('',(#5215,#5216,#5218,#5219));
#5215=ORIENTED_EDGE('',*,*,#2235,.F.);
#5216=ORIENTED_EDGE('',*,*,#5217,.F.);
#5217=EDGE_CURVE('',#2274,#2229,#4822,.T.);
#5218=ORIENTED_EDGE('',*,*,#2273,.F.);
#5219=ORIENTED_EDGE('',*,*,#5206,.F.);
#5220=ADVANCED_FACE('',(#5221),#4836,.F.);
#5221=FACE_BOUND('',#5222,.F.);
#5222=EDGE_LOOP('',(#2278,#5223,#2227,#5216));
#5223=ORIENTED_EDGE('',*,*,#5224,.T.);
#5224=EDGE_CURVE('',#2280,#2223,#4834,.T.);
#5225=ADVANCED_FACE('',(#5226),#4848,.T.);
#5226=FACE_BOUND('',#5227,.T.);
#5227=EDGE_LOOP('',(#5223,#5228,#5229,#5233));
#5228=ORIENTED_EDGE('',*,*,#2222,.F.);
#5229=ORIENTED_EDGE('',*,*,#5230,.F.);
#5230=EDGE_CURVE('',#2287,#2218,#5231,.T.);
#5231=LINE('',#5232,#150);
#5232=CARTESIAN_POINT('',(2.7,-6.086803121118,1.8));
#5233=ORIENTED_EDGE('',*,*,#2286,.F.);
#5234=ADVANCED_FACE('',(#5235),#5241,.T.);
#5235=FACE_BOUND('',#5236,.T.);
#5236=EDGE_LOOP('',(#5237,#5238,#5239,#5240));
#5237=ORIENTED_EDGE('',*,*,#2292,.F.);
#5238=ORIENTED_EDGE('',*,*,#5230,.T.);
#5239=ORIENTED_EDGE('',*,*,#2217,.F.);
#5240=ORIENTED_EDGE('',*,*,#4893,.F.);
#5241=PLANE('',#5242);
#5242=AXIS2_PLACEMENT_3D('',#5243,#13,#14);
#5243=CARTESIAN_POINT('',(2.5,4.25,1.8));
#5244=ADVANCED_FACE('',(#5245),#5253,.F.);
#5245=FACE_BOUND('',#5246,.T.);
#5246=EDGE_LOOP('',(#5247,#5248,#5249,#5250));
#5247=ORIENTED_EDGE('',*,*,#2382,.T.);
#5248=ORIENTED_EDGE('',*,*,#2368,.T.);
#5249=ORIENTED_EDGE('',*,*,#2320,.T.);
#5250=ORIENTED_EDGE('',*,*,#5251,.T.);
#5251=EDGE_CURVE('',#2323,#2383,#5252,.T.);
#5252=LINE('',#2324,#43);
#5253=PLANE('',#5254);
#5254=AXIS2_PLACEMENT_3D('',#5255,#13,#14);
#5255=CARTESIAN_POINT('',(2.5,3.75,2.22044604925E-16));
#5256=ADVANCED_FACE('',(#5257),#5266,.T.);
#5257=FACE_BOUND('',#5258,.T.);
#5258=EDGE_LOOP('',(#5259,#5260,#5261,#5265));
#5259=ORIENTED_EDGE('',*,*,#5251,.F.);
#5260=ORIENTED_EDGE('',*,*,#2360,.T.);
#5261=ORIENTED_EDGE('',*,*,#5262,.T.);
#5262=EDGE_CURVE('',#2355,#2388,#5263,.T.);
#5263=LINE('',#5264,#43);
#5264=CARTESIAN_POINT('',(3.4,-6.286803121118,0.3));
#5265=ORIENTED_EDGE('',*,*,#2387,.F.);
#5266=PLANE('',#5267);
#5267=AXIS2_PLACEMENT_3D('',#2324,#14,#44);
#5268=ADVANCED_FACE('',(#5269),#4826,.T.);
#5269=FACE_BOUND('',#5270,.T.);
#5270=EDGE_LOOP('',(#5271,#5272,#5274,#5275));
#5271=ORIENTED_EDGE('',*,*,#2354,.F.);
#5272=ORIENTED_EDGE('',*,*,#5273,.F.);
#5273=EDGE_CURVE('',#2393,#2348,#4822,.T.);
#5274=ORIENTED_EDGE('',*,*,#2392,.F.);
#5275=ORIENTED_EDGE('',*,*,#5262,.F.);
#5276=ADVANCED_FACE('',(#5277),#4836,.F.);
#5277=FACE_BOUND('',#5278,.F.);
#5278=EDGE_LOOP('',(#2397,#5279,#2346,#5272));
#5279=ORIENTED_EDGE('',*,*,#5280,.T.);
#5280=EDGE_CURVE('',#2399,#2342,#4834,.T.);
#5281=ADVANCED_FACE('',(#5282),#4848,.T.);
#5282=FACE_BOUND('',#5283,.T.);
#5283=EDGE_LOOP('',(#5279,#5284,#5285,#5289));
#5284=ORIENTED_EDGE('',*,*,#2341,.F.);
#5285=ORIENTED_EDGE('',*,*,#5286,.F.);
#5286=EDGE_CURVE('',#2406,#2337,#5287,.T.);
#5287=LINE('',#5288,#150);
#5288=CARTESIAN_POINT('',(2.7,-6.336803121118,1.8));
#5289=ORIENTED_EDGE('',*,*,#2405,.F.);
#5290=ADVANCED_FACE('',(#5291),#5297,.T.);
#5291=FACE_BOUND('',#5292,.T.);
#5292=EDGE_LOOP('',(#5293,#5294,#5295,#5296));
#5293=ORIENTED_EDGE('',*,*,#2411,.F.);
#5294=ORIENTED_EDGE('',*,*,#5286,.T.);
#5295=ORIENTED_EDGE('',*,*,#2336,.F.);
#5296=ORIENTED_EDGE('',*,*,#4902,.F.);
#5297=PLANE('',#5298);
#5298=AXIS2_PLACEMENT_3D('',#5299,#13,#14);
#5299=CARTESIAN_POINT('',(2.5,3.75,1.8));
#5300=ADVANCED_FACE('',(#5301),#5309,.F.);
#5301=FACE_BOUND('',#5302,.T.);
#5302=EDGE_LOOP('',(#5303,#5304,#5305,#5306));
#5303=ORIENTED_EDGE('',*,*,#2501,.T.);
#5304=ORIENTED_EDGE('',*,*,#2487,.T.);
#5305=ORIENTED_EDGE('',*,*,#2439,.T.);
#5306=ORIENTED_EDGE('',*,*,#5307,.T.);
#5307=EDGE_CURVE('',#2442,#2502,#5308,.T.);
#5308=LINE('',#2443,#43);
#5309=PLANE('',#5310);
#5310=AXIS2_PLACEMENT_3D('',#5311,#13,#14);
#5311=CARTESIAN_POINT('',(2.5,3.25,2.775557561563E-16));
#5312=ADVANCED_FACE('',(#5313),#5322,.T.);
#5313=FACE_BOUND('',#5314,.T.);
#5314=EDGE_LOOP('',(#5315,#5316,#5317,#5321));
#5315=ORIENTED_EDGE('',*,*,#5307,.F.);
#5316=ORIENTED_EDGE('',*,*,#2479,.T.);
#5317=ORIENTED_EDGE('',*,*,#5318,.T.);
#5318=EDGE_CURVE('',#2474,#2507,#5319,.T.);
#5319=LINE('',#5320,#43);
#5320=CARTESIAN_POINT('',(3.4,-6.536803121118,0.3));
#5321=ORIENTED_EDGE('',*,*,#2506,.F.);
#5322=PLANE('',#5323);
#5323=AXIS2_PLACEMENT_3D('',#2443,#14,#44);
#5324=ADVANCED_FACE('',(#5325),#4826,.T.);
#5325=FACE_BOUND('',#5326,.T.);
#5326=EDGE_LOOP('',(#5327,#5328,#5330,#5331));
#5327=ORIENTED_EDGE('',*,*,#2473,.F.);
#5328=ORIENTED_EDGE('',*,*,#5329,.F.);
#5329=EDGE_CURVE('',#2512,#2467,#4822,.T.);
#5330=ORIENTED_EDGE('',*,*,#2511,.F.);
#5331=ORIENTED_EDGE('',*,*,#5318,.F.);
#5332=ADVANCED_FACE('',(#5333),#4836,.F.);
#5333=FACE_BOUND('',#5334,.F.);
#5334=EDGE_LOOP('',(#2516,#5335,#2465,#5328));
#5335=ORIENTED_EDGE('',*,*,#5336,.T.);
#5336=EDGE_CURVE('',#2518,#2461,#4834,.T.);
#5337=ADVANCED_FACE('',(#5338),#4848,.T.);
#5338=FACE_BOUND('',#5339,.T.);
#5339=EDGE_LOOP('',(#5335,#5340,#5341,#5345));
#5340=ORIENTED_EDGE('',*,*,#2460,.F.);
#5341=ORIENTED_EDGE('',*,*,#5342,.F.);
#5342=EDGE_CURVE('',#2525,#2456,#5343,.T.);
#5343=LINE('',#5344,#150);
#5344=CARTESIAN_POINT('',(2.7,-6.586803121118,1.8));
#5345=ORIENTED_EDGE('',*,*,#2524,.F.);
#5346=ADVANCED_FACE('',(#5347),#5353,.T.);
#5347=FACE_BOUND('',#5348,.T.);
#5348=EDGE_LOOP('',(#5349,#5350,#5351,#5352));
#5349=ORIENTED_EDGE('',*,*,#2530,.F.);
#5350=ORIENTED_EDGE('',*,*,#5342,.T.);
#5351=ORIENTED_EDGE('',*,*,#2455,.F.);
#5352=ORIENTED_EDGE('',*,*,#4911,.F.);
#5353=PLANE('',#5354);
#5354=AXIS2_PLACEMENT_3D('',#5355,#13,#14);
#5355=CARTESIAN_POINT('',(2.5,3.25,1.8));
#5356=ADVANCED_FACE('',(#5357),#5365,.F.);
#5357=FACE_BOUND('',#5358,.T.);
#5358=EDGE_LOOP('',(#5359,#5360,#5361,#5362));
#5359=ORIENTED_EDGE('',*,*,#2620,.T.);
#5360=ORIENTED_EDGE('',*,*,#2606,.T.);
#5361=ORIENTED_EDGE('',*,*,#2558,.T.);
#5362=ORIENTED_EDGE('',*,*,#5363,.T.);
#5363=EDGE_CURVE('',#2561,#2621,#5364,.T.);
#5364=LINE('',#2562,#43);
#5365=PLANE('',#5366);
#5366=AXIS2_PLACEMENT_3D('',#5367,#13,#14);
#5367=CARTESIAN_POINT('',(2.5,2.75,3.330669073875E-16));
#5368=ADVANCED_FACE('',(#5369),#5378,.T.);
#5369=FACE_BOUND('',#5370,.T.);
#5370=EDGE_LOOP('',(#5371,#5372,#5373,#5377));
#5371=ORIENTED_EDGE('',*,*,#5363,.F.);
#5372=ORIENTED_EDGE('',*,*,#2598,.T.);
#5373=ORIENTED_EDGE('',*,*,#5374,.T.);
#5374=EDGE_CURVE('',#2593,#2626,#5375,.T.);
#5375=LINE('',#5376,#43);
#5376=CARTESIAN_POINT('',(3.4,-6.786803121118,0.3));
#5377=ORIENTED_EDGE('',*,*,#2625,.F.);
#5378=PLANE('',#5379);
#5379=AXIS2_PLACEMENT_3D('',#2562,#14,#44);
#5380=ADVANCED_FACE('',(#5381),#4826,.T.);
#5381=FACE_BOUND('',#5382,.T.);
#5382=EDGE_LOOP('',(#5383,#5384,#5386,#5387));
#5383=ORIENTED_EDGE('',*,*,#2592,.F.);
#5384=ORIENTED_EDGE('',*,*,#5385,.F.);
#5385=EDGE_CURVE('',#2631,#2586,#4822,.T.);
#5386=ORIENTED_EDGE('',*,*,#2630,.F.);
#5387=ORIENTED_EDGE('',*,*,#5374,.F.);
#5388=ADVANCED_FACE('',(#5389),#4836,.F.);
#5389=FACE_BOUND('',#5390,.F.);
#5390=EDGE_LOOP('',(#2635,#5391,#2584,#5384));
#5391=ORIENTED_EDGE('',*,*,#5392,.T.);
#5392=EDGE_CURVE('',#2637,#2580,#4834,.T.);
#5393=ADVANCED_FACE('',(#5394),#4848,.T.);
#5394=FACE_BOUND('',#5395,.T.);
#5395=EDGE_LOOP('',(#5391,#5396,#5397,#5401));
#5396=ORIENTED_EDGE('',*,*,#2579,.F.);
#5397=ORIENTED_EDGE('',*,*,#5398,.F.);
#5398=EDGE_CURVE('',#2644,#2575,#5399,.T.);
#5399=LINE('',#5400,#150);
#5400=CARTESIAN_POINT('',(2.7,-6.836803121118,1.8));
#5401=ORIENTED_EDGE('',*,*,#2643,.F.);
#5402=ADVANCED_FACE('',(#5403),#5409,.T.);
#5403=FACE_BOUND('',#5404,.T.);
#5404=EDGE_LOOP('',(#5405,#5406,#5407,#5408));
#5405=ORIENTED_EDGE('',*,*,#2649,.F.);
#5406=ORIENTED_EDGE('',*,*,#5398,.T.);
#5407=ORIENTED_EDGE('',*,*,#2574,.F.);
#5408=ORIENTED_EDGE('',*,*,#4920,.F.);
#5409=PLANE('',#5410);
#5410=AXIS2_PLACEMENT_3D('',#5411,#13,#14);
#5411=CARTESIAN_POINT('',(2.5,2.75,1.8));
#5412=ADVANCED_FACE('',(#5413),#5421,.F.);
#5413=FACE_BOUND('',#5414,.T.);
#5414=EDGE_LOOP('',(#5415,#5416,#5417,#5418));
#5415=ORIENTED_EDGE('',*,*,#2739,.T.);
#5416=ORIENTED_EDGE('',*,*,#2725,.T.);
#5417=ORIENTED_EDGE('',*,*,#2677,.T.);
#5418=ORIENTED_EDGE('',*,*,#5419,.T.);
#5419=EDGE_CURVE('',#2680,#2740,#5420,.T.);
#5420=LINE('',#2681,#43);
#5421=PLANE('',#5422);
#5422=AXIS2_PLACEMENT_3D('',#5423,#13,#14);
#5423=CARTESIAN_POINT('',(2.5,2.25,3.885780586188E-16));
#5424=ADVANCED_FACE('',(#5425),#5434,.T.);
#5425=FACE_BOUND('',#5426,.T.);
#5426=EDGE_LOOP('',(#5427,#5428,#5429,#5433));
#5427=ORIENTED_EDGE('',*,*,#5419,.F.);
#5428=ORIENTED_EDGE('',*,*,#2717,.T.);
#5429=ORIENTED_EDGE('',*,*,#5430,.T.);
#5430=EDGE_CURVE('',#2712,#2745,#5431,.T.);
#5431=LINE('',#5432,#43);
#5432=CARTESIAN_POINT('',(3.4,-7.036803121118,0.3));
#5433=ORIENTED_EDGE('',*,*,#2744,.F.);
#5434=PLANE('',#5435);
#5435=AXIS2_PLACEMENT_3D('',#2681,#14,#44);
#5436=ADVANCED_FACE('',(#5437),#4826,.T.);
#5437=FACE_BOUND('',#5438,.T.);
#5438=EDGE_LOOP('',(#5439,#5440,#5442,#5443));
#5439=ORIENTED_EDGE('',*,*,#2711,.F.);
#5440=ORIENTED_EDGE('',*,*,#5441,.F.);
#5441=EDGE_CURVE('',#2750,#2705,#4822,.T.);
#5442=ORIENTED_EDGE('',*,*,#2749,.F.);
#5443=ORIENTED_EDGE('',*,*,#5430,.F.);
#5444=ADVANCED_FACE('',(#5445),#4836,.F.);
#5445=FACE_BOUND('',#5446,.F.);
#5446=EDGE_LOOP('',(#2754,#5447,#2703,#5440));
#5447=ORIENTED_EDGE('',*,*,#5448,.T.);
#5448=EDGE_CURVE('',#2756,#2699,#4834,.T.);
#5449=ADVANCED_FACE('',(#5450),#4848,.T.);
#5450=FACE_BOUND('',#5451,.T.);
#5451=EDGE_LOOP('',(#5447,#5452,#5453,#5457));
#5452=ORIENTED_EDGE('',*,*,#2698,.F.);
#5453=ORIENTED_EDGE('',*,*,#5454,.F.);
#5454=EDGE_CURVE('',#2763,#2694,#5455,.T.);
#5455=LINE('',#5456,#150);
#5456=CARTESIAN_POINT('',(2.7,-7.086803121118,1.8));
#5457=ORIENTED_EDGE('',*,*,#2762,.F.);
#5458=ADVANCED_FACE('',(#5459),#5465,.T.);
#5459=FACE_BOUND('',#5460,.T.);
#5460=EDGE_LOOP('',(#5461,#5462,#5463,#5464));
#5461=ORIENTED_EDGE('',*,*,#2768,.F.);
#5462=ORIENTED_EDGE('',*,*,#5454,.T.);
#5463=ORIENTED_EDGE('',*,*,#2693,.F.);
#5464=ORIENTED_EDGE('',*,*,#4929,.F.);
#5465=PLANE('',#5466);
#5466=AXIS2_PLACEMENT_3D('',#5467,#13,#14);
#5467=CARTESIAN_POINT('',(2.5,2.25,1.8));
#5468=ADVANCED_FACE('',(#5469),#5477,.F.);
#5469=FACE_BOUND('',#5470,.T.);
#5470=EDGE_LOOP('',(#5471,#5472,#5473,#5474));
#5471=ORIENTED_EDGE('',*,*,#2858,.T.);
#5472=ORIENTED_EDGE('',*,*,#2844,.T.);
#5473=ORIENTED_EDGE('',*,*,#2796,.T.);
#5474=ORIENTED_EDGE('',*,*,#5475,.T.);
#5475=EDGE_CURVE('',#2799,#2859,#5476,.T.);
#5476=LINE('',#2800,#43);
#5477=PLANE('',#5478);
#5478=AXIS2_PLACEMENT_3D('',#5479,#13,#14);
#5479=CARTESIAN_POINT('',(2.5,1.75,4.440892098501E-16));
#5480=ADVANCED_FACE('',(#5481),#5490,.T.);
#5481=FACE_BOUND('',#5482,.T.);
#5482=EDGE_LOOP('',(#5483,#5484,#5485,#5489));
#5483=ORIENTED_EDGE('',*,*,#5475,.F.);
#5484=ORIENTED_EDGE('',*,*,#2836,.T.);
#5485=ORIENTED_EDGE('',*,*,#5486,.T.);
#5486=EDGE_CURVE('',#2831,#2864,#5487,.T.);
#5487=LINE('',#5488,#43);
#5488=CARTESIAN_POINT('',(3.4,-7.286803121118,0.3));
#5489=ORIENTED_EDGE('',*,*,#2863,.F.);
#5490=PLANE('',#5491);
#5491=AXIS2_PLACEMENT_3D('',#2800,#14,#44);
#5492=ADVANCED_FACE('',(#5493),#4826,.T.);
#5493=FACE_BOUND('',#5494,.T.);
#5494=EDGE_LOOP('',(#5495,#5496,#5498,#5499));
#5495=ORIENTED_EDGE('',*,*,#2830,.F.);
#5496=ORIENTED_EDGE('',*,*,#5497,.F.);
#5497=EDGE_CURVE('',#2869,#2824,#4822,.T.);
#5498=ORIENTED_EDGE('',*,*,#2868,.F.);
#5499=ORIENTED_EDGE('',*,*,#5486,.F.);
#5500=ADVANCED_FACE('',(#5501),#4836,.F.);
#5501=FACE_BOUND('',#5502,.F.);
#5502=EDGE_LOOP('',(#2873,#5503,#2822,#5496));
#5503=ORIENTED_EDGE('',*,*,#5504,.T.);
#5504=EDGE_CURVE('',#2875,#2818,#4834,.T.);
#5505=ADVANCED_FACE('',(#5506),#4848,.T.);
#5506=FACE_BOUND('',#5507,.T.);
#5507=EDGE_LOOP('',(#5503,#5508,#5509,#5513));
#5508=ORIENTED_EDGE('',*,*,#2817,.F.);
#5509=ORIENTED_EDGE('',*,*,#5510,.F.);
#5510=EDGE_CURVE('',#2882,#2813,#5511,.T.);
#5511=LINE('',#5512,#150);
#5512=CARTESIAN_POINT('',(2.7,-7.336803121118,1.8));
#5513=ORIENTED_EDGE('',*,*,#2881,.F.);
#5514=ADVANCED_FACE('',(#5515),#5521,.T.);
#5515=FACE_BOUND('',#5516,.T.);
#5516=EDGE_LOOP('',(#5517,#5518,#5519,#5520));
#5517=ORIENTED_EDGE('',*,*,#2887,.F.);
#5518=ORIENTED_EDGE('',*,*,#5510,.T.);
#5519=ORIENTED_EDGE('',*,*,#2812,.F.);
#5520=ORIENTED_EDGE('',*,*,#4938,.F.);
#5521=PLANE('',#5522);
#5522=AXIS2_PLACEMENT_3D('',#5523,#13,#14);
#5523=CARTESIAN_POINT('',(2.5,1.75,1.8));
#5524=ADVANCED_FACE('',(#5525),#5533,.F.);
#5525=FACE_BOUND('',#5526,.T.);
#5526=EDGE_LOOP('',(#5527,#5528,#5529,#5530));
#5527=ORIENTED_EDGE('',*,*,#2977,.T.);
#5528=ORIENTED_EDGE('',*,*,#2963,.T.);
#5529=ORIENTED_EDGE('',*,*,#2915,.T.);
#5530=ORIENTED_EDGE('',*,*,#5531,.T.);
#5531=EDGE_CURVE('',#2918,#2978,#5532,.T.);
#5532=LINE('',#2919,#43);
#5533=PLANE('',#5534);
#5534=AXIS2_PLACEMENT_3D('',#5535,#13,#14);
#5535=CARTESIAN_POINT('',(2.5,1.25,4.996003610813E-16));
#5536=ADVANCED_FACE('',(#5537),#5546,.T.);
#5537=FACE_BOUND('',#5538,.T.);
#5538=EDGE_LOOP('',(#5539,#5540,#5541,#5545));
#5539=ORIENTED_EDGE('',*,*,#5531,.F.);
#5540=ORIENTED_EDGE('',*,*,#2955,.T.);
#5541=ORIENTED_EDGE('',*,*,#5542,.T.);
#5542=EDGE_CURVE('',#2950,#2983,#5543,.T.);
#5543=LINE('',#5544,#43);
#5544=CARTESIAN_POINT('',(3.4,-7.536803121118,0.3));
#5545=ORIENTED_EDGE('',*,*,#2982,.F.);
#5546=PLANE('',#5547);
#5547=AXIS2_PLACEMENT_3D('',#2919,#14,#44);
#5548=ADVANCED_FACE('',(#5549),#4826,.T.);
#5549=FACE_BOUND('',#5550,.T.);
#5550=EDGE_LOOP('',(#5551,#5552,#5554,#5555));
#5551=ORIENTED_EDGE('',*,*,#2949,.F.);
#5552=ORIENTED_EDGE('',*,*,#5553,.F.);
#5553=EDGE_CURVE('',#2988,#2943,#4822,.T.);
#5554=ORIENTED_EDGE('',*,*,#2987,.F.);
#5555=ORIENTED_EDGE('',*,*,#5542,.F.);
#5556=ADVANCED_FACE('',(#5557),#4836,.F.);
#5557=FACE_BOUND('',#5558,.F.);
#5558=EDGE_LOOP('',(#2992,#5559,#2941,#5552));
#5559=ORIENTED_EDGE('',*,*,#5560,.T.);
#5560=EDGE_CURVE('',#2994,#2937,#4834,.T.);
#5561=ADVANCED_FACE('',(#5562),#4848,.T.);
#5562=FACE_BOUND('',#5563,.T.);
#5563=EDGE_LOOP('',(#5559,#5564,#5565,#5569));
#5564=ORIENTED_EDGE('',*,*,#2936,.F.);
#5565=ORIENTED_EDGE('',*,*,#5566,.F.);
#5566=EDGE_CURVE('',#3001,#2932,#5567,.T.);
#5567=LINE('',#5568,#150);
#5568=CARTESIAN_POINT('',(2.7,-7.586803121118,1.8));
#5569=ORIENTED_EDGE('',*,*,#3000,.F.);
#5570=ADVANCED_FACE('',(#5571),#5577,.T.);
#5571=FACE_BOUND('',#5572,.T.);
#5572=EDGE_LOOP('',(#5573,#5574,#5575,#5576));
#5573=ORIENTED_EDGE('',*,*,#3006,.F.);
#5574=ORIENTED_EDGE('',*,*,#5566,.T.);
#5575=ORIENTED_EDGE('',*,*,#2931,.F.);
#5576=ORIENTED_EDGE('',*,*,#4947,.F.);
#5577=PLANE('',#5578);
#5578=AXIS2_PLACEMENT_3D('',#5579,#13,#14);
#5579=CARTESIAN_POINT('',(2.5,1.25,1.8));
#5580=ADVANCED_FACE('',(#5581),#5589,.F.);
#5581=FACE_BOUND('',#5582,.T.);
#5582=EDGE_LOOP('',(#5583,#5584,#5585,#5586));
#5583=ORIENTED_EDGE('',*,*,#3096,.T.);
#5584=ORIENTED_EDGE('',*,*,#3082,.T.);
#5585=ORIENTED_EDGE('',*,*,#3034,.T.);
#5586=ORIENTED_EDGE('',*,*,#5587,.T.);
#5587=EDGE_CURVE('',#3037,#3097,#5588,.T.);
#5588=LINE('',#3038,#43);
#5589=PLANE('',#5590);
#5590=AXIS2_PLACEMENT_3D('',#5591,#13,#14);
#5591=CARTESIAN_POINT('',(2.5,0.75,5.551115123126E-16));
#5592=ADVANCED_FACE('',(#5593),#5602,.T.);
#5593=FACE_BOUND('',#5594,.T.);
#5594=EDGE_LOOP('',(#5595,#5596,#5597,#5601));
#5595=ORIENTED_EDGE('',*,*,#5587,.F.);
#5596=ORIENTED_EDGE('',*,*,#3074,.T.);
#5597=ORIENTED_EDGE('',*,*,#5598,.T.);
#5598=EDGE_CURVE('',#3069,#3102,#5599,.T.);
#5599=LINE('',#5600,#43);
#5600=CARTESIAN_POINT('',(3.4,-7.786803121118,0.3));
#5601=ORIENTED_EDGE('',*,*,#3101,.F.);
#5602=PLANE('',#5603);
#5603=AXIS2_PLACEMENT_3D('',#3038,#14,#44);
#5604=ADVANCED_FACE('',(#5605),#4826,.T.);
#5605=FACE_BOUND('',#5606,.T.);
#5606=EDGE_LOOP('',(#5607,#5608,#5610,#5611));
#5607=ORIENTED_EDGE('',*,*,#3068,.F.);
#5608=ORIENTED_EDGE('',*,*,#5609,.F.);
#5609=EDGE_CURVE('',#3107,#3062,#4822,.T.);
#5610=ORIENTED_EDGE('',*,*,#3106,.F.);
#5611=ORIENTED_EDGE('',*,*,#5598,.F.);
#5612=ADVANCED_FACE('',(#5613),#4836,.F.);
#5613=FACE_BOUND('',#5614,.F.);
#5614=EDGE_LOOP('',(#3111,#5615,#3060,#5608));
#5615=ORIENTED_EDGE('',*,*,#5616,.T.);
#5616=EDGE_CURVE('',#3113,#3056,#4834,.T.);
#5617=ADVANCED_FACE('',(#5618),#4848,.T.);
#5618=FACE_BOUND('',#5619,.T.);
#5619=EDGE_LOOP('',(#5615,#5620,#5621,#5625));
#5620=ORIENTED_EDGE('',*,*,#3055,.F.);
#5621=ORIENTED_EDGE('',*,*,#5622,.F.);
#5622=EDGE_CURVE('',#3120,#3051,#5623,.T.);
#5623=LINE('',#5624,#150);
#5624=CARTESIAN_POINT('',(2.7,-7.836803121118,1.8));
#5625=ORIENTED_EDGE('',*,*,#3119,.F.);
#5626=ADVANCED_FACE('',(#5627),#5633,.T.);
#5627=FACE_BOUND('',#5628,.T.);
#5628=EDGE_LOOP('',(#5629,#5630,#5631,#5632));
#5629=ORIENTED_EDGE('',*,*,#3125,.F.);
#5630=ORIENTED_EDGE('',*,*,#5622,.T.);
#5631=ORIENTED_EDGE('',*,*,#3050,.F.);
#5632=ORIENTED_EDGE('',*,*,#4956,.F.);
#5633=PLANE('',#5634);
#5634=AXIS2_PLACEMENT_3D('',#5635,#13,#14);
#5635=CARTESIAN_POINT('',(2.5,0.75,1.8));
#5636=ADVANCED_FACE('',(#5637),#5645,.F.);
#5637=FACE_BOUND('',#5638,.T.);
#5638=EDGE_LOOP('',(#5639,#5640,#5641,#5642));
#5639=ORIENTED_EDGE('',*,*,#3215,.T.);
#5640=ORIENTED_EDGE('',*,*,#3201,.T.);
#5641=ORIENTED_EDGE('',*,*,#3153,.T.);
#5642=ORIENTED_EDGE('',*,*,#5643,.T.);
#5643=EDGE_CURVE('',#3156,#3216,#5644,.T.);
#5644=LINE('',#3157,#43);
#5645=PLANE('',#5646);
#5646=AXIS2_PLACEMENT_3D('',#5647,#13,#14);
#5647=CARTESIAN_POINT('',(2.5,0.25,6.106226635438E-16));
#5648=ADVANCED_FACE('',(#5649),#5658,.T.);
#5649=FACE_BOUND('',#5650,.T.);
#5650=EDGE_LOOP('',(#5651,#5652,#5653,#5657));
#5651=ORIENTED_EDGE('',*,*,#5643,.F.);
#5652=ORIENTED_EDGE('',*,*,#3193,.T.);
#5653=ORIENTED_EDGE('',*,*,#5654,.T.);
#5654=EDGE_CURVE('',#3188,#3221,#5655,.T.);
#5655=LINE('',#5656,#43);
#5656=CARTESIAN_POINT('',(3.4,-8.036803121118,0.3));
#5657=ORIENTED_EDGE('',*,*,#3220,.F.);
#5658=PLANE('',#5659);
#5659=AXIS2_PLACEMENT_3D('',#3157,#14,#44);
#5660=ADVANCED_FACE('',(#5661),#4826,.T.);
#5661=FACE_BOUND('',#5662,.T.);
#5662=EDGE_LOOP('',(#5663,#5664,#5666,#5667));
#5663=ORIENTED_EDGE('',*,*,#3187,.F.);
#5664=ORIENTED_EDGE('',*,*,#5665,.F.);
#5665=EDGE_CURVE('',#3226,#3181,#4822,.T.);
#5666=ORIENTED_EDGE('',*,*,#3225,.F.);
#5667=ORIENTED_EDGE('',*,*,#5654,.F.);
#5668=ADVANCED_FACE('',(#5669),#4836,.F.);
#5669=FACE_BOUND('',#5670,.F.);
#5670=EDGE_LOOP('',(#3230,#5671,#3179,#5664));
#5671=ORIENTED_EDGE('',*,*,#5672,.T.);
#5672=EDGE_CURVE('',#3232,#3175,#4834,.T.);
#5673=ADVANCED_FACE('',(#5674),#4848,.T.);
#5674=FACE_BOUND('',#5675,.T.);
#5675=EDGE_LOOP('',(#5676,#5671,#5677,#5678));
#5676=ORIENTED_EDGE('',*,*,#3238,.F.);
#5677=ORIENTED_EDGE('',*,*,#3174,.F.);
#5678=ORIENTED_EDGE('',*,*,#5679,.F.);
#5679=EDGE_CURVE('',#3239,#3170,#5680,.T.);
#5680=LINE('',#5681,#150);
#5681=CARTESIAN_POINT('',(2.7,-8.086803121118,1.8));
#5682=ADVANCED_FACE('',(#5683),#5689,.T.);
#5683=FACE_BOUND('',#5684,.T.);
#5684=EDGE_LOOP('',(#5685,#5686,#5687,#5688));
#5685=ORIENTED_EDGE('',*,*,#3244,.F.);
#5686=ORIENTED_EDGE('',*,*,#5679,.T.);
#5687=ORIENTED_EDGE('',*,*,#3169,.F.);
#5688=ORIENTED_EDGE('',*,*,#4965,.F.);
#5689=PLANE('',#5690);
#5690=AXIS2_PLACEMENT_3D('',#5691,#13,#14);
#5691=CARTESIAN_POINT('',(2.5,0.25,1.8));
#5692=ADVANCED_FACE('',(#5693),#5701,.F.);
#5693=FACE_BOUND('',#5694,.T.);
#5694=EDGE_LOOP('',(#5695,#5696,#5697,#5698));
#5695=ORIENTED_EDGE('',*,*,#3334,.T.);
#5696=ORIENTED_EDGE('',*,*,#3320,.T.);
#5697=ORIENTED_EDGE('',*,*,#3272,.T.);
#5698=ORIENTED_EDGE('',*,*,#5699,.T.);
#5699=EDGE_CURVE('',#3275,#3335,#5700,.T.);
#5700=LINE('',#3276,#43);
#5701=PLANE('',#5702);
#5702=AXIS2_PLACEMENT_3D('',#5703,#13,#14);
#5703=CARTESIAN_POINT('',(2.5,-0.25,6.661338147751E-16));
#5704=ADVANCED_FACE('',(#5705),#5714,.T.);
#5705=FACE_BOUND('',#5706,.T.);
#5706=EDGE_LOOP('',(#5707,#5708,#5709,#5713));
#5707=ORIENTED_EDGE('',*,*,#5699,.F.);
#5708=ORIENTED_EDGE('',*,*,#3312,.T.);
#5709=ORIENTED_EDGE('',*,*,#5710,.T.);
#5710=EDGE_CURVE('',#3307,#3340,#5711,.T.);
#5711=LINE('',#5712,#43);
#5712=CARTESIAN_POINT('',(3.4,-8.286803121118,0.3));
#5713=ORIENTED_EDGE('',*,*,#3339,.F.);
#5714=PLANE('',#5715);
#5715=AXIS2_PLACEMENT_3D('',#3276,#14,#44);
#5716=ADVANCED_FACE('',(#5717),#4826,.T.);
#5717=FACE_BOUND('',#5718,.T.);
#5718=EDGE_LOOP('',(#5719,#5721,#5722,#5723));
#5719=ORIENTED_EDGE('',*,*,#5720,.F.);
#5720=EDGE_CURVE('',#3345,#3300,#4822,.T.);
#5721=ORIENTED_EDGE('',*,*,#3344,.F.);
#5722=ORIENTED_EDGE('',*,*,#5710,.F.);
#5723=ORIENTED_EDGE('',*,*,#3306,.F.);
#5724=ADVANCED_FACE('',(#5725),#4836,.F.);
#5725=FACE_BOUND('',#5726,.F.);
#5726=EDGE_LOOP('',(#3349,#5727,#3298,#5719));
#5727=ORIENTED_EDGE('',*,*,#5728,.T.);
#5728=EDGE_CURVE('',#3351,#3294,#4834,.T.);
#5729=ADVANCED_FACE('',(#5730),#4848,.T.);
#5730=FACE_BOUND('',#5731,.T.);
#5731=EDGE_LOOP('',(#5732,#5727,#5733,#5734));
#5732=ORIENTED_EDGE('',*,*,#3357,.F.);
#5733=ORIENTED_EDGE('',*,*,#3293,.F.);
#5734=ORIENTED_EDGE('',*,*,#5735,.F.);
#5735=EDGE_CURVE('',#3358,#3289,#5736,.T.);
#5736=LINE('',#5737,#150);
#5737=CARTESIAN_POINT('',(2.7,-8.336803121118,1.8));
#5738=ADVANCED_FACE('',(#5739),#5745,.T.);
#5739=FACE_BOUND('',#5740,.T.);
#5740=EDGE_LOOP('',(#5741,#5742,#5743,#5744));
#5741=ORIENTED_EDGE('',*,*,#3363,.F.);
#5742=ORIENTED_EDGE('',*,*,#5735,.T.);
#5743=ORIENTED_EDGE('',*,*,#3288,.F.);
#5744=ORIENTED_EDGE('',*,*,#4974,.F.);
#5745=PLANE('',#5746);
#5746=AXIS2_PLACEMENT_3D('',#5747,#13,#14);
#5747=CARTESIAN_POINT('',(2.5,-0.25,1.8));
#5748=ADVANCED_FACE('',(#5749),#5757,.F.);
#5749=FACE_BOUND('',#5750,.T.);
#5750=EDGE_LOOP('',(#5751,#5752,#5753,#5754));
#5751=ORIENTED_EDGE('',*,*,#3453,.T.);
#5752=ORIENTED_EDGE('',*,*,#3439,.T.);
#5753=ORIENTED_EDGE('',*,*,#3391,.T.);
#5754=ORIENTED_EDGE('',*,*,#5755,.T.);
#5755=EDGE_CURVE('',#3394,#3454,#5756,.T.);
#5756=LINE('',#3395,#43);
#5757=PLANE('',#5758);
#5758=AXIS2_PLACEMENT_3D('',#5759,#13,#14);
#5759=CARTESIAN_POINT('',(2.5,-0.75,7.216449660064E-16));
#5760=ADVANCED_FACE('',(#5761),#5770,.T.);
#5761=FACE_BOUND('',#5762,.T.);
#5762=EDGE_LOOP('',(#5763,#5764,#5765,#5769));
#5763=ORIENTED_EDGE('',*,*,#5755,.F.);
#5764=ORIENTED_EDGE('',*,*,#3431,.T.);
#5765=ORIENTED_EDGE('',*,*,#5766,.T.);
#5766=EDGE_CURVE('',#3426,#3459,#5767,.T.);
#5767=LINE('',#5768,#43);
#5768=CARTESIAN_POINT('',(3.4,-8.536803121118,0.3));
#5769=ORIENTED_EDGE('',*,*,#3458,.F.);
#5770=PLANE('',#5771);
#5771=AXIS2_PLACEMENT_3D('',#3395,#14,#44);
#5772=ADVANCED_FACE('',(#5773),#4826,.T.);
#5773=FACE_BOUND('',#5774,.T.);
#5774=EDGE_LOOP('',(#5775,#5777,#5778,#5779));
#5775=ORIENTED_EDGE('',*,*,#5776,.F.);
#5776=EDGE_CURVE('',#3464,#3419,#4822,.T.);
#5777=ORIENTED_EDGE('',*,*,#3463,.F.);
#5778=ORIENTED_EDGE('',*,*,#5766,.F.);
#5779=ORIENTED_EDGE('',*,*,#3425,.F.);
#5780=ADVANCED_FACE('',(#5781),#4836,.F.);
#5781=FACE_BOUND('',#5782,.F.);
#5782=EDGE_LOOP('',(#3468,#5783,#3417,#5775));
#5783=ORIENTED_EDGE('',*,*,#5784,.T.);
#5784=EDGE_CURVE('',#3470,#3413,#4834,.T.);
#5785=ADVANCED_FACE('',(#5786),#4848,.T.);
#5786=FACE_BOUND('',#5787,.T.);
#5787=EDGE_LOOP('',(#5788,#5783,#5789,#5790));
#5788=ORIENTED_EDGE('',*,*,#3476,.F.);
#5789=ORIENTED_EDGE('',*,*,#3412,.F.);
#5790=ORIENTED_EDGE('',*,*,#5791,.F.);
#5791=EDGE_CURVE('',#3477,#3408,#5792,.T.);
#5792=LINE('',#5793,#150);
#5793=CARTESIAN_POINT('',(2.7,-8.586803121118,1.8));
#5794=ADVANCED_FACE('',(#5795),#5801,.T.);
#5795=FACE_BOUND('',#5796,.T.);
#5796=EDGE_LOOP('',(#5797,#5798,#5799,#5800));
#5797=ORIENTED_EDGE('',*,*,#3482,.F.);
#5798=ORIENTED_EDGE('',*,*,#5791,.T.);
#5799=ORIENTED_EDGE('',*,*,#3407,.F.);
#5800=ORIENTED_EDGE('',*,*,#4983,.F.);
#5801=PLANE('',#5802);
#5802=AXIS2_PLACEMENT_3D('',#5803,#13,#14);
#5803=CARTESIAN_POINT('',(2.5,-0.75,1.8));
#5804=ADVANCED_FACE('',(#5805),#5813,.F.);
#5805=FACE_BOUND('',#5806,.T.);
#5806=EDGE_LOOP('',(#5807,#5808,#5809,#5810));
#5807=ORIENTED_EDGE('',*,*,#3572,.T.);
#5808=ORIENTED_EDGE('',*,*,#3558,.T.);
#5809=ORIENTED_EDGE('',*,*,#3510,.T.);
#5810=ORIENTED_EDGE('',*,*,#5811,.T.);
#5811=EDGE_CURVE('',#3513,#3573,#5812,.T.);
#5812=LINE('',#3514,#43);
#5813=PLANE('',#5814);
#5814=AXIS2_PLACEMENT_3D('',#5815,#13,#14);
#5815=CARTESIAN_POINT('',(2.5,-1.25,7.771561172376E-16));
#5816=ADVANCED_FACE('',(#5817),#5826,.T.);
#5817=FACE_BOUND('',#5818,.T.);
#5818=EDGE_LOOP('',(#5819,#5820,#5821,#5825));
#5819=ORIENTED_EDGE('',*,*,#5811,.F.);
#5820=ORIENTED_EDGE('',*,*,#3550,.T.);
#5821=ORIENTED_EDGE('',*,*,#5822,.T.);
#5822=EDGE_CURVE('',#3545,#3578,#5823,.T.);
#5823=LINE('',#5824,#43);
#5824=CARTESIAN_POINT('',(3.4,-8.786803121118,0.3));
#5825=ORIENTED_EDGE('',*,*,#3577,.F.);
#5826=PLANE('',#5827);
#5827=AXIS2_PLACEMENT_3D('',#3514,#14,#44);
#5828=ADVANCED_FACE('',(#5829),#4826,.T.);
#5829=FACE_BOUND('',#5830,.T.);
#5830=EDGE_LOOP('',(#5831,#5833,#5834,#5835));
#5831=ORIENTED_EDGE('',*,*,#5832,.F.);
#5832=EDGE_CURVE('',#3583,#3538,#4822,.T.);
#5833=ORIENTED_EDGE('',*,*,#3582,.F.);
#5834=ORIENTED_EDGE('',*,*,#5822,.F.);
#5835=ORIENTED_EDGE('',*,*,#3544,.F.);
#5836=ADVANCED_FACE('',(#5837),#4836,.F.);
#5837=FACE_BOUND('',#5838,.F.);
#5838=EDGE_LOOP('',(#3587,#5839,#3536,#5831));
#5839=ORIENTED_EDGE('',*,*,#5840,.T.);
#5840=EDGE_CURVE('',#3589,#3532,#4834,.T.);
#5841=ADVANCED_FACE('',(#5842),#4848,.T.);
#5842=FACE_BOUND('',#5843,.T.);
#5843=EDGE_LOOP('',(#5844,#5839,#5845,#5846));
#5844=ORIENTED_EDGE('',*,*,#3595,.F.);
#5845=ORIENTED_EDGE('',*,*,#3531,.F.);
#5846=ORIENTED_EDGE('',*,*,#5847,.F.);
#5847=EDGE_CURVE('',#3596,#3527,#5848,.T.);
#5848=LINE('',#5849,#150);
#5849=CARTESIAN_POINT('',(2.7,-8.836803121118,1.8));
#5850=ADVANCED_FACE('',(#5851),#5857,.T.);
#5851=FACE_BOUND('',#5852,.T.);
#5852=EDGE_LOOP('',(#5853,#5854,#5855,#5856));
#5853=ORIENTED_EDGE('',*,*,#3601,.F.);
#5854=ORIENTED_EDGE('',*,*,#5847,.T.);
#5855=ORIENTED_EDGE('',*,*,#3526,.F.);
#5856=ORIENTED_EDGE('',*,*,#4992,.F.);
#5857=PLANE('',#5858);
#5858=AXIS2_PLACEMENT_3D('',#5859,#13,#14);
#5859=CARTESIAN_POINT('',(2.5,-1.25,1.8));
#5860=ADVANCED_FACE('',(#5861),#5869,.F.);
#5861=FACE_BOUND('',#5862,.T.);
#5862=EDGE_LOOP('',(#5863,#5864,#5865,#5866));
#5863=ORIENTED_EDGE('',*,*,#3691,.T.);
#5864=ORIENTED_EDGE('',*,*,#3677,.T.);
#5865=ORIENTED_EDGE('',*,*,#3629,.T.);
#5866=ORIENTED_EDGE('',*,*,#5867,.T.);
#5867=EDGE_CURVE('',#3632,#3692,#5868,.T.);
#5868=LINE('',#3633,#43);
#5869=PLANE('',#5870);
#5870=AXIS2_PLACEMENT_3D('',#5871,#13,#14);
#5871=CARTESIAN_POINT('',(2.5,-1.75,8.326672684689E-16));
#5872=ADVANCED_FACE('',(#5873),#5882,.T.);
#5873=FACE_BOUND('',#5874,.T.);
#5874=EDGE_LOOP('',(#5875,#5876,#5877,#5881));
#5875=ORIENTED_EDGE('',*,*,#5867,.F.);
#5876=ORIENTED_EDGE('',*,*,#3669,.T.);
#5877=ORIENTED_EDGE('',*,*,#5878,.T.);
#5878=EDGE_CURVE('',#3664,#3697,#5879,.T.);
#5879=LINE('',#5880,#43);
#5880=CARTESIAN_POINT('',(3.4,-9.036803121118,0.3));
#5881=ORIENTED_EDGE('',*,*,#3696,.F.);
#5882=PLANE('',#5883);
#5883=AXIS2_PLACEMENT_3D('',#3633,#14,#44);
#5884=ADVANCED_FACE('',(#5885),#4826,.T.);
#5885=FACE_BOUND('',#5886,.T.);
#5886=EDGE_LOOP('',(#5887,#5889,#5890,#5891));
#5887=ORIENTED_EDGE('',*,*,#5888,.F.);
#5888=EDGE_CURVE('',#3702,#3657,#4822,.T.);
#5889=ORIENTED_EDGE('',*,*,#3701,.F.);
#5890=ORIENTED_EDGE('',*,*,#5878,.F.);
#5891=ORIENTED_EDGE('',*,*,#3663,.F.);
#5892=ADVANCED_FACE('',(#5893),#4836,.F.);
#5893=FACE_BOUND('',#5894,.F.);
#5894=EDGE_LOOP('',(#3706,#5895,#3655,#5887));
#5895=ORIENTED_EDGE('',*,*,#5896,.T.);
#5896=EDGE_CURVE('',#3708,#3651,#4834,.T.);
#5897=ADVANCED_FACE('',(#5898),#4848,.T.);
#5898=FACE_BOUND('',#5899,.T.);
#5899=EDGE_LOOP('',(#5900,#5895,#5901,#5902));
#5900=ORIENTED_EDGE('',*,*,#3714,.F.);
#5901=ORIENTED_EDGE('',*,*,#3650,.F.);
#5902=ORIENTED_EDGE('',*,*,#5903,.F.);
#5903=EDGE_CURVE('',#3715,#3646,#5904,.T.);
#5904=LINE('',#5905,#150);
#5905=CARTESIAN_POINT('',(2.7,-9.086803121118,1.8));
#5906=ADVANCED_FACE('',(#5907),#5913,.T.);
#5907=FACE_BOUND('',#5908,.T.);
#5908=EDGE_LOOP('',(#5909,#5910,#5911,#5912));
#5909=ORIENTED_EDGE('',*,*,#3720,.F.);
#5910=ORIENTED_EDGE('',*,*,#5903,.T.);
#5911=ORIENTED_EDGE('',*,*,#3645,.F.);
#5912=ORIENTED_EDGE('',*,*,#5001,.F.);
#5913=PLANE('',#5914);
#5914=AXIS2_PLACEMENT_3D('',#5915,#13,#14);
#5915=CARTESIAN_POINT('',(2.5,-1.75,1.8));
#5916=ADVANCED_FACE('',(#5917),#5925,.F.);
#5917=FACE_BOUND('',#5918,.T.);
#5918=EDGE_LOOP('',(#5919,#5920,#5921,#5922));
#5919=ORIENTED_EDGE('',*,*,#3810,.T.);
#5920=ORIENTED_EDGE('',*,*,#3796,.T.);
#5921=ORIENTED_EDGE('',*,*,#3748,.T.);
#5922=ORIENTED_EDGE('',*,*,#5923,.T.);
#5923=EDGE_CURVE('',#3751,#3811,#5924,.T.);
#5924=LINE('',#3752,#43);
#5925=PLANE('',#5926);
#5926=AXIS2_PLACEMENT_3D('',#5927,#13,#14);
#5927=CARTESIAN_POINT('',(2.5,-2.25,8.881784197001E-16));
#5928=ADVANCED_FACE('',(#5929),#5938,.T.);
#5929=FACE_BOUND('',#5930,.T.);
#5930=EDGE_LOOP('',(#5931,#5932,#5933,#5937));
#5931=ORIENTED_EDGE('',*,*,#5923,.F.);
#5932=ORIENTED_EDGE('',*,*,#3788,.T.);
#5933=ORIENTED_EDGE('',*,*,#5934,.T.);
#5934=EDGE_CURVE('',#3783,#3816,#5935,.T.);
#5935=LINE('',#5936,#43);
#5936=CARTESIAN_POINT('',(3.4,-9.286803121118,0.3));
#5937=ORIENTED_EDGE('',*,*,#3815,.F.);
#5938=PLANE('',#5939);
#5939=AXIS2_PLACEMENT_3D('',#3752,#14,#44);
#5940=ADVANCED_FACE('',(#5941),#4826,.T.);
#5941=FACE_BOUND('',#5942,.T.);
#5942=EDGE_LOOP('',(#5943,#5945,#5946,#5947));
#5943=ORIENTED_EDGE('',*,*,#5944,.F.);
#5944=EDGE_CURVE('',#3821,#3776,#4822,.T.);
#5945=ORIENTED_EDGE('',*,*,#3820,.F.);
#5946=ORIENTED_EDGE('',*,*,#5934,.F.);
#5947=ORIENTED_EDGE('',*,*,#3782,.F.);
#5948=ADVANCED_FACE('',(#5949),#4836,.F.);
#5949=FACE_BOUND('',#5950,.F.);
#5950=EDGE_LOOP('',(#3825,#5951,#3774,#5943));
#5951=ORIENTED_EDGE('',*,*,#5952,.T.);
#5952=EDGE_CURVE('',#3827,#3770,#4834,.T.);
#5953=ADVANCED_FACE('',(#5954),#4848,.T.);
#5954=FACE_BOUND('',#5955,.T.);
#5955=EDGE_LOOP('',(#5956,#5951,#5957,#5958));
#5956=ORIENTED_EDGE('',*,*,#3833,.F.);
#5957=ORIENTED_EDGE('',*,*,#3769,.F.);
#5958=ORIENTED_EDGE('',*,*,#5959,.F.);
#5959=EDGE_CURVE('',#3834,#3765,#5960,.T.);
#5960=LINE('',#5961,#150);
#5961=CARTESIAN_POINT('',(2.7,-9.336803121118,1.8));
#5962=ADVANCED_FACE('',(#5963),#5969,.T.);
#5963=FACE_BOUND('',#5964,.T.);
#5964=EDGE_LOOP('',(#5965,#5966,#5967,#5968));
#5965=ORIENTED_EDGE('',*,*,#3839,.F.);
#5966=ORIENTED_EDGE('',*,*,#5959,.T.);
#5967=ORIENTED_EDGE('',*,*,#3764,.F.);
#5968=ORIENTED_EDGE('',*,*,#5010,.F.);
#5969=PLANE('',#5970);
#5970=AXIS2_PLACEMENT_3D('',#5971,#13,#14);
#5971=CARTESIAN_POINT('',(2.5,-2.25,1.8));
#5972=ADVANCED_FACE('',(#5973),#5981,.F.);
#5973=FACE_BOUND('',#5974,.T.);
#5974=EDGE_LOOP('',(#5975,#5976,#5977,#5978));
#5975=ORIENTED_EDGE('',*,*,#3929,.T.);
#5976=ORIENTED_EDGE('',*,*,#3915,.T.);
#5977=ORIENTED_EDGE('',*,*,#3867,.T.);
#5978=ORIENTED_EDGE('',*,*,#5979,.T.);
#5979=EDGE_CURVE('',#3870,#3930,#5980,.T.);
#5980=LINE('',#3871,#43);
#5981=PLANE('',#5982);
#5982=AXIS2_PLACEMENT_3D('',#5983,#13,#14);
#5983=CARTESIAN_POINT('',(2.5,-2.75,9.436895709314E-16));
#5984=ADVANCED_FACE('',(#5985),#5994,.T.);
#5985=FACE_BOUND('',#5986,.T.);
#5986=EDGE_LOOP('',(#5987,#5988,#5989,#5993));
#5987=ORIENTED_EDGE('',*,*,#5979,.F.);
#5988=ORIENTED_EDGE('',*,*,#3907,.T.);
#5989=ORIENTED_EDGE('',*,*,#5990,.T.);
#5990=EDGE_CURVE('',#3902,#3935,#5991,.T.);
#5991=LINE('',#5992,#43);
#5992=CARTESIAN_POINT('',(3.4,-9.536803121118,0.3));
#5993=ORIENTED_EDGE('',*,*,#3934,.F.);
#5994=PLANE('',#5995);
#5995=AXIS2_PLACEMENT_3D('',#3871,#14,#44);
#5996=ADVANCED_FACE('',(#5997),#4826,.T.);
#5997=FACE_BOUND('',#5998,.T.);
#5998=EDGE_LOOP('',(#5999,#6001,#6002,#6003));
#5999=ORIENTED_EDGE('',*,*,#6000,.F.);
#6000=EDGE_CURVE('',#3940,#3895,#4822,.T.);
#6001=ORIENTED_EDGE('',*,*,#3939,.F.);
#6002=ORIENTED_EDGE('',*,*,#5990,.F.);
#6003=ORIENTED_EDGE('',*,*,#3901,.F.);
#6004=ADVANCED_FACE('',(#6005),#4836,.F.);
#6005=FACE_BOUND('',#6006,.F.);
#6006=EDGE_LOOP('',(#3944,#6007,#3893,#5999));
#6007=ORIENTED_EDGE('',*,*,#6008,.T.);
#6008=EDGE_CURVE('',#3946,#3889,#4834,.T.);
#6009=ADVANCED_FACE('',(#6010),#4848,.T.);
#6010=FACE_BOUND('',#6011,.T.);
#6011=EDGE_LOOP('',(#6012,#6007,#6013,#6014));
#6012=ORIENTED_EDGE('',*,*,#3952,.F.);
#6013=ORIENTED_EDGE('',*,*,#3888,.F.);
#6014=ORIENTED_EDGE('',*,*,#6015,.F.);
#6015=EDGE_CURVE('',#3953,#3884,#6016,.T.);
#6016=LINE('',#6017,#150);
#6017=CARTESIAN_POINT('',(2.7,-9.586803121118,1.8));
#6018=ADVANCED_FACE('',(#6019),#6025,.T.);
#6019=FACE_BOUND('',#6020,.T.);
#6020=EDGE_LOOP('',(#6021,#6022,#6023,#6024));
#6021=ORIENTED_EDGE('',*,*,#3958,.F.);
#6022=ORIENTED_EDGE('',*,*,#6015,.T.);
#6023=ORIENTED_EDGE('',*,*,#3883,.F.);
#6024=ORIENTED_EDGE('',*,*,#5019,.F.);
#6025=PLANE('',#6026);
#6026=AXIS2_PLACEMENT_3D('',#6027,#13,#14);
#6027=CARTESIAN_POINT('',(2.5,-2.75,1.8));
#6028=ADVANCED_FACE('',(#6029),#6037,.F.);
#6029=FACE_BOUND('',#6030,.T.);
#6030=EDGE_LOOP('',(#6031,#6032,#6033,#6034));
#6031=ORIENTED_EDGE('',*,*,#4048,.T.);
#6032=ORIENTED_EDGE('',*,*,#4034,.T.);
#6033=ORIENTED_EDGE('',*,*,#3986,.T.);
#6034=ORIENTED_EDGE('',*,*,#6035,.T.);
#6035=EDGE_CURVE('',#3989,#4049,#6036,.T.);
#6036=LINE('',#3990,#43);
#6037=PLANE('',#6038);
#6038=AXIS2_PLACEMENT_3D('',#6039,#13,#14);
#6039=CARTESIAN_POINT('',(2.5,-3.25,9.992007221626E-16));
#6040=ADVANCED_FACE('',(#6041),#6050,.T.);
#6041=FACE_BOUND('',#6042,.T.);
#6042=EDGE_LOOP('',(#6043,#6044,#6045,#6049));
#6043=ORIENTED_EDGE('',*,*,#6035,.F.);
#6044=ORIENTED_EDGE('',*,*,#4026,.T.);
#6045=ORIENTED_EDGE('',*,*,#6046,.T.);
#6046=EDGE_CURVE('',#4021,#4054,#6047,.T.);
#6047=LINE('',#6048,#43);
#6048=CARTESIAN_POINT('',(3.4,-9.786803121118,0.3));
#6049=ORIENTED_EDGE('',*,*,#4053,.F.);
#6050=PLANE('',#6051);
#6051=AXIS2_PLACEMENT_3D('',#3990,#14,#44);
#6052=ADVANCED_FACE('',(#6053),#4826,.T.);
#6053=FACE_BOUND('',#6054,.T.);
#6054=EDGE_LOOP('',(#6055,#6057,#6058,#6059));
#6055=ORIENTED_EDGE('',*,*,#6056,.F.);
#6056=EDGE_CURVE('',#4059,#4014,#4822,.T.);
#6057=ORIENTED_EDGE('',*,*,#4058,.F.);
#6058=ORIENTED_EDGE('',*,*,#6046,.F.);
#6059=ORIENTED_EDGE('',*,*,#4020,.F.);
#6060=ADVANCED_FACE('',(#6061),#4836,.F.);
#6061=FACE_BOUND('',#6062,.F.);
#6062=EDGE_LOOP('',(#4063,#6063,#4012,#6055));
#6063=ORIENTED_EDGE('',*,*,#6064,.T.);
#6064=EDGE_CURVE('',#4065,#4008,#4834,.T.);
#6065=ADVANCED_FACE('',(#6066),#4848,.T.);
#6066=FACE_BOUND('',#6067,.T.);
#6067=EDGE_LOOP('',(#6068,#6063,#6069,#6070));
#6068=ORIENTED_EDGE('',*,*,#4071,.F.);
#6069=ORIENTED_EDGE('',*,*,#4007,.F.);
#6070=ORIENTED_EDGE('',*,*,#6071,.F.);
#6071=EDGE_CURVE('',#4072,#4003,#6072,.T.);
#6072=LINE('',#6073,#150);
#6073=CARTESIAN_POINT('',(2.7,-9.836803121118,1.8));
#6074=ADVANCED_FACE('',(#6075),#6081,.T.);
#6075=FACE_BOUND('',#6076,.T.);
#6076=EDGE_LOOP('',(#6077,#6078,#6079,#6080));
#6077=ORIENTED_EDGE('',*,*,#4077,.F.);
#6078=ORIENTED_EDGE('',*,*,#6071,.T.);
#6079=ORIENTED_EDGE('',*,*,#4002,.F.);
#6080=ORIENTED_EDGE('',*,*,#5028,.F.);
#6081=PLANE('',#6082);
#6082=AXIS2_PLACEMENT_3D('',#6083,#13,#14);
#6083=CARTESIAN_POINT('',(2.5,-3.25,1.8));
#6084=ADVANCED_FACE('',(#6085),#6093,.F.);
#6085=FACE_BOUND('',#6086,.T.);
#6086=EDGE_LOOP('',(#6087,#6088,#6089,#6090));
#6087=ORIENTED_EDGE('',*,*,#4167,.T.);
#6088=ORIENTED_EDGE('',*,*,#4153,.T.);
#6089=ORIENTED_EDGE('',*,*,#4105,.T.);
#6090=ORIENTED_EDGE('',*,*,#6091,.T.);
#6091=EDGE_CURVE('',#4108,#4168,#6092,.T.);
#6092=LINE('',#4109,#43);
#6093=PLANE('',#6094);
#6094=AXIS2_PLACEMENT_3D('',#6095,#13,#14);
#6095=CARTESIAN_POINT('',(2.5,-3.75,1.054711873394E-15));
#6096=ADVANCED_FACE('',(#6097),#6106,.T.);
#6097=FACE_BOUND('',#6098,.T.);
#6098=EDGE_LOOP('',(#6099,#6100,#6101,#6105));
#6099=ORIENTED_EDGE('',*,*,#6091,.F.);
#6100=ORIENTED_EDGE('',*,*,#4145,.T.);
#6101=ORIENTED_EDGE('',*,*,#6102,.T.);
#6102=EDGE_CURVE('',#4140,#4173,#6103,.T.);
#6103=LINE('',#6104,#43);
#6104=CARTESIAN_POINT('',(3.4,-10.03680312111,0.3));
#6105=ORIENTED_EDGE('',*,*,#4172,.F.);
#6106=PLANE('',#6107);
#6107=AXIS2_PLACEMENT_3D('',#4109,#14,#44);
#6108=ADVANCED_FACE('',(#6109),#4826,.T.);
#6109=FACE_BOUND('',#6110,.T.);
#6110=EDGE_LOOP('',(#6111,#6113,#6114,#6115));
#6111=ORIENTED_EDGE('',*,*,#6112,.F.);
#6112=EDGE_CURVE('',#4178,#4133,#4822,.T.);
#6113=ORIENTED_EDGE('',*,*,#4177,.F.);
#6114=ORIENTED_EDGE('',*,*,#6102,.F.);
#6115=ORIENTED_EDGE('',*,*,#4139,.F.);
#6116=ADVANCED_FACE('',(#6117),#4836,.F.);
#6117=FACE_BOUND('',#6118,.F.);
#6118=EDGE_LOOP('',(#4182,#6119,#4131,#6111));
#6119=ORIENTED_EDGE('',*,*,#6120,.T.);
#6120=EDGE_CURVE('',#4184,#4127,#4834,.T.);
#6121=ADVANCED_FACE('',(#6122),#4848,.T.);
#6122=FACE_BOUND('',#6123,.T.);
#6123=EDGE_LOOP('',(#6124,#6119,#6125,#6126));
#6124=ORIENTED_EDGE('',*,*,#4190,.F.);
#6125=ORIENTED_EDGE('',*,*,#4126,.F.);
#6126=ORIENTED_EDGE('',*,*,#6127,.F.);
#6127=EDGE_CURVE('',#4191,#4122,#6128,.T.);
#6128=LINE('',#6129,#150);
#6129=CARTESIAN_POINT('',(2.7,-10.08680312111,1.8));
#6130=ADVANCED_FACE('',(#6131),#6137,.T.);
#6131=FACE_BOUND('',#6132,.T.);
#6132=EDGE_LOOP('',(#6133,#6134,#6135,#6136));
#6133=ORIENTED_EDGE('',*,*,#4196,.F.);
#6134=ORIENTED_EDGE('',*,*,#6127,.T.);
#6135=ORIENTED_EDGE('',*,*,#4121,.F.);
#6136=ORIENTED_EDGE('',*,*,#5037,.F.);
#6137=PLANE('',#6138);
#6138=AXIS2_PLACEMENT_3D('',#6139,#13,#14);
#6139=CARTESIAN_POINT('',(2.5,-3.75,1.8));
#6140=ADVANCED_FACE('',(#6141),#6149,.F.);
#6141=FACE_BOUND('',#6142,.T.);
#6142=EDGE_LOOP('',(#6143,#6144,#6145,#6146));
#6143=ORIENTED_EDGE('',*,*,#4286,.T.);
#6144=ORIENTED_EDGE('',*,*,#4272,.T.);
#6145=ORIENTED_EDGE('',*,*,#4224,.T.);
#6146=ORIENTED_EDGE('',*,*,#6147,.T.);
#6147=EDGE_CURVE('',#4227,#4287,#6148,.T.);
#6148=LINE('',#4228,#43);
#6149=PLANE('',#6150);
#6150=AXIS2_PLACEMENT_3D('',#6151,#13,#14);
#6151=CARTESIAN_POINT('',(2.5,-4.25,1.110223024625E-15));
#6152=ADVANCED_FACE('',(#6153),#6162,.T.);
#6153=FACE_BOUND('',#6154,.T.);
#6154=EDGE_LOOP('',(#6155,#6156,#6157,#6161));
#6155=ORIENTED_EDGE('',*,*,#6147,.F.);
#6156=ORIENTED_EDGE('',*,*,#4264,.T.);
#6157=ORIENTED_EDGE('',*,*,#6158,.T.);
#6158=EDGE_CURVE('',#4259,#4292,#6159,.T.);
#6159=LINE('',#6160,#43);
#6160=CARTESIAN_POINT('',(3.4,-10.28680312111,0.3));
#6161=ORIENTED_EDGE('',*,*,#4291,.F.);
#6162=PLANE('',#6163);
#6163=AXIS2_PLACEMENT_3D('',#4228,#14,#44);
#6164=ADVANCED_FACE('',(#6165),#4826,.T.);
#6165=FACE_BOUND('',#6166,.T.);
#6166=EDGE_LOOP('',(#6167,#6169,#6170,#6171));
#6167=ORIENTED_EDGE('',*,*,#6168,.F.);
#6168=EDGE_CURVE('',#4297,#4252,#4822,.T.);
#6169=ORIENTED_EDGE('',*,*,#4296,.F.);
#6170=ORIENTED_EDGE('',*,*,#6158,.F.);
#6171=ORIENTED_EDGE('',*,*,#4258,.F.);
#6172=ADVANCED_FACE('',(#6173),#4836,.F.);
#6173=FACE_BOUND('',#6174,.F.);
#6174=EDGE_LOOP('',(#4301,#6175,#4250,#6167));
#6175=ORIENTED_EDGE('',*,*,#6176,.T.);
#6176=EDGE_CURVE('',#4303,#4246,#4834,.T.);
#6177=ADVANCED_FACE('',(#6178),#4848,.T.);
#6178=FACE_BOUND('',#6179,.T.);
#6179=EDGE_LOOP('',(#6180,#6175,#6181,#6182));
#6180=ORIENTED_EDGE('',*,*,#4309,.F.);
#6181=ORIENTED_EDGE('',*,*,#4245,.F.);
#6182=ORIENTED_EDGE('',*,*,#6183,.F.);
#6183=EDGE_CURVE('',#4310,#4241,#6184,.T.);
#6184=LINE('',#6185,#150);
#6185=CARTESIAN_POINT('',(2.7,-10.33680312111,1.8));
#6186=ADVANCED_FACE('',(#6187),#6193,.T.);
#6187=FACE_BOUND('',#6188,.T.);
#6188=EDGE_LOOP('',(#6189,#6190,#6191,#6192));
#6189=ORIENTED_EDGE('',*,*,#4315,.F.);
#6190=ORIENTED_EDGE('',*,*,#6183,.T.);
#6191=ORIENTED_EDGE('',*,*,#4240,.F.);
#6192=ORIENTED_EDGE('',*,*,#5046,.F.);
#6193=PLANE('',#6194);
#6194=AXIS2_PLACEMENT_3D('',#6195,#13,#14);
#6195=CARTESIAN_POINT('',(2.5,-4.25,1.8));
#6196=ADVANCED_FACE('',(#6197),#6205,.F.);
#6197=FACE_BOUND('',#6198,.T.);
#6198=EDGE_LOOP('',(#6199,#6200,#6201,#6202));
#6199=ORIENTED_EDGE('',*,*,#4405,.T.);
#6200=ORIENTED_EDGE('',*,*,#4391,.T.);
#6201=ORIENTED_EDGE('',*,*,#4343,.T.);
#6202=ORIENTED_EDGE('',*,*,#6203,.T.);
#6203=EDGE_CURVE('',#4346,#4406,#6204,.T.);
#6204=LINE('',#4347,#43);
#6205=PLANE('',#6206);
#6206=AXIS2_PLACEMENT_3D('',#6207,#13,#14);
#6207=CARTESIAN_POINT('',(2.5,-4.75,1.165734175856E-15));
#6208=ADVANCED_FACE('',(#6209),#6218,.T.);
#6209=FACE_BOUND('',#6210,.T.);
#6210=EDGE_LOOP('',(#6211,#6212,#6213,#6217));
#6211=ORIENTED_EDGE('',*,*,#6203,.F.);
#6212=ORIENTED_EDGE('',*,*,#4383,.T.);
#6213=ORIENTED_EDGE('',*,*,#6214,.T.);
#6214=EDGE_CURVE('',#4378,#4411,#6215,.T.);
#6215=LINE('',#6216,#43);
#6216=CARTESIAN_POINT('',(3.4,-10.53680312111,0.3));
#6217=ORIENTED_EDGE('',*,*,#4410,.F.);
#6218=PLANE('',#6219);
#6219=AXIS2_PLACEMENT_3D('',#4347,#14,#44);
#6220=ADVANCED_FACE('',(#6221),#4826,.T.);
#6221=FACE_BOUND('',#6222,.T.);
#6222=EDGE_LOOP('',(#6223,#6225,#6226,#6227));
#6223=ORIENTED_EDGE('',*,*,#6224,.F.);
#6224=EDGE_CURVE('',#4416,#4371,#4822,.T.);
#6225=ORIENTED_EDGE('',*,*,#4415,.F.);
#6226=ORIENTED_EDGE('',*,*,#6214,.F.);
#6227=ORIENTED_EDGE('',*,*,#4377,.F.);
#6228=ADVANCED_FACE('',(#6229),#4836,.F.);
#6229=FACE_BOUND('',#6230,.F.);
#6230=EDGE_LOOP('',(#4420,#6231,#4369,#6223));
#6231=ORIENTED_EDGE('',*,*,#6232,.T.);
#6232=EDGE_CURVE('',#4422,#4365,#4834,.T.);
#6233=ADVANCED_FACE('',(#6234),#4848,.T.);
#6234=FACE_BOUND('',#6235,.T.);
#6235=EDGE_LOOP('',(#6236,#6231,#6237,#6238));
#6236=ORIENTED_EDGE('',*,*,#4428,.F.);
#6237=ORIENTED_EDGE('',*,*,#4364,.F.);
#6238=ORIENTED_EDGE('',*,*,#6239,.F.);
#6239=EDGE_CURVE('',#4429,#4360,#6240,.T.);
#6240=LINE('',#6241,#150);
#6241=CARTESIAN_POINT('',(2.7,-10.58680312111,1.8));
#6242=ADVANCED_FACE('',(#6243),#6249,.T.);
#6243=FACE_BOUND('',#6244,.T.);
#6244=EDGE_LOOP('',(#6245,#6246,#6247,#6248));
#6245=ORIENTED_EDGE('',*,*,#4434,.F.);
#6246=ORIENTED_EDGE('',*,*,#6239,.T.);
#6247=ORIENTED_EDGE('',*,*,#4359,.F.);
#6248=ORIENTED_EDGE('',*,*,#5055,.F.);
#6249=PLANE('',#6250);
#6250=AXIS2_PLACEMENT_3D('',#6251,#13,#14);
#6251=CARTESIAN_POINT('',(2.5,-4.75,1.8));
#6252=ADVANCED_FACE('',(#6253),#6261,.F.);
#6253=FACE_BOUND('',#6254,.T.);
#6254=EDGE_LOOP('',(#6255,#6256,#6257,#6258));
#6255=ORIENTED_EDGE('',*,*,#4524,.T.);
#6256=ORIENTED_EDGE('',*,*,#4510,.T.);
#6257=ORIENTED_EDGE('',*,*,#4462,.T.);
#6258=ORIENTED_EDGE('',*,*,#6259,.T.);
#6259=EDGE_CURVE('',#4465,#4525,#6260,.T.);
#6260=LINE('',#4466,#43);
#6261=PLANE('',#6262);
#6262=AXIS2_PLACEMENT_3D('',#6263,#13,#14);
#6263=CARTESIAN_POINT('',(2.5,-5.25,1.221245327088E-15));
#6264=ADVANCED_FACE('',(#6265),#6274,.T.);
#6265=FACE_BOUND('',#6266,.T.);
#6266=EDGE_LOOP('',(#6267,#6268,#6269,#6273));
#6267=ORIENTED_EDGE('',*,*,#6259,.F.);
#6268=ORIENTED_EDGE('',*,*,#4502,.T.);
#6269=ORIENTED_EDGE('',*,*,#6270,.T.);
#6270=EDGE_CURVE('',#4497,#4530,#6271,.T.);
#6271=LINE('',#6272,#43);
#6272=CARTESIAN_POINT('',(3.4,-10.78680312111,0.3));
#6273=ORIENTED_EDGE('',*,*,#4529,.F.);
#6274=PLANE('',#6275);
#6275=AXIS2_PLACEMENT_3D('',#4466,#14,#44);
#6276=ADVANCED_FACE('',(#6277),#4826,.T.);
#6277=FACE_BOUND('',#6278,.T.);
#6278=EDGE_LOOP('',(#6279,#6281,#6282,#6283));
#6279=ORIENTED_EDGE('',*,*,#6280,.F.);
#6280=EDGE_CURVE('',#4535,#4490,#4822,.T.);
#6281=ORIENTED_EDGE('',*,*,#4534,.F.);
#6282=ORIENTED_EDGE('',*,*,#6270,.F.);
#6283=ORIENTED_EDGE('',*,*,#4496,.F.);
#6284=ADVANCED_FACE('',(#6285),#4836,.F.);
#6285=FACE_BOUND('',#6286,.F.);
#6286=EDGE_LOOP('',(#4539,#6287,#4488,#6279));
#6287=ORIENTED_EDGE('',*,*,#6288,.T.);
#6288=EDGE_CURVE('',#4541,#4484,#4834,.T.);
#6289=ADVANCED_FACE('',(#6290),#4848,.T.);
#6290=FACE_BOUND('',#6291,.T.);
#6291=EDGE_LOOP('',(#6292,#6287,#6293,#6294));
#6292=ORIENTED_EDGE('',*,*,#4547,.F.);
#6293=ORIENTED_EDGE('',*,*,#4483,.F.);
#6294=ORIENTED_EDGE('',*,*,#6295,.F.);
#6295=EDGE_CURVE('',#4548,#4479,#6296,.T.);
#6296=LINE('',#6297,#150);
#6297=CARTESIAN_POINT('',(2.7,-10.83680312111,1.8));
#6298=ADVANCED_FACE('',(#6299),#6305,.T.);
#6299=FACE_BOUND('',#6300,.T.);
#6300=EDGE_LOOP('',(#6301,#6302,#6303,#6304));
#6301=ORIENTED_EDGE('',*,*,#4553,.F.);
#6302=ORIENTED_EDGE('',*,*,#6295,.T.);
#6303=ORIENTED_EDGE('',*,*,#4478,.F.);
#6304=ORIENTED_EDGE('',*,*,#5064,.F.);
#6305=PLANE('',#6306);
#6306=AXIS2_PLACEMENT_3D('',#6307,#13,#14);
#6307=CARTESIAN_POINT('',(2.5,-5.25,1.8));
#6308=ADVANCED_FACE('',(#6309),#6317,.F.);
#6309=FACE_BOUND('',#6310,.T.);
#6310=EDGE_LOOP('',(#6311,#6312,#6313,#6314));
#6311=ORIENTED_EDGE('',*,*,#4643,.T.);
#6312=ORIENTED_EDGE('',*,*,#4629,.T.);
#6313=ORIENTED_EDGE('',*,*,#4581,.T.);
#6314=ORIENTED_EDGE('',*,*,#6315,.T.);
#6315=EDGE_CURVE('',#4584,#4644,#6316,.T.);
#6316=LINE('',#4585,#43);
#6317=PLANE('',#6318);
#6318=AXIS2_PLACEMENT_3D('',#6319,#13,#14);
#6319=CARTESIAN_POINT('',(2.5,-5.75,1.276756478319E-15));
#6320=ADVANCED_FACE('',(#6321),#6330,.T.);
#6321=FACE_BOUND('',#6322,.T.);
#6322=EDGE_LOOP('',(#6323,#6324,#6325,#6329));
#6323=ORIENTED_EDGE('',*,*,#6315,.F.);
#6324=ORIENTED_EDGE('',*,*,#4621,.T.);
#6325=ORIENTED_EDGE('',*,*,#6326,.T.);
#6326=EDGE_CURVE('',#4616,#4649,#6327,.T.);
#6327=LINE('',#6328,#43);
#6328=CARTESIAN_POINT('',(3.4,-11.03680312111,0.3));
#6329=ORIENTED_EDGE('',*,*,#4648,.F.);
#6330=PLANE('',#6331);
#6331=AXIS2_PLACEMENT_3D('',#4585,#14,#44);
#6332=ADVANCED_FACE('',(#6333),#4826,.T.);
#6333=FACE_BOUND('',#6334,.T.);
#6334=EDGE_LOOP('',(#6335,#6337,#6338,#6339));
#6335=ORIENTED_EDGE('',*,*,#6336,.F.);
#6336=EDGE_CURVE('',#4654,#4609,#4822,.T.);
#6337=ORIENTED_EDGE('',*,*,#4653,.F.);
#6338=ORIENTED_EDGE('',*,*,#6326,.F.);
#6339=ORIENTED_EDGE('',*,*,#4615,.F.);
#6340=ADVANCED_FACE('',(#6341),#4836,.F.);
#6341=FACE_BOUND('',#6342,.F.);
#6342=EDGE_LOOP('',(#4658,#6343,#4607,#6335));
#6343=ORIENTED_EDGE('',*,*,#6344,.T.);
#6344=EDGE_CURVE('',#4660,#4603,#4834,.T.);
#6345=ADVANCED_FACE('',(#6346),#4848,.T.);
#6346=FACE_BOUND('',#6347,.T.);
#6347=EDGE_LOOP('',(#6348,#6343,#6349,#6350));
#6348=ORIENTED_EDGE('',*,*,#4666,.F.);
#6349=ORIENTED_EDGE('',*,*,#4602,.F.);
#6350=ORIENTED_EDGE('',*,*,#6351,.F.);
#6351=EDGE_CURVE('',#4667,#4598,#6352,.T.);
#6352=LINE('',#6353,#150);
#6353=CARTESIAN_POINT('',(2.7,-11.08680312111,1.8));
#6354=ADVANCED_FACE('',(#6355),#6361,.T.);
#6355=FACE_BOUND('',#6356,.T.);
#6356=EDGE_LOOP('',(#6357,#6358,#6359,#6360));
#6357=ORIENTED_EDGE('',*,*,#4672,.F.);
#6358=ORIENTED_EDGE('',*,*,#6351,.T.);
#6359=ORIENTED_EDGE('',*,*,#4597,.F.);
#6360=ORIENTED_EDGE('',*,*,#5073,.F.);
#6361=PLANE('',#6362);
#6362=AXIS2_PLACEMENT_3D('',#6363,#13,#14);
#6363=CARTESIAN_POINT('',(2.5,-5.75,1.8));
#6364=ADVANCED_FACE('',(#6365),#4714,.T.);
#6365=FACE_BOUND('',#6366,.T.);
#6366=EDGE_LOOP('',(#6367,#6371,#6372,#6376));
#6367=ORIENTED_EDGE('',*,*,#6368,.F.);
#6368=EDGE_CURVE('',#715,#6369,#723,.T.);
#6369=VERTEX_POINT('',#6370);
#6370=CARTESIAN_POINT('',(0.6,-7.15,0.2));
#6371=ORIENTED_EDGE('',*,*,#4711,.F.);
#6372=ORIENTED_EDGE('',*,*,#6373,.T.);
#6373=EDGE_CURVE('',#1340,#6374,#1348,.T.);
#6374=VERTEX_POINT('',#6375);
#6375=CARTESIAN_POINT('',(0.6,-7.15,0.5));
#6376=ORIENTED_EDGE('',*,*,#6377,.F.);
#6377=EDGE_CURVE('',#6369,#6374,#6378,.T.);
#6378=LINE('',#6370,#50);
#6379=ADVANCED_FACE('',(#6380),#6446,.T.);
#6380=FACE_BOUND('',#6381,.T.);
#6381=EDGE_LOOP('',(#6382,#6389,#6396,#6401,#4737,#6406,#6407,#6408,#4719,#6409,#6414,#6419,#6426,#6431,#6438,#6443));
#6382=ORIENTED_EDGE('',*,*,#6383,.F.);
#6383=EDGE_CURVE('',#6384,#6386,#6388,.T.);
#6384=VERTEX_POINT('',#6385);
#6385=CARTESIAN_POINT('',(0.6,-8.05,0.1));
#6386=VERTEX_POINT('',#6387);
#6387=CARTESIAN_POINT('',(0.6,-8.05,0.8));
#6388=LINE('',#6385,#50);
#6389=ORIENTED_EDGE('',*,*,#6390,.T.);
#6390=EDGE_CURVE('',#6384,#6391,#6393,.T.);
#6391=VERTEX_POINT('',#6392);
#6392=CARTESIAN_POINT('',(0.6,-7.95,1.898481372109E-15));
#6393=CIRCLE('',#6394,0.1);
#6394=AXIS2_PLACEMENT_3D('',#6395,#14,#17);
#6395=CARTESIAN_POINT('',(0.6,-7.95,0.1));
#6396=ORIENTED_EDGE('',*,*,#6397,.F.);
#6397=EDGE_CURVE('',#6398,#6391,#6400,.T.);
#6398=VERTEX_POINT('',#6399);
#6399=CARTESIAN_POINT('',(0.6,-7.15,1.720845688169E-15));
#6400=LINE('',#6399,#43);
#6401=ORIENTED_EDGE('',*,*,#6402,.T.);
#6402=EDGE_CURVE('',#6398,#4734,#6403,.T.);
#6403=CIRCLE('',#6404,0.1);
#6404=AXIS2_PLACEMENT_3D('',#6405,#14,#17);
#6405=CARTESIAN_POINT('',(0.6,-7.15,0.1));
#6406=ORIENTED_EDGE('',*,*,#6368,.T.);
#6407=ORIENTED_EDGE('',*,*,#6377,.T.);
#6408=ORIENTED_EDGE('',*,*,#6373,.F.);
#6409=ORIENTED_EDGE('',*,*,#6410,.F.);
#6410=EDGE_CURVE('',#6411,#4721,#6413,.T.);
#6411=VERTEX_POINT('',#6412);
#6412=CARTESIAN_POINT('',(0.6,-7.25,0.8));
#6413=LINE('',#6412,#150);
#6414=ORIENTED_EDGE('',*,*,#6415,.T.);
#6415=EDGE_CURVE('',#6411,#6416,#6418,.T.);
#6416=VERTEX_POINT('',#6417);
#6417=CARTESIAN_POINT('',(0.6,-7.25,0.25));
#6418=LINE('',#6412,#63);
#6419=ORIENTED_EDGE('',*,*,#6420,.F.);
#6420=EDGE_CURVE('',#6421,#6416,#6423,.T.);
#6421=VERTEX_POINT('',#6422);
#6422=CARTESIAN_POINT('',(0.6,-7.3,0.2));
#6423=CIRCLE('',#6424,5.E-02);
#6424=AXIS2_PLACEMENT_3D('',#6425,#14,#17);
#6425=CARTESIAN_POINT('',(0.6,-7.3,0.25));
#6426=ORIENTED_EDGE('',*,*,#6427,.T.);
#6427=EDGE_CURVE('',#6421,#6428,#6430,.T.);
#6428=VERTEX_POINT('',#6429);
#6429=CARTESIAN_POINT('',(0.6,-7.8,0.2));
#6430=LINE('',#6422,#43);
#6431=ORIENTED_EDGE('',*,*,#6432,.F.);
#6432=EDGE_CURVE('',#6433,#6428,#6435,.T.);
#6433=VERTEX_POINT('',#6434);
#6434=CARTESIAN_POINT('',(0.6,-7.85,0.25));
#6435=CIRCLE('',#6436,5.E-02);
#6436=AXIS2_PLACEMENT_3D('',#6437,#14,#17);
#6437=CARTESIAN_POINT('',(0.6,-7.8,0.25));
#6438=ORIENTED_EDGE('',*,*,#6439,.T.);
#6439=EDGE_CURVE('',#6433,#6440,#6442,.T.);
#6440=VERTEX_POINT('',#6441);
#6441=CARTESIAN_POINT('',(0.6,-7.85,0.8));
#6442=LINE('',#6434,#50);
#6443=ORIENTED_EDGE('',*,*,#6444,.F.);
#6444=EDGE_CURVE('',#6386,#6440,#6445,.T.);
#6445=LINE('',#6387,#150);
#6446=PLANE('',#6447);
#6447=AXIS2_PLACEMENT_3D('',#6448,#14,#13);
#6448=CARTESIAN_POINT('',(0.6,-7.55,0.358610818827));
#6449=ADVANCED_FACE('',(#6450),#6463,.T.);
#6450=FACE_BOUND('',#6451,.T.);
#6451=EDGE_LOOP('',(#6452,#6457,#4732,#6462));
#6452=ORIENTED_EDGE('',*,*,#6453,.T.);
#6453=EDGE_CURVE('',#6398,#6454,#6456,.T.);
#6454=VERTEX_POINT('',#6455);
#6455=CARTESIAN_POINT('',(-0.6,-7.15,1.387778780781E-15));
#6456=LINE('',#6399,#95);
#6457=ORIENTED_EDGE('',*,*,#6458,.T.);
#6458=EDGE_CURVE('',#6454,#4729,#6459,.T.);
#6459=CIRCLE('',#6460,0.1);
#6460=AXIS2_PLACEMENT_3D('',#6461,#14,#17);
#6461=CARTESIAN_POINT('',(-0.6,-7.15,0.1));
#6462=ORIENTED_EDGE('',*,*,#6402,.F.);
#6463=CYLINDRICAL_SURFACE('',#6404,0.1);
#6464=ADVANCED_FACE('',(#6465),#6522,.F.);
#6465=FACE_BOUND('',#6466,.F.);
#6466=EDGE_LOOP('',(#6467,#6474,#6481,#6457,#6484,#6485,#6490,#6495,#6502,#6507,#6514,#6519));
#6467=ORIENTED_EDGE('',*,*,#6468,.F.);
#6468=EDGE_CURVE('',#6469,#6471,#6473,.T.);
#6469=VERTEX_POINT('',#6470);
#6470=CARTESIAN_POINT('',(-0.6,-8.05,0.1));
#6471=VERTEX_POINT('',#6472);
#6472=CARTESIAN_POINT('',(-0.6,-8.05,0.8));
#6473=LINE('',#6470,#50);
#6474=ORIENTED_EDGE('',*,*,#6475,.T.);
#6475=EDGE_CURVE('',#6469,#6476,#6478,.T.);
#6476=VERTEX_POINT('',#6477);
#6477=CARTESIAN_POINT('',(-0.6,-7.95,1.565414464721E-15));
#6478=CIRCLE('',#6479,0.1);
#6479=AXIS2_PLACEMENT_3D('',#6480,#14,#17);
#6480=CARTESIAN_POINT('',(-0.6,-7.95,0.1));
#6481=ORIENTED_EDGE('',*,*,#6482,.F.);
#6482=EDGE_CURVE('',#6454,#6476,#6483,.T.);
#6483=LINE('',#6455,#43);
#6484=ORIENTED_EDGE('',*,*,#4728,.F.);
#6485=ORIENTED_EDGE('',*,*,#6486,.F.);
#6486=EDGE_CURVE('',#6487,#4724,#6489,.T.);
#6487=VERTEX_POINT('',#6488);
#6488=CARTESIAN_POINT('',(-0.6,-7.25,0.8));
#6489=LINE('',#6488,#150);
#6490=ORIENTED_EDGE('',*,*,#6491,.T.);
#6491=EDGE_CURVE('',#6487,#6492,#6494,.T.);
#6492=VERTEX_POINT('',#6493);
#6493=CARTESIAN_POINT('',(-0.6,-7.25,0.25));
#6494=LINE('',#6488,#63);
#6495=ORIENTED_EDGE('',*,*,#6496,.F.);
#6496=EDGE_CURVE('',#6497,#6492,#6499,.T.);
#6497=VERTEX_POINT('',#6498);
#6498=CARTESIAN_POINT('',(-0.6,-7.3,0.2));
#6499=CIRCLE('',#6500,5.E-02);
#6500=AXIS2_PLACEMENT_3D('',#6501,#14,#17);
#6501=CARTESIAN_POINT('',(-0.6,-7.3,0.25));
#6502=ORIENTED_EDGE('',*,*,#6503,.T.);
#6503=EDGE_CURVE('',#6497,#6504,#6506,.T.);
#6504=VERTEX_POINT('',#6505);
#6505=CARTESIAN_POINT('',(-0.6,-7.8,0.2));
#6506=LINE('',#6498,#43);
#6507=ORIENTED_EDGE('',*,*,#6508,.F.);
#6508=EDGE_CURVE('',#6509,#6504,#6511,.T.);
#6509=VERTEX_POINT('',#6510);
#6510=CARTESIAN_POINT('',(-0.6,-7.85,0.25));
#6511=CIRCLE('',#6512,5.E-02);
#6512=AXIS2_PLACEMENT_3D('',#6513,#14,#17);
#6513=CARTESIAN_POINT('',(-0.6,-7.8,0.25));
#6514=ORIENTED_EDGE('',*,*,#6515,.T.);
#6515=EDGE_CURVE('',#6509,#6516,#6518,.T.);
#6516=VERTEX_POINT('',#6517);
#6517=CARTESIAN_POINT('',(-0.6,-7.85,0.8));
#6518=LINE('',#6510,#50);
#6519=ORIENTED_EDGE('',*,*,#6520,.F.);
#6520=EDGE_CURVE('',#6471,#6516,#6521,.T.);
#6521=LINE('',#6472,#150);
#6522=PLANE('',#6523);
#6523=AXIS2_PLACEMENT_3D('',#6524,#14,#13);
#6524=CARTESIAN_POINT('',(-0.6,-7.55,0.358610818827));
#6525=ADVANCED_FACE('',(#6526),#6533,.F.);
#6526=FACE_BOUND('',#6527,.F.);
#6527=EDGE_LOOP('',(#6528,#6531,#6532,#6409));
#6528=ORIENTED_EDGE('',*,*,#6529,.T.);
#6529=EDGE_CURVE('',#6411,#6487,#6530,.T.);
#6530=LINE('',#6412,#95);
#6531=ORIENTED_EDGE('',*,*,#6486,.T.);
#6532=ORIENTED_EDGE('',*,*,#4723,.F.);
#6533=PLANE('',#6534);
#6534=AXIS2_PLACEMENT_3D('',#6412,#64,#17);
#6535=ADVANCED_FACE('',(#6536),#6608,.T.);
#6536=FACE_BOUND('',#6537,.F.);
#6537=EDGE_LOOP('',(#6538,#6545,#6552,#6557,#4777,#6562,#6565,#6569,#4757,#6571,#6576,#6581,#6588,#6593,#6600,#6605));
#6538=ORIENTED_EDGE('',*,*,#6539,.F.);
#6539=EDGE_CURVE('',#6540,#6542,#6544,.T.);
#6540=VERTEX_POINT('',#6541);
#6541=CARTESIAN_POINT('',(0.6,8.05,0.1));
#6542=VERTEX_POINT('',#6543);
#6543=CARTESIAN_POINT('',(0.6,8.05,0.8));
#6544=LINE('',#6541,#50);
#6545=ORIENTED_EDGE('',*,*,#6546,.T.);
#6546=EDGE_CURVE('',#6540,#6547,#6549,.T.);
#6547=VERTEX_POINT('',#6548);
#6548=CARTESIAN_POINT('',(0.6,7.95,5.428990590417E-15));
#6549=CIRCLE('',#6550,0.1);
#6550=AXIS2_PLACEMENT_3D('',#6551,#96,#44);
#6551=CARTESIAN_POINT('',(0.6,7.95,0.1));
#6552=ORIENTED_EDGE('',*,*,#6553,.F.);
#6553=EDGE_CURVE('',#6554,#6547,#6556,.T.);
#6554=VERTEX_POINT('',#6555);
#6555=CARTESIAN_POINT('',(0.6,7.15,4.896083538597E-15));
#6556=LINE('',#6555,#150);
#6557=ORIENTED_EDGE('',*,*,#6558,.T.);
#6558=EDGE_CURVE('',#6554,#4774,#6559,.T.);
#6559=CIRCLE('',#6560,0.1);
#6560=AXIS2_PLACEMENT_3D('',#6561,#96,#44);
#6561=CARTESIAN_POINT('',(0.6,7.15,0.1));
#6562=ORIENTED_EDGE('',*,*,#6563,.F.);
#6563=EDGE_CURVE('',#6564,#697,#699,.T.);
#6564=VERTEX_POINT('',#700);
#6565=ORIENTED_EDGE('',*,*,#6566,.T.);
#6566=EDGE_CURVE('',#6564,#6567,#6568,.T.);
#6567=VERTEX_POINT('',#1325);
#6568=LINE('',#700,#50);
#6569=ORIENTED_EDGE('',*,*,#6570,.T.);
#6570=EDGE_CURVE('',#6567,#1322,#1324,.T.);
#6571=ORIENTED_EDGE('',*,*,#6572,.F.);
#6572=EDGE_CURVE('',#6573,#4759,#6575,.T.);
#6573=VERTEX_POINT('',#6574);
#6574=CARTESIAN_POINT('',(0.6,7.25,0.8));
#6575=LINE('',#6574,#43);
#6576=ORIENTED_EDGE('',*,*,#6577,.T.);
#6577=EDGE_CURVE('',#6573,#6578,#6580,.T.);
#6578=VERTEX_POINT('',#6579);
#6579=CARTESIAN_POINT('',(0.6,7.25,0.25));
#6580=LINE('',#6574,#63);
#6581=ORIENTED_EDGE('',*,*,#6582,.F.);
#6582=EDGE_CURVE('',#6583,#6578,#6585,.T.);
#6583=VERTEX_POINT('',#6584);
#6584=CARTESIAN_POINT('',(0.6,7.3,0.2));
#6585=CIRCLE('',#6586,5.E-02);
#6586=AXIS2_PLACEMENT_3D('',#6587,#96,#44);
#6587=CARTESIAN_POINT('',(0.6,7.3,0.25));
#6588=ORIENTED_EDGE('',*,*,#6589,.T.);
#6589=EDGE_CURVE('',#6583,#6590,#6592,.T.);
#6590=VERTEX_POINT('',#6591);
#6591=CARTESIAN_POINT('',(0.6,7.8,0.2));
#6592=LINE('',#6584,#150);
#6593=ORIENTED_EDGE('',*,*,#6594,.F.);
#6594=EDGE_CURVE('',#6595,#6590,#6597,.T.);
#6595=VERTEX_POINT('',#6596);
#6596=CARTESIAN_POINT('',(0.6,7.85,0.25));
#6597=CIRCLE('',#6598,5.E-02);
#6598=AXIS2_PLACEMENT_3D('',#6599,#96,#44);
#6599=CARTESIAN_POINT('',(0.6,7.8,0.25));
#6600=ORIENTED_EDGE('',*,*,#6601,.T.);
#6601=EDGE_CURVE('',#6595,#6602,#6604,.T.);
#6602=VERTEX_POINT('',#6603);
#6603=CARTESIAN_POINT('',(0.6,7.85,0.8));
#6604=LINE('',#6596,#50);
#6605=ORIENTED_EDGE('',*,*,#6606,.F.);
#6606=EDGE_CURVE('',#6542,#6602,#6607,.T.);
#6607=LINE('',#6543,#43);
#6608=PLANE('',#6609);
#6609=AXIS2_PLACEMENT_3D('',#6610,#14,#64);
#6610=CARTESIAN_POINT('',(0.6,7.55,0.358610818827));
#6611=ADVANCED_FACE('',(#6612),#6625,.T.);
#6612=FACE_BOUND('',#6613,.F.);
#6613=EDGE_LOOP('',(#6614,#6619,#4772,#6624));
#6614=ORIENTED_EDGE('',*,*,#6615,.T.);
#6615=EDGE_CURVE('',#6554,#6616,#6618,.T.);
#6616=VERTEX_POINT('',#6617);
#6617=CARTESIAN_POINT('',(-0.6,7.15,4.563016631209E-15));
#6618=LINE('',#6555,#95);
#6619=ORIENTED_EDGE('',*,*,#6620,.T.);
#6620=EDGE_CURVE('',#6616,#4769,#6621,.T.);
#6621=CIRCLE('',#6622,0.1);
#6622=AXIS2_PLACEMENT_3D('',#6623,#96,#44);
#6623=CARTESIAN_POINT('',(-0.6,7.15,0.1));
#6624=ORIENTED_EDGE('',*,*,#6558,.F.);
#6625=CYLINDRICAL_SURFACE('',#6626,0.1);
#6626=AXIS2_PLACEMENT_3D('',#6561,#14,#44);
#6627=ADVANCED_FACE('',(#6628),#6685,.F.);
#6628=FACE_BOUND('',#6629,.T.);
#6629=EDGE_LOOP('',(#6630,#6637,#6644,#6619,#6647,#6648,#6653,#6658,#6665,#6670,#6677,#6682));
#6630=ORIENTED_EDGE('',*,*,#6631,.F.);
#6631=EDGE_CURVE('',#6632,#6634,#6636,.T.);
#6632=VERTEX_POINT('',#6633);
#6633=CARTESIAN_POINT('',(-0.6,8.05,0.1));
#6634=VERTEX_POINT('',#6635);
#6635=CARTESIAN_POINT('',(-0.6,8.05,0.8));
#6636=LINE('',#6633,#50);
#6637=ORIENTED_EDGE('',*,*,#6638,.T.);
#6638=EDGE_CURVE('',#6632,#6639,#6641,.T.);
#6639=VERTEX_POINT('',#6640);
#6640=CARTESIAN_POINT('',(-0.6,7.95,5.095923683029E-15));
#6641=CIRCLE('',#6642,0.1);
#6642=AXIS2_PLACEMENT_3D('',#6643,#96,#44);
#6643=CARTESIAN_POINT('',(-0.6,7.95,0.1));
#6644=ORIENTED_EDGE('',*,*,#6645,.F.);
#6645=EDGE_CURVE('',#6616,#6639,#6646,.T.);
#6646=LINE('',#6617,#150);
#6647=ORIENTED_EDGE('',*,*,#4768,.F.);
#6648=ORIENTED_EDGE('',*,*,#6649,.F.);
#6649=EDGE_CURVE('',#6650,#4764,#6652,.T.);
#6650=VERTEX_POINT('',#6651);
#6651=CARTESIAN_POINT('',(-0.6,7.25,0.8));
#6652=LINE('',#6651,#43);
#6653=ORIENTED_EDGE('',*,*,#6654,.T.);
#6654=EDGE_CURVE('',#6650,#6655,#6657,.T.);
#6655=VERTEX_POINT('',#6656);
#6656=CARTESIAN_POINT('',(-0.6,7.25,0.25));
#6657=LINE('',#6651,#63);
#6658=ORIENTED_EDGE('',*,*,#6659,.F.);
#6659=EDGE_CURVE('',#6660,#6655,#6662,.T.);
#6660=VERTEX_POINT('',#6661);
#6661=CARTESIAN_POINT('',(-0.6,7.3,0.2));
#6662=CIRCLE('',#6663,5.E-02);
#6663=AXIS2_PLACEMENT_3D('',#6664,#96,#44);
#6664=CARTESIAN_POINT('',(-0.6,7.3,0.25));
#6665=ORIENTED_EDGE('',*,*,#6666,.T.);
#6666=EDGE_CURVE('',#6660,#6667,#6669,.T.);
#6667=VERTEX_POINT('',#6668);
#6668=CARTESIAN_POINT('',(-0.6,7.8,0.2));
#6669=LINE('',#6661,#150);
#6670=ORIENTED_EDGE('',*,*,#6671,.F.);
#6671=EDGE_CURVE('',#6672,#6667,#6674,.T.);
#6672=VERTEX_POINT('',#6673);
#6673=CARTESIAN_POINT('',(-0.6,7.85,0.25));
#6674=CIRCLE('',#6675,5.E-02);
#6675=AXIS2_PLACEMENT_3D('',#6676,#96,#44);
#6676=CARTESIAN_POINT('',(-0.6,7.8,0.25));
#6677=ORIENTED_EDGE('',*,*,#6678,.T.);
#6678=EDGE_CURVE('',#6672,#6679,#6681,.T.);
#6679=VERTEX_POINT('',#6680);
#6680=CARTESIAN_POINT('',(-0.6,7.85,0.8));
#6681=LINE('',#6673,#50);
#6682=ORIENTED_EDGE('',*,*,#6683,.F.);
#6683=EDGE_CURVE('',#6634,#6679,#6684,.T.);
#6684=LINE('',#6635,#43);
#6685=PLANE('',#6686);
#6686=AXIS2_PLACEMENT_3D('',#6687,#14,#64);
#6687=CARTESIAN_POINT('',(-0.6,7.55,0.358610818827));
#6688=ADVANCED_FACE('',(#6689),#6696,.F.);
#6689=FACE_BOUND('',#6690,.T.);
#6690=EDGE_LOOP('',(#6691,#6694,#6695,#6571));
#6691=ORIENTED_EDGE('',*,*,#6692,.T.);
#6692=EDGE_CURVE('',#6573,#6650,#6693,.T.);
#6693=LINE('',#6574,#95);
#6694=ORIENTED_EDGE('',*,*,#6649,.T.);
#6695=ORIENTED_EDGE('',*,*,#4763,.F.);
#6696=PLANE('',#6697);
#6697=AXIS2_PLACEMENT_3D('',#6574,#64,#17);
#6698=ADVANCED_FACE('',(#6699),#4790,.T.);
#6699=FACE_BOUND('',#6700,.T.);
#6700=EDGE_LOOP('',(#6562,#6565,#6569,#6701));
#6701=ORIENTED_EDGE('',*,*,#4787,.T.);
#6702=ADVANCED_FACE('',(#6703),#6712,.F.);
#6703=FACE_BOUND('',#6704,.F.);
#6704=EDGE_LOOP('',(#6705,#6708,#6709,#6382));
#6705=ORIENTED_EDGE('',*,*,#6706,.T.);
#6706=EDGE_CURVE('',#6384,#6469,#6707,.T.);
#6707=LINE('',#6385,#95);
#6708=ORIENTED_EDGE('',*,*,#6468,.T.);
#6709=ORIENTED_EDGE('',*,*,#6710,.F.);
#6710=EDGE_CURVE('',#6386,#6471,#6711,.T.);
#6711=LINE('',#6387,#95);
#6712=PLANE('',#6713);
#6713=AXIS2_PLACEMENT_3D('',#6385,#17,#13);
#6714=ADVANCED_FACE('',(#6715),#6722,.F.);
#6715=FACE_BOUND('',#6716,.F.);
#6716=EDGE_LOOP('',(#6717,#6718,#6719,#6443));
#6717=ORIENTED_EDGE('',*,*,#6710,.T.);
#6718=ORIENTED_EDGE('',*,*,#6520,.T.);
#6719=ORIENTED_EDGE('',*,*,#6720,.F.);
#6720=EDGE_CURVE('',#6440,#6516,#6721,.T.);
#6721=LINE('',#6441,#95);
#6722=PLANE('',#6723);
#6723=AXIS2_PLACEMENT_3D('',#6387,#64,#17);
#6724=ADVANCED_FACE('',(#6725),#6731,.T.);
#6725=FACE_BOUND('',#6726,.T.);
#6726=EDGE_LOOP('',(#6727,#6514,#6719,#6730));
#6727=ORIENTED_EDGE('',*,*,#6728,.T.);
#6728=EDGE_CURVE('',#6433,#6509,#6729,.T.);
#6729=LINE('',#6434,#95);
#6730=ORIENTED_EDGE('',*,*,#6439,.F.);
#6731=PLANE('',#6732);
#6732=AXIS2_PLACEMENT_3D('',#6434,#17,#13);
#6733=ADVANCED_FACE('',(#6734),#6740,.F.);
#6734=FACE_BOUND('',#6735,.F.);
#6735=EDGE_LOOP('',(#6727,#6736,#6737,#6431));
#6736=ORIENTED_EDGE('',*,*,#6508,.T.);
#6737=ORIENTED_EDGE('',*,*,#6738,.F.);
#6738=EDGE_CURVE('',#6428,#6504,#6739,.T.);
#6739=LINE('',#6429,#95);
#6740=CYLINDRICAL_SURFACE('',#6436,5.E-02);
#6741=ADVANCED_FACE('',(#6742),#6748,.T.);
#6742=FACE_BOUND('',#6743,.T.);
#6743=EDGE_LOOP('',(#6744,#6502,#6737,#6747));
#6744=ORIENTED_EDGE('',*,*,#6745,.T.);
#6745=EDGE_CURVE('',#6421,#6497,#6746,.T.);
#6746=LINE('',#6422,#95);
#6747=ORIENTED_EDGE('',*,*,#6427,.F.);
#6748=PLANE('',#6749);
#6749=AXIS2_PLACEMENT_3D('',#6422,#13,#44);
#6750=ADVANCED_FACE('',(#6751),#6757,.F.);
#6751=FACE_BOUND('',#6752,.F.);
#6752=EDGE_LOOP('',(#6744,#6753,#6754,#6419));
#6753=ORIENTED_EDGE('',*,*,#6496,.T.);
#6754=ORIENTED_EDGE('',*,*,#6755,.F.);
#6755=EDGE_CURVE('',#6416,#6492,#6756,.T.);
#6756=LINE('',#6417,#95);
#6757=CYLINDRICAL_SURFACE('',#6424,5.E-02);
#6758=ADVANCED_FACE('',(#6759),#6762,.T.);
#6759=FACE_BOUND('',#6760,.T.);
#6760=EDGE_LOOP('',(#6528,#6490,#6754,#6761));
#6761=ORIENTED_EDGE('',*,*,#6415,.F.);
#6762=PLANE('',#6763);
#6763=AXIS2_PLACEMENT_3D('',#6412,#44,#64);
#6764=ADVANCED_FACE('',(#6765),#6771,.F.);
#6765=FACE_BOUND('',#6766,.F.);
#6766=EDGE_LOOP('',(#6452,#6767,#6768,#6396));
#6767=ORIENTED_EDGE('',*,*,#6482,.T.);
#6768=ORIENTED_EDGE('',*,*,#6769,.F.);
#6769=EDGE_CURVE('',#6391,#6476,#6770,.T.);
#6770=LINE('',#6392,#95);
#6771=PLANE('',#6772);
#6772=AXIS2_PLACEMENT_3D('',#6399,#13,#44);
#6773=ADVANCED_FACE('',(#6774),#6777,.T.);
#6774=FACE_BOUND('',#6775,.T.);
#6775=EDGE_LOOP('',(#6705,#6474,#6768,#6776));
#6776=ORIENTED_EDGE('',*,*,#6390,.F.);
#6777=CYLINDRICAL_SURFACE('',#6394,0.1);
#6778=ADVANCED_FACE('',(#6779),#6788,.F.);
#6779=FACE_BOUND('',#6780,.T.);
#6780=EDGE_LOOP('',(#6781,#6784,#6785,#6538));
#6781=ORIENTED_EDGE('',*,*,#6782,.T.);
#6782=EDGE_CURVE('',#6540,#6632,#6783,.T.);
#6783=LINE('',#6541,#95);
#6784=ORIENTED_EDGE('',*,*,#6631,.T.);
#6785=ORIENTED_EDGE('',*,*,#6786,.F.);
#6786=EDGE_CURVE('',#6542,#6634,#6787,.T.);
#6787=LINE('',#6543,#95);
#6788=PLANE('',#6789);
#6789=AXIS2_PLACEMENT_3D('',#6541,#44,#64);
#6790=ADVANCED_FACE('',(#6791),#6798,.F.);
#6791=FACE_BOUND('',#6792,.T.);
#6792=EDGE_LOOP('',(#6793,#6794,#6795,#6605));
#6793=ORIENTED_EDGE('',*,*,#6786,.T.);
#6794=ORIENTED_EDGE('',*,*,#6683,.T.);
#6795=ORIENTED_EDGE('',*,*,#6796,.F.);
#6796=EDGE_CURVE('',#6602,#6679,#6797,.T.);
#6797=LINE('',#6603,#95);
#6798=PLANE('',#6799);
#6799=AXIS2_PLACEMENT_3D('',#6543,#64,#17);
#6800=ADVANCED_FACE('',(#6801),#6807,.T.);
#6801=FACE_BOUND('',#6802,.F.);
#6802=EDGE_LOOP('',(#6803,#6677,#6795,#6806));
#6803=ORIENTED_EDGE('',*,*,#6804,.T.);
#6804=EDGE_CURVE('',#6595,#6672,#6805,.T.);
#6805=LINE('',#6596,#95);
#6806=ORIENTED_EDGE('',*,*,#6601,.F.);
#6807=PLANE('',#6808);
#6808=AXIS2_PLACEMENT_3D('',#6596,#44,#64);
#6809=ADVANCED_FACE('',(#6810),#6816,.F.);
#6810=FACE_BOUND('',#6811,.T.);
#6811=EDGE_LOOP('',(#6803,#6812,#6813,#6593));
#6812=ORIENTED_EDGE('',*,*,#6671,.T.);
#6813=ORIENTED_EDGE('',*,*,#6814,.F.);
#6814=EDGE_CURVE('',#6590,#6667,#6815,.T.);
#6815=LINE('',#6591,#95);
#6816=CYLINDRICAL_SURFACE('',#6817,5.E-02);
#6817=AXIS2_PLACEMENT_3D('',#6599,#14,#44);
#6818=ADVANCED_FACE('',(#6819),#6825,.T.);
#6819=FACE_BOUND('',#6820,.F.);
#6820=EDGE_LOOP('',(#6821,#6665,#6813,#6824));
#6821=ORIENTED_EDGE('',*,*,#6822,.T.);
#6822=EDGE_CURVE('',#6583,#6660,#6823,.T.);
#6823=LINE('',#6584,#95);
#6824=ORIENTED_EDGE('',*,*,#6589,.F.);
#6825=PLANE('',#6826);
#6826=AXIS2_PLACEMENT_3D('',#6584,#13,#44);
#6827=ADVANCED_FACE('',(#6828),#6834,.F.);
#6828=FACE_BOUND('',#6829,.T.);
#6829=EDGE_LOOP('',(#6821,#6830,#6831,#6581));
#6830=ORIENTED_EDGE('',*,*,#6659,.T.);
#6831=ORIENTED_EDGE('',*,*,#6832,.F.);
#6832=EDGE_CURVE('',#6578,#6655,#6833,.T.);
#6833=LINE('',#6579,#95);
#6834=CYLINDRICAL_SURFACE('',#6835,5.E-02);
#6835=AXIS2_PLACEMENT_3D('',#6587,#14,#44);
#6836=ADVANCED_FACE('',(#6837),#6840,.T.);
#6837=FACE_BOUND('',#6838,.F.);
#6838=EDGE_LOOP('',(#6691,#6653,#6831,#6839));
#6839=ORIENTED_EDGE('',*,*,#6577,.F.);
#6840=PLANE('',#6841);
#6841=AXIS2_PLACEMENT_3D('',#6574,#17,#13);
#6842=ADVANCED_FACE('',(#6843),#6849,.F.);
#6843=FACE_BOUND('',#6844,.T.);
#6844=EDGE_LOOP('',(#6614,#6845,#6846,#6552));
#6845=ORIENTED_EDGE('',*,*,#6645,.T.);
#6846=ORIENTED_EDGE('',*,*,#6847,.F.);
#6847=EDGE_CURVE('',#6547,#6639,#6848,.T.);
#6848=LINE('',#6548,#95);
#6849=PLANE('',#6850);
#6850=AXIS2_PLACEMENT_3D('',#6555,#13,#44);
#6851=ADVANCED_FACE('',(#6852),#6855,.T.);
#6852=FACE_BOUND('',#6853,.F.);
#6853=EDGE_LOOP('',(#6781,#6637,#6846,#6854));
#6854=ORIENTED_EDGE('',*,*,#6546,.F.);
#6855=CYLINDRICAL_SURFACE('',#6856,0.1);
#6856=AXIS2_PLACEMENT_3D('',#6551,#14,#44);
#6857=MECHANICAL_DESIGN_GEOMETRIC_PRESENTATION_REPRESENTATION('',(#6858),#18);
#6858=STYLED_ITEM('color',(#6859),#659);
#6859=PRESENTATION_STYLE_ASSIGNMENT((#6860,#6866));
#6860=SURFACE_STYLE_USAGE(.BOTH.,#6861);
#6861=SURFACE_SIDE_STYLE('',(#6862));
#6862=SURFACE_STYLE_FILL_AREA(#6863);
#6863=FILL_AREA_STYLE('',(#6864));
#6864=FILL_AREA_STYLE_COLOUR('',#6865);
#6865=COLOUR_RGB('',0.784313732475,0.784313732475,0.784313732475);
#6866=CURVE_STYLE('',#6867,POSITIVE_LENGTH_MEASURE(0.1),#6868);
#6867=DRAUGHTING_PRE_DEFINED_CURVE_FONT('continuous');
#6868=COLOUR_RGB('',9.803921802644E-02,9.803921802644E-02,9.803921802644E-02);
#6869=MECHANICAL_DESIGN_GEOMETRIC_PRESENTATION_REPRESENTATION('',(#6870),#18);
#6870=STYLED_ITEM('color',(#6871),#352);
#6871=PRESENTATION_STYLE_ASSIGNMENT((#6872,#6866));
#6872=SURFACE_STYLE_USAGE(.BOTH.,#6873);
#6873=SURFACE_SIDE_STYLE('',(#6874));
#6874=SURFACE_STYLE_FILL_AREA(#6875);
#6875=FILL_AREA_STYLE('',(#6876));
#6876=FILL_AREA_STYLE_COLOUR('',#6877);
#6877=COLOUR_RGB('',0.388235295535,0.227450982423,0.);
#6878=MECHANICAL_DESIGN_GEOMETRIC_PRESENTATION_REPRESENTATION('',(#6879),#18);
#6879=STYLED_ITEM('color',(#6880),#31);
#6880=PRESENTATION_STYLE_ASSIGNMENT((#6881,#6866));
#6881=SURFACE_STYLE_USAGE(.BOTH.,#6882);
#6882=SURFACE_SIDE_STYLE('',(#6883));
#6883=SURFACE_STYLE_FILL_AREA(#6884);
#6884=FILL_AREA_STYLE('',(#6885));
#6885=FILL_AREA_STYLE_COLOUR('',#6886);
#6886=COLOUR_RGB('',1.,0.917647049334,0.666666687201);
ENDSEC;
END-ISO-10303-21;
