ISO-10303-21;
HEADER;
/* QFN-24_4x4mm_Pitch0.5mm.step 3D STEP model for use in ECAD systems
 * Copyright (C) 2017, kicad StepUp
 *
 * This program is free software: you can redistribute it and/or modify
 * it under the terms of the GNU General Public License as published by
 * the Free Software Foundation, either version 3 of the License, or
 * any later version.
 *
 * This program is distributed in the hope that it will be useful,
 * but WITHOUT ANY WARRANTY; without even the implied warranty of
 * MERCHANTABILITY or FITNESS FOR A PARTICULAR PURPOSE.  See the
 * GNU General Public License for more details.
 *
 * You should have received a copy of the GNU General Public License
 * along with this program.  If not, see http://www.gnu.org/licenses/.
 *
 * As a special exception, if you create a design which uses this symbol,
 * and embed this symbol or unaltered portions of this symbol into the design,
 * this symbol does not by itself cause the resulting design to be covered by
 * the GNU General Public License.
 * This exception does not however invalidate any other reasons why the design
 * itself might be covered by the GNU General Public License.
 * If you modify this symbol, you may extend this exception to your version of the symbol,
 * but you are not obligated to do so.
 * If you do not wish to do so, delete this exception statement from your version
 * Risk disclaimer
 * *USE 3D CAD DATA AT YOUR OWN RISK*
 * *DO NOT RELY UPON ANY INFORMATION FOUND HERE WITHOUT INDEPENDENT VERIFICATION.*
 *
 */

FILE_DESCRIPTION(
/* description */ ('model of QFN-24_4x4mm_Pitch0.5mm'),
/* implementation_level */ '2;1');

FILE_NAME(
/* name */ 'QFN-24_4x4mm_Pitch0.5mm.step',
/* time_stamp */ '2017-03-23T11:13:34',
/* author */ ('kicad StepUp','ksu'),
/* organization */ ('FreeCAD'),
/* preprocessor_version */ 'OCC',
/* originating_system */ 'kicad StepUp',
/* authorisation */ '');

FILE_SCHEMA(('AUTOMOTIVE_DESIGN_CC2 { 1 2 10303 214 -1 1 5 4 }'));
ENDSEC;

DATA;
#1=APPLICATION_PROTOCOL_DEFINITION('committee draft','automotive_design',1997,#2);
#2=APPLICATION_CONTEXT('core data for automotive mechanical design processes');
#3=SHAPE_DEFINITION_REPRESENTATION(#4,#10);
#4=PRODUCT_DEFINITION_SHAPE('','',#5);
#5=PRODUCT_DEFINITION('design','',#6,#9);
#6=PRODUCT_DEFINITION_FORMATION('','',#7);
#7=PRODUCT('QFN-24_4x4mm_Pitch0.5mm','QFN-24_4x4mm_Pitch0.5mm','',(#8));
#8=MECHANICAL_CONTEXT('',#2,'mechanical');
#9=PRODUCT_DEFINITION_CONTEXT('part definition',#2,'design');
#10=ADVANCED_BREP_SHAPE_REPRESENTATION('',(#11,#15),#3340);
#11=AXIS2_PLACEMENT_3D('',#12,#13,#14);
#12=CARTESIAN_POINT('',(0.E+000,0.E+000,0.E+000));
#13=DIRECTION('',(0.E+000,0.E+000,1.));
#14=DIRECTION('',(1.,0.E+000,-0.E+000));
#15=MANIFOLD_SOLID_BREP('',#16);
#16=CLOSED_SHELL('',(#17,#51,#84,#101,#129,#140,#700,#802,#810,#926,#1043,#1068,#1094,#1111,#1128,#1150,#1171,#1196,#1222,#1239,#1256,#1278,#1299,#1324,#1350,#1367,#1384,#1406,#1427,#1452,#1478,#1495,#1512,#1534,#1555,#1580,#1606,#1623,#1640,#1662,#1683,#1708,#1734,#1751,#1768,#1790,#1811,#1916,#1941,#1958,#1978,#2002,#2027,#2044,#2061,#2082,#2102,#2126,#2151,#2168,#2185,#2206,#2226,#2250,#2275,#2292,#2309,#2330,#2350,#2374,#2399,#2416,#2433,#2454,#2474,#2498,#2523,#2540,#2557,#2578,#2598,#2614,#2624,#2634,#2644,#2654,#2664,#2675,#2686,#2697,#2708,#2719,#2730,#2741,#2752,#2763,#2774,#2785,#2796,#2807,#2816,#2827,#2836,#2847,#2856,#2867,#2876,#2887,#2896,#2907,#2916,#2927,#2936,#2947,#2956,#2967,#2976,#2987,#2996,#3007,#3016,#3027,#3036,#3046,#3056,#3066,#3076,#3086,#3096,#3107,#3116,#3127,#3136,#3147,#3156,#3167,#3176,#3187,#3196,#3207,#3216,#3227,#3236,#3247,#3256,#3267,#3276,#3287,#3296,#3307,#3316,#3335));
#17=ADVANCED_FACE('',(#18),#47,.T.);
#18=FACE_BOUND('',#19,.F.);
#19=EDGE_LOOP('',(#20,#29,#37,#43));
#20=ORIENTED_EDGE('',*,*,#21,.T.);
#21=EDGE_CURVE('',#22,#24,#26,.T.);
#22=VERTEX_POINT('',#23);
#23=CARTESIAN_POINT('',(2.,1.375,0.E+000));
#24=VERTEX_POINT('',#25);
#25=CARTESIAN_POINT('',(1.725,1.375,0.E+000));
#26=LINE('',#23,#27);
#27=VECTOR('',#28,1.);
#28=DIRECTION('',(-1.,3.445092848398E-016,0.E+000));
#29=ORIENTED_EDGE('',*,*,#30,.T.);
#30=EDGE_CURVE('',#24,#31,#33,.T.);
#31=VERTEX_POINT('',#32);
#32=CARTESIAN_POINT('',(1.725,1.125,0.E+000));
#33=CIRCLE('',#34,0.125);
#34=AXIS2_PLACEMENT_3D('',#35,#13,#36);
#35=CARTESIAN_POINT('',(1.725,1.25,0.E+000));
#36=DIRECTION('',(3.445092848398E-016,1.,0.E+000));
#37=ORIENTED_EDGE('',*,*,#38,.T.);
#38=EDGE_CURVE('',#31,#39,#41,.T.);
#39=VERTEX_POINT('',#40);
#40=CARTESIAN_POINT('',(2.,1.125,0.E+000));
#41=LINE('',#32,#42);
#42=VECTOR('',#14,1.);
#43=ORIENTED_EDGE('',*,*,#44,.T.);
#44=EDGE_CURVE('',#39,#22,#45,.T.);
#45=LINE('',#40,#46);
#46=VECTOR('',#36,1.);
#47=PLANE('',#48);
#48=AXIS2_PLACEMENT_3D('',#23,#49,#50);
#49=DIRECTION('',(0.E+000,0.E+000,-1.));
#50=DIRECTION('',(-3.445092848398E-016,-1.,0.E+000));
#51=ADVANCED_FACE('',(#52),#82,.F.);
#52=FACE_BOUND('',#53,.F.);
#53=EDGE_LOOP('',(#54,#55,#61,#66,#73,#79));
#54=ORIENTED_EDGE('',*,*,#21,.F.);
#55=ORIENTED_EDGE('',*,*,#56,.T.);
#56=EDGE_CURVE('',#22,#57,#59,.T.);
#57=VERTEX_POINT('',#58);
#58=CARTESIAN_POINT('',(2.,1.375,0.2));
#59=LINE('',#23,#60);
#60=VECTOR('',#13,1.);
#61=ORIENTED_EDGE('',*,*,#62,.T.);
#62=EDGE_CURVE('',#57,#63,#65,.T.);
#63=VERTEX_POINT('',#64);
#64=CARTESIAN_POINT('',(1.99,1.375,0.2));
#65=LINE('',#58,#27);
#66=ORIENTED_EDGE('',*,*,#67,.T.);
#67=EDGE_CURVE('',#63,#68,#70,.T.);
#68=VERTEX_POINT('',#69);
#69=CARTESIAN_POINT('',(1.99,1.375,2.E-002));
#70=LINE('',#71,#72);
#71=CARTESIAN_POINT('',(1.99,1.375,1.E-002));
#72=VECTOR('',#49,1.);
#73=ORIENTED_EDGE('',*,*,#74,.F.);
#74=EDGE_CURVE('',#75,#68,#77,.T.);
#75=VERTEX_POINT('',#76);
#76=CARTESIAN_POINT('',(1.725,1.375,2.E-002));
#77=LINE('',#78,#42);
#78=CARTESIAN_POINT('',(5.E-003,1.375,2.E-002));
#79=ORIENTED_EDGE('',*,*,#80,.F.);
#80=EDGE_CURVE('',#24,#75,#81,.T.);
#81=LINE('',#25,#60);
#82=PLANE('',#83);
#83=AXIS2_PLACEMENT_3D('',#23,#50,#28);
#84=ADVANCED_FACE('',(#85),#99,.T.);
#85=FACE_BOUND('',#86,.F.);
#86=EDGE_LOOP('',(#87,#88,#89,#96));
#87=ORIENTED_EDGE('',*,*,#30,.F.);
#88=ORIENTED_EDGE('',*,*,#80,.T.);
#89=ORIENTED_EDGE('',*,*,#90,.F.);
#90=EDGE_CURVE('',#91,#75,#93,.T.);
#91=VERTEX_POINT('',#92);
#92=CARTESIAN_POINT('',(1.725,1.125,2.E-002));
#93=CIRCLE('',#94,0.125);
#94=AXIS2_PLACEMENT_3D('',#95,#49,#36);
#95=CARTESIAN_POINT('',(1.725,1.25,2.E-002));
#96=ORIENTED_EDGE('',*,*,#97,.F.);
#97=EDGE_CURVE('',#31,#91,#98,.T.);
#98=LINE('',#32,#60);
#99=CYLINDRICAL_SURFACE('',#100,0.125);
#100=AXIS2_PLACEMENT_3D('',#35,#49,#36);
#101=ADVANCED_FACE('',(#102),#127,.F.);
#102=FACE_BOUND('',#103,.F.);
#103=EDGE_LOOP('',(#104,#105,#106,#112,#118,#124));
#104=ORIENTED_EDGE('',*,*,#38,.F.);
#105=ORIENTED_EDGE('',*,*,#97,.T.);
#106=ORIENTED_EDGE('',*,*,#107,.F.);
#107=EDGE_CURVE('',#108,#91,#110,.T.);
#108=VERTEX_POINT('',#109);
#109=CARTESIAN_POINT('',(1.99,1.125,2.E-002));
#110=LINE('',#111,#27);
#111=CARTESIAN_POINT('',(-0.1325,1.125,2.E-002));
#112=ORIENTED_EDGE('',*,*,#113,.T.);
#113=EDGE_CURVE('',#108,#114,#116,.T.);
#114=VERTEX_POINT('',#115);
#115=CARTESIAN_POINT('',(1.99,1.125,0.2));
#116=LINE('',#117,#60);
#117=CARTESIAN_POINT('',(1.99,1.125,1.E-002));
#118=ORIENTED_EDGE('',*,*,#119,.T.);
#119=EDGE_CURVE('',#114,#120,#122,.T.);
#120=VERTEX_POINT('',#121);
#121=CARTESIAN_POINT('',(2.,1.125,0.2));
#122=LINE('',#123,#42);
#123=CARTESIAN_POINT('',(1.725,1.125,0.2));
#124=ORIENTED_EDGE('',*,*,#125,.F.);
#125=EDGE_CURVE('',#39,#120,#126,.T.);
#126=LINE('',#40,#60);
#127=PLANE('',#128);
#128=AXIS2_PLACEMENT_3D('',#32,#36,#14);
#129=ADVANCED_FACE('',(#130),#138,.F.);
#130=FACE_BOUND('',#131,.F.);
#131=EDGE_LOOP('',(#132,#133,#136,#137));
#132=ORIENTED_EDGE('',*,*,#125,.T.);
#133=ORIENTED_EDGE('',*,*,#134,.T.);
#134=EDGE_CURVE('',#120,#57,#135,.T.);
#135=LINE('',#121,#46);
#136=ORIENTED_EDGE('',*,*,#56,.F.);
#137=ORIENTED_EDGE('',*,*,#44,.F.);
#138=PLANE('',#139);
#139=AXIS2_PLACEMENT_3D('',#40,#28,#36);
#140=ADVANCED_FACE('',(#141),#698,.F.);
#141=FACE_BOUND('',#142,.F.);
#142=EDGE_LOOP('',(#143,#150,#156,#162,#169,#175,#179,#185,#192,#198,#202,#208,#215,#221,#225,#231,#238,#244,#248,#254,#261,#267,#271,#277,#284,#290,#294,#299,#305,#312,#318,#322,#328,#335,#341,#345,#351,#358,#364,#368,#374,#381,#387,#391,#397,#404,#410,#414,#420,#427,#433,#437,#443,#449,#456,#462,#466,#472,#479,#485,#489,#495,#502,#508,#512,#518,#525,#531,#535,#541,#548,#554,#556,#557,#558,#559,#562,#566,#572,#579,#585,#589,#595,#602,#608,#612,#618,#625,#631,#635,#641,#648,#654,#658,#664,#671,#677,#681,#687,#694));
#143=ORIENTED_EDGE('',*,*,#144,.F.);
#144=EDGE_CURVE('',#145,#147,#149,.T.);
#145=VERTEX_POINT('',#146);
#146=CARTESIAN_POINT('',(-1.99,1.99,2.E-002));
#147=VERTEX_POINT('',#148);
#148=CARTESIAN_POINT('',(-1.375,1.99,2.E-002));
#149=LINE('',#146,#42);
#150=ORIENTED_EDGE('',*,*,#151,.T.);
#151=EDGE_CURVE('',#145,#152,#154,.T.);
#152=VERTEX_POINT('',#153);
#153=CARTESIAN_POINT('',(-1.99,1.375,2.E-002));
#154=LINE('',#146,#155);
#155=VECTOR('',#50,1.);
#156=ORIENTED_EDGE('',*,*,#157,.T.);
#157=EDGE_CURVE('',#152,#158,#160,.T.);
#158=VERTEX_POINT('',#159);
#159=CARTESIAN_POINT('',(-1.725,1.375,2.E-002));
#160=LINE('',#161,#42);
#161=CARTESIAN_POINT('',(-1.8575,1.375,2.E-002));
#162=ORIENTED_EDGE('',*,*,#163,.T.);
#163=EDGE_CURVE('',#158,#164,#166,.T.);
#164=VERTEX_POINT('',#165);
#165=CARTESIAN_POINT('',(-1.725,1.125,2.E-002));
#166=CIRCLE('',#167,0.125);
#167=AXIS2_PLACEMENT_3D('',#168,#49,#50);
#168=CARTESIAN_POINT('',(-1.725,1.25,2.E-002));
#169=ORIENTED_EDGE('',*,*,#170,.T.);
#170=EDGE_CURVE('',#164,#171,#173,.T.);
#171=VERTEX_POINT('',#172);
#172=CARTESIAN_POINT('',(-1.99,1.125,2.E-002));
#173=LINE('',#174,#27);
#174=CARTESIAN_POINT('',(-1.995,1.125,2.E-002));
#175=ORIENTED_EDGE('',*,*,#176,.T.);
#176=EDGE_CURVE('',#171,#177,#154,.T.);
#177=VERTEX_POINT('',#178);
#178=CARTESIAN_POINT('',(-1.99,0.875,2.E-002));
#179=ORIENTED_EDGE('',*,*,#180,.T.);
#180=EDGE_CURVE('',#177,#181,#183,.T.);
#181=VERTEX_POINT('',#182);
#182=CARTESIAN_POINT('',(-1.725,0.875,2.E-002));
#183=LINE('',#184,#42);
#184=CARTESIAN_POINT('',(-1.8575,0.875,2.E-002));
#185=ORIENTED_EDGE('',*,*,#186,.T.);
#186=EDGE_CURVE('',#181,#187,#189,.T.);
#187=VERTEX_POINT('',#188);
#188=CARTESIAN_POINT('',(-1.725,0.625,2.E-002));
#189=CIRCLE('',#190,0.125);
#190=AXIS2_PLACEMENT_3D('',#191,#49,#50);
#191=CARTESIAN_POINT('',(-1.725,0.75,2.E-002));
#192=ORIENTED_EDGE('',*,*,#193,.T.);
#193=EDGE_CURVE('',#187,#194,#196,.T.);
#194=VERTEX_POINT('',#195);
#195=CARTESIAN_POINT('',(-1.99,0.625,2.E-002));
#196=LINE('',#197,#27);
#197=CARTESIAN_POINT('',(-1.995,0.625,2.E-002));
#198=ORIENTED_EDGE('',*,*,#199,.T.);
#199=EDGE_CURVE('',#194,#200,#154,.T.);
#200=VERTEX_POINT('',#201);
#201=CARTESIAN_POINT('',(-1.99,0.375,2.E-002));
#202=ORIENTED_EDGE('',*,*,#203,.T.);
#203=EDGE_CURVE('',#200,#204,#206,.T.);
#204=VERTEX_POINT('',#205);
#205=CARTESIAN_POINT('',(-1.725,0.375,2.E-002));
#206=LINE('',#207,#42);
#207=CARTESIAN_POINT('',(-1.8575,0.375,2.E-002));
#208=ORIENTED_EDGE('',*,*,#209,.T.);
#209=EDGE_CURVE('',#204,#210,#212,.T.);
#210=VERTEX_POINT('',#211);
#211=CARTESIAN_POINT('',(-1.725,0.125,2.E-002));
#212=CIRCLE('',#213,0.125);
#213=AXIS2_PLACEMENT_3D('',#214,#49,#50);
#214=CARTESIAN_POINT('',(-1.725,0.25,2.E-002));
#215=ORIENTED_EDGE('',*,*,#216,.T.);
#216=EDGE_CURVE('',#210,#217,#219,.T.);
#217=VERTEX_POINT('',#218);
#218=CARTESIAN_POINT('',(-1.99,0.125,2.E-002));
#219=LINE('',#220,#27);
#220=CARTESIAN_POINT('',(-1.995,0.125,2.E-002));
#221=ORIENTED_EDGE('',*,*,#222,.T.);
#222=EDGE_CURVE('',#217,#223,#154,.T.);
#223=VERTEX_POINT('',#224);
#224=CARTESIAN_POINT('',(-1.99,-0.125,2.E-002));
#225=ORIENTED_EDGE('',*,*,#226,.T.);
#226=EDGE_CURVE('',#223,#227,#229,.T.);
#227=VERTEX_POINT('',#228);
#228=CARTESIAN_POINT('',(-1.725,-0.125,2.E-002));
#229=LINE('',#230,#42);
#230=CARTESIAN_POINT('',(-1.8575,-0.125,2.E-002));
#231=ORIENTED_EDGE('',*,*,#232,.T.);
#232=EDGE_CURVE('',#227,#233,#235,.T.);
#233=VERTEX_POINT('',#234);
#234=CARTESIAN_POINT('',(-1.725,-0.375,2.E-002));
#235=CIRCLE('',#236,0.125);
#236=AXIS2_PLACEMENT_3D('',#237,#49,#50);
#237=CARTESIAN_POINT('',(-1.725,-0.25,2.E-002));
#238=ORIENTED_EDGE('',*,*,#239,.T.);
#239=EDGE_CURVE('',#233,#240,#242,.T.);
#240=VERTEX_POINT('',#241);
#241=CARTESIAN_POINT('',(-1.99,-0.375,2.E-002));
#242=LINE('',#243,#27);
#243=CARTESIAN_POINT('',(-1.995,-0.375,2.E-002));
#244=ORIENTED_EDGE('',*,*,#245,.T.);
#245=EDGE_CURVE('',#240,#246,#154,.T.);
#246=VERTEX_POINT('',#247);
#247=CARTESIAN_POINT('',(-1.99,-0.625,2.E-002));
#248=ORIENTED_EDGE('',*,*,#249,.T.);
#249=EDGE_CURVE('',#246,#250,#252,.T.);
#250=VERTEX_POINT('',#251);
#251=CARTESIAN_POINT('',(-1.725,-0.625,2.E-002));
#252=LINE('',#253,#42);
#253=CARTESIAN_POINT('',(-1.8575,-0.625,2.E-002));
#254=ORIENTED_EDGE('',*,*,#255,.T.);
#255=EDGE_CURVE('',#250,#256,#258,.T.);
#256=VERTEX_POINT('',#257);
#257=CARTESIAN_POINT('',(-1.725,-0.875,2.E-002));
#258=CIRCLE('',#259,0.125);
#259=AXIS2_PLACEMENT_3D('',#260,#49,#50);
#260=CARTESIAN_POINT('',(-1.725,-0.75,2.E-002));
#261=ORIENTED_EDGE('',*,*,#262,.T.);
#262=EDGE_CURVE('',#256,#263,#265,.T.);
#263=VERTEX_POINT('',#264);
#264=CARTESIAN_POINT('',(-1.99,-0.875,2.E-002));
#265=LINE('',#266,#27);
#266=CARTESIAN_POINT('',(-1.995,-0.875,2.E-002));
#267=ORIENTED_EDGE('',*,*,#268,.T.);
#268=EDGE_CURVE('',#263,#269,#154,.T.);
#269=VERTEX_POINT('',#270);
#270=CARTESIAN_POINT('',(-1.99,-1.125,2.E-002));
#271=ORIENTED_EDGE('',*,*,#272,.T.);
#272=EDGE_CURVE('',#269,#273,#275,.T.);
#273=VERTEX_POINT('',#274);
#274=CARTESIAN_POINT('',(-1.725,-1.125,2.E-002));
#275=LINE('',#276,#42);
#276=CARTESIAN_POINT('',(-1.8575,-1.125,2.E-002));
#277=ORIENTED_EDGE('',*,*,#278,.T.);
#278=EDGE_CURVE('',#273,#279,#281,.T.);
#279=VERTEX_POINT('',#280);
#280=CARTESIAN_POINT('',(-1.725,-1.375,2.E-002));
#281=CIRCLE('',#282,0.125);
#282=AXIS2_PLACEMENT_3D('',#283,#49,#50);
#283=CARTESIAN_POINT('',(-1.725,-1.25,2.E-002));
#284=ORIENTED_EDGE('',*,*,#285,.T.);
#285=EDGE_CURVE('',#279,#286,#288,.T.);
#286=VERTEX_POINT('',#287);
#287=CARTESIAN_POINT('',(-1.99,-1.375,2.E-002));
#288=LINE('',#289,#27);
#289=CARTESIAN_POINT('',(-1.995,-1.375,2.E-002));
#290=ORIENTED_EDGE('',*,*,#291,.T.);
#291=EDGE_CURVE('',#286,#292,#154,.T.);
#292=VERTEX_POINT('',#293);
#293=CARTESIAN_POINT('',(-1.99,-1.99,2.E-002));
#294=ORIENTED_EDGE('',*,*,#295,.T.);
#295=EDGE_CURVE('',#292,#296,#298,.T.);
#296=VERTEX_POINT('',#297);
#297=CARTESIAN_POINT('',(-1.375,-1.99,2.E-002));
#298=LINE('',#293,#42);
#299=ORIENTED_EDGE('',*,*,#300,.T.);
#300=EDGE_CURVE('',#296,#301,#303,.T.);
#301=VERTEX_POINT('',#302);
#302=CARTESIAN_POINT('',(-1.375,-1.725,2.E-002));
#303=LINE('',#304,#46);
#304=CARTESIAN_POINT('',(-1.375,0.1325,2.E-002));
#305=ORIENTED_EDGE('',*,*,#306,.T.);
#306=EDGE_CURVE('',#301,#307,#309,.T.);
#307=VERTEX_POINT('',#308);
#308=CARTESIAN_POINT('',(-1.125,-1.725,2.E-002));
#309=CIRCLE('',#310,0.125);
#310=AXIS2_PLACEMENT_3D('',#311,#49,#14);
#311=CARTESIAN_POINT('',(-1.25,-1.725,2.E-002));
#312=ORIENTED_EDGE('',*,*,#313,.T.);
#313=EDGE_CURVE('',#307,#314,#316,.T.);
#314=VERTEX_POINT('',#315);
#315=CARTESIAN_POINT('',(-1.125,-1.99,2.E-002));
#316=LINE('',#317,#155);
#317=CARTESIAN_POINT('',(-1.125,-5.E-003,2.E-002));
#318=ORIENTED_EDGE('',*,*,#319,.T.);
#319=EDGE_CURVE('',#314,#320,#298,.T.);
#320=VERTEX_POINT('',#321);
#321=CARTESIAN_POINT('',(-0.875,-1.99,2.E-002));
#322=ORIENTED_EDGE('',*,*,#323,.T.);
#323=EDGE_CURVE('',#320,#324,#326,.T.);
#324=VERTEX_POINT('',#325);
#325=CARTESIAN_POINT('',(-0.875,-1.725,2.E-002));
#326=LINE('',#327,#46);
#327=CARTESIAN_POINT('',(-0.875,0.1325,2.E-002));
#328=ORIENTED_EDGE('',*,*,#329,.T.);
#329=EDGE_CURVE('',#324,#330,#332,.T.);
#330=VERTEX_POINT('',#331);
#331=CARTESIAN_POINT('',(-0.625,-1.725,2.E-002));
#332=CIRCLE('',#333,0.125);
#333=AXIS2_PLACEMENT_3D('',#334,#49,#14);
#334=CARTESIAN_POINT('',(-0.75,-1.725,2.E-002));
#335=ORIENTED_EDGE('',*,*,#336,.T.);
#336=EDGE_CURVE('',#330,#337,#339,.T.);
#337=VERTEX_POINT('',#338);
#338=CARTESIAN_POINT('',(-0.625,-1.99,2.E-002));
#339=LINE('',#340,#155);
#340=CARTESIAN_POINT('',(-0.625,-5.E-003,2.E-002));
#341=ORIENTED_EDGE('',*,*,#342,.T.);
#342=EDGE_CURVE('',#337,#343,#298,.T.);
#343=VERTEX_POINT('',#344);
#344=CARTESIAN_POINT('',(-0.375,-1.99,2.E-002));
#345=ORIENTED_EDGE('',*,*,#346,.T.);
#346=EDGE_CURVE('',#343,#347,#349,.T.);
#347=VERTEX_POINT('',#348);
#348=CARTESIAN_POINT('',(-0.375,-1.725,2.E-002));
#349=LINE('',#350,#46);
#350=CARTESIAN_POINT('',(-0.375,0.1325,2.E-002));
#351=ORIENTED_EDGE('',*,*,#352,.T.);
#352=EDGE_CURVE('',#347,#353,#355,.T.);
#353=VERTEX_POINT('',#354);
#354=CARTESIAN_POINT('',(-0.125,-1.725,2.E-002));
#355=CIRCLE('',#356,0.125);
#356=AXIS2_PLACEMENT_3D('',#357,#49,#14);
#357=CARTESIAN_POINT('',(-0.25,-1.725,2.E-002));
#358=ORIENTED_EDGE('',*,*,#359,.T.);
#359=EDGE_CURVE('',#353,#360,#362,.T.);
#360=VERTEX_POINT('',#361);
#361=CARTESIAN_POINT('',(-0.125,-1.99,2.E-002));
#362=LINE('',#363,#155);
#363=CARTESIAN_POINT('',(-0.125,-5.E-003,2.E-002));
#364=ORIENTED_EDGE('',*,*,#365,.T.);
#365=EDGE_CURVE('',#360,#366,#298,.T.);
#366=VERTEX_POINT('',#367);
#367=CARTESIAN_POINT('',(0.125,-1.99,2.E-002));
#368=ORIENTED_EDGE('',*,*,#369,.T.);
#369=EDGE_CURVE('',#366,#370,#372,.T.);
#370=VERTEX_POINT('',#371);
#371=CARTESIAN_POINT('',(0.125,-1.725,2.E-002));
#372=LINE('',#373,#46);
#373=CARTESIAN_POINT('',(0.125,0.1325,2.E-002));
#374=ORIENTED_EDGE('',*,*,#375,.T.);
#375=EDGE_CURVE('',#370,#376,#378,.T.);
#376=VERTEX_POINT('',#377);
#377=CARTESIAN_POINT('',(0.375,-1.725,2.E-002));
#378=CIRCLE('',#379,0.125);
#379=AXIS2_PLACEMENT_3D('',#380,#49,#14);
#380=CARTESIAN_POINT('',(0.25,-1.725,2.E-002));
#381=ORIENTED_EDGE('',*,*,#382,.T.);
#382=EDGE_CURVE('',#376,#383,#385,.T.);
#383=VERTEX_POINT('',#384);
#384=CARTESIAN_POINT('',(0.375,-1.99,2.E-002));
#385=LINE('',#386,#155);
#386=CARTESIAN_POINT('',(0.375,-5.000000000001E-003,2.E-002));
#387=ORIENTED_EDGE('',*,*,#388,.T.);
#388=EDGE_CURVE('',#383,#389,#298,.T.);
#389=VERTEX_POINT('',#390);
#390=CARTESIAN_POINT('',(0.625,-1.99,2.E-002));
#391=ORIENTED_EDGE('',*,*,#392,.T.);
#392=EDGE_CURVE('',#389,#393,#395,.T.);
#393=VERTEX_POINT('',#394);
#394=CARTESIAN_POINT('',(0.625,-1.725,2.E-002));
#395=LINE('',#396,#46);
#396=CARTESIAN_POINT('',(0.625,0.1325,2.E-002));
#397=ORIENTED_EDGE('',*,*,#398,.T.);
#398=EDGE_CURVE('',#393,#399,#401,.T.);
#399=VERTEX_POINT('',#400);
#400=CARTESIAN_POINT('',(0.875,-1.725,2.E-002));
#401=CIRCLE('',#402,0.125);
#402=AXIS2_PLACEMENT_3D('',#403,#49,#14);
#403=CARTESIAN_POINT('',(0.75,-1.725,2.E-002));
#404=ORIENTED_EDGE('',*,*,#405,.T.);
#405=EDGE_CURVE('',#399,#406,#408,.T.);
#406=VERTEX_POINT('',#407);
#407=CARTESIAN_POINT('',(0.875,-1.99,2.E-002));
#408=LINE('',#409,#155);
#409=CARTESIAN_POINT('',(0.875,-5.000000000001E-003,2.E-002));
#410=ORIENTED_EDGE('',*,*,#411,.T.);
#411=EDGE_CURVE('',#406,#412,#298,.T.);
#412=VERTEX_POINT('',#413);
#413=CARTESIAN_POINT('',(1.125,-1.99,2.E-002));
#414=ORIENTED_EDGE('',*,*,#415,.T.);
#415=EDGE_CURVE('',#412,#416,#418,.T.);
#416=VERTEX_POINT('',#417);
#417=CARTESIAN_POINT('',(1.125,-1.725,2.E-002));
#418=LINE('',#419,#46);
#419=CARTESIAN_POINT('',(1.125,0.1325,2.E-002));
#420=ORIENTED_EDGE('',*,*,#421,.T.);
#421=EDGE_CURVE('',#416,#422,#424,.T.);
#422=VERTEX_POINT('',#423);
#423=CARTESIAN_POINT('',(1.375,-1.725,2.E-002));
#424=CIRCLE('',#425,0.125);
#425=AXIS2_PLACEMENT_3D('',#426,#49,#14);
#426=CARTESIAN_POINT('',(1.25,-1.725,2.E-002));
#427=ORIENTED_EDGE('',*,*,#428,.T.);
#428=EDGE_CURVE('',#422,#429,#431,.T.);
#429=VERTEX_POINT('',#430);
#430=CARTESIAN_POINT('',(1.375,-1.99,2.E-002));
#431=LINE('',#432,#155);
#432=CARTESIAN_POINT('',(1.375,-5.000000000001E-003,2.E-002));
#433=ORIENTED_EDGE('',*,*,#434,.T.);
#434=EDGE_CURVE('',#429,#435,#298,.T.);
#435=VERTEX_POINT('',#436);
#436=CARTESIAN_POINT('',(1.99,-1.99,2.E-002));
#437=ORIENTED_EDGE('',*,*,#438,.F.);
#438=EDGE_CURVE('',#439,#435,#441,.T.);
#439=VERTEX_POINT('',#440);
#440=CARTESIAN_POINT('',(1.99,-1.375,2.E-002));
#441=LINE('',#442,#155);
#442=CARTESIAN_POINT('',(1.99,1.99,2.E-002));
#443=ORIENTED_EDGE('',*,*,#444,.T.);
#444=EDGE_CURVE('',#439,#445,#447,.T.);
#445=VERTEX_POINT('',#446);
#446=CARTESIAN_POINT('',(1.725,-1.375,2.E-002));
#447=LINE('',#448,#27);
#448=CARTESIAN_POINT('',(-0.1325,-1.375,2.E-002));
#449=ORIENTED_EDGE('',*,*,#450,.T.);
#450=EDGE_CURVE('',#445,#451,#453,.T.);
#451=VERTEX_POINT('',#452);
#452=CARTESIAN_POINT('',(1.725,-1.125,2.E-002));
#453=CIRCLE('',#454,0.125);
#454=AXIS2_PLACEMENT_3D('',#455,#49,#36);
#455=CARTESIAN_POINT('',(1.725,-1.25,2.E-002));
#456=ORIENTED_EDGE('',*,*,#457,.T.);
#457=EDGE_CURVE('',#451,#458,#460,.T.);
#458=VERTEX_POINT('',#459);
#459=CARTESIAN_POINT('',(1.99,-1.125,2.E-002));
#460=LINE('',#461,#42);
#461=CARTESIAN_POINT('',(5.E-003,-1.125,2.E-002));
#462=ORIENTED_EDGE('',*,*,#463,.F.);
#463=EDGE_CURVE('',#464,#458,#441,.T.);
#464=VERTEX_POINT('',#465);
#465=CARTESIAN_POINT('',(1.99,-0.875,2.E-002));
#466=ORIENTED_EDGE('',*,*,#467,.T.);
#467=EDGE_CURVE('',#464,#468,#470,.T.);
#468=VERTEX_POINT('',#469);
#469=CARTESIAN_POINT('',(1.725,-0.875,2.E-002));
#470=LINE('',#471,#27);
#471=CARTESIAN_POINT('',(-0.1325,-0.875,2.E-002));
#472=ORIENTED_EDGE('',*,*,#473,.T.);
#473=EDGE_CURVE('',#468,#474,#476,.T.);
#474=VERTEX_POINT('',#475);
#475=CARTESIAN_POINT('',(1.725,-0.625,2.E-002));
#476=CIRCLE('',#477,0.125);
#477=AXIS2_PLACEMENT_3D('',#478,#49,#36);
#478=CARTESIAN_POINT('',(1.725,-0.75,2.E-002));
#479=ORIENTED_EDGE('',*,*,#480,.T.);
#480=EDGE_CURVE('',#474,#481,#483,.T.);
#481=VERTEX_POINT('',#482);
#482=CARTESIAN_POINT('',(1.99,-0.625,2.E-002));
#483=LINE('',#484,#42);
#484=CARTESIAN_POINT('',(5.E-003,-0.625,2.E-002));
#485=ORIENTED_EDGE('',*,*,#486,.F.);
#486=EDGE_CURVE('',#487,#481,#441,.T.);
#487=VERTEX_POINT('',#488);
#488=CARTESIAN_POINT('',(1.99,-0.375,2.E-002));
#489=ORIENTED_EDGE('',*,*,#490,.T.);
#490=EDGE_CURVE('',#487,#491,#493,.T.);
#491=VERTEX_POINT('',#492);
#492=CARTESIAN_POINT('',(1.725,-0.375,2.E-002));
#493=LINE('',#494,#27);
#494=CARTESIAN_POINT('',(-0.1325,-0.375,2.E-002));
#495=ORIENTED_EDGE('',*,*,#496,.T.);
#496=EDGE_CURVE('',#491,#497,#499,.T.);
#497=VERTEX_POINT('',#498);
#498=CARTESIAN_POINT('',(1.725,-0.125,2.E-002));
#499=CIRCLE('',#500,0.125);
#500=AXIS2_PLACEMENT_3D('',#501,#49,#36);
#501=CARTESIAN_POINT('',(1.725,-0.25,2.E-002));
#502=ORIENTED_EDGE('',*,*,#503,.T.);
#503=EDGE_CURVE('',#497,#504,#506,.T.);
#504=VERTEX_POINT('',#505);
#505=CARTESIAN_POINT('',(1.99,-0.125,2.E-002));
#506=LINE('',#507,#42);
#507=CARTESIAN_POINT('',(5.E-003,-0.125,2.E-002));
#508=ORIENTED_EDGE('',*,*,#509,.F.);
#509=EDGE_CURVE('',#510,#504,#441,.T.);
#510=VERTEX_POINT('',#511);
#511=CARTESIAN_POINT('',(1.99,0.125,2.E-002));
#512=ORIENTED_EDGE('',*,*,#513,.T.);
#513=EDGE_CURVE('',#510,#514,#516,.T.);
#514=VERTEX_POINT('',#515);
#515=CARTESIAN_POINT('',(1.725,0.125,2.E-002));
#516=LINE('',#517,#27);
#517=CARTESIAN_POINT('',(-0.1325,0.125,2.E-002));
#518=ORIENTED_EDGE('',*,*,#519,.T.);
#519=EDGE_CURVE('',#514,#520,#522,.T.);
#520=VERTEX_POINT('',#521);
#521=CARTESIAN_POINT('',(1.725,0.375,2.E-002));
#522=CIRCLE('',#523,0.125);
#523=AXIS2_PLACEMENT_3D('',#524,#49,#36);
#524=CARTESIAN_POINT('',(1.725,0.25,2.E-002));
#525=ORIENTED_EDGE('',*,*,#526,.T.);
#526=EDGE_CURVE('',#520,#527,#529,.T.);
#527=VERTEX_POINT('',#528);
#528=CARTESIAN_POINT('',(1.99,0.375,2.E-002));
#529=LINE('',#530,#42);
#530=CARTESIAN_POINT('',(5.E-003,0.375,2.E-002));
#531=ORIENTED_EDGE('',*,*,#532,.F.);
#532=EDGE_CURVE('',#533,#527,#441,.T.);
#533=VERTEX_POINT('',#534);
#534=CARTESIAN_POINT('',(1.99,0.625,2.E-002));
#535=ORIENTED_EDGE('',*,*,#536,.T.);
#536=EDGE_CURVE('',#533,#537,#539,.T.);
#537=VERTEX_POINT('',#538);
#538=CARTESIAN_POINT('',(1.725,0.625,2.E-002));
#539=LINE('',#540,#27);
#540=CARTESIAN_POINT('',(-0.1325,0.625,2.E-002));
#541=ORIENTED_EDGE('',*,*,#542,.T.);
#542=EDGE_CURVE('',#537,#543,#545,.T.);
#543=VERTEX_POINT('',#544);
#544=CARTESIAN_POINT('',(1.725,0.875,2.E-002));
#545=CIRCLE('',#546,0.125);
#546=AXIS2_PLACEMENT_3D('',#547,#49,#36);
#547=CARTESIAN_POINT('',(1.725,0.75,2.E-002));
#548=ORIENTED_EDGE('',*,*,#549,.T.);
#549=EDGE_CURVE('',#543,#550,#552,.T.);
#550=VERTEX_POINT('',#551);
#551=CARTESIAN_POINT('',(1.99,0.875,2.E-002));
#552=LINE('',#553,#42);
#553=CARTESIAN_POINT('',(5.E-003,0.875,2.E-002));
#554=ORIENTED_EDGE('',*,*,#555,.F.);
#555=EDGE_CURVE('',#108,#550,#441,.T.);
#556=ORIENTED_EDGE('',*,*,#107,.T.);
#557=ORIENTED_EDGE('',*,*,#90,.T.);
#558=ORIENTED_EDGE('',*,*,#74,.T.);
#559=ORIENTED_EDGE('',*,*,#560,.F.);
#560=EDGE_CURVE('',#561,#68,#441,.T.);
#561=VERTEX_POINT('',#442);
#562=ORIENTED_EDGE('',*,*,#563,.F.);
#563=EDGE_CURVE('',#564,#561,#149,.T.);
#564=VERTEX_POINT('',#565);
#565=CARTESIAN_POINT('',(1.375,1.99,2.E-002));
#566=ORIENTED_EDGE('',*,*,#567,.T.);
#567=EDGE_CURVE('',#564,#568,#570,.T.);
#568=VERTEX_POINT('',#569);
#569=CARTESIAN_POINT('',(1.375,1.725,2.E-002));
#570=LINE('',#571,#155);
#571=CARTESIAN_POINT('',(1.375,1.8575,2.E-002));
#572=ORIENTED_EDGE('',*,*,#573,.T.);
#573=EDGE_CURVE('',#568,#574,#576,.T.);
#574=VERTEX_POINT('',#575);
#575=CARTESIAN_POINT('',(1.125,1.725,2.E-002));
#576=CIRCLE('',#577,0.125);
#577=AXIS2_PLACEMENT_3D('',#578,#49,#28);
#578=CARTESIAN_POINT('',(1.25,1.725,2.E-002));
#579=ORIENTED_EDGE('',*,*,#580,.T.);
#580=EDGE_CURVE('',#574,#581,#583,.T.);
#581=VERTEX_POINT('',#582);
#582=CARTESIAN_POINT('',(1.125,1.99,2.E-002));
#583=LINE('',#584,#46);
#584=CARTESIAN_POINT('',(1.125,1.995,2.E-002));
#585=ORIENTED_EDGE('',*,*,#586,.F.);
#586=EDGE_CURVE('',#587,#581,#149,.T.);
#587=VERTEX_POINT('',#588);
#588=CARTESIAN_POINT('',(0.875,1.99,2.E-002));
#589=ORIENTED_EDGE('',*,*,#590,.T.);
#590=EDGE_CURVE('',#587,#591,#593,.T.);
#591=VERTEX_POINT('',#592);
#592=CARTESIAN_POINT('',(0.875,1.725,2.E-002));
#593=LINE('',#594,#155);
#594=CARTESIAN_POINT('',(0.875,1.8575,2.E-002));
#595=ORIENTED_EDGE('',*,*,#596,.T.);
#596=EDGE_CURVE('',#591,#597,#599,.T.);
#597=VERTEX_POINT('',#598);
#598=CARTESIAN_POINT('',(0.625,1.725,2.E-002));
#599=CIRCLE('',#600,0.125);
#600=AXIS2_PLACEMENT_3D('',#601,#49,#28);
#601=CARTESIAN_POINT('',(0.75,1.725,2.E-002));
#602=ORIENTED_EDGE('',*,*,#603,.T.);
#603=EDGE_CURVE('',#597,#604,#606,.T.);
#604=VERTEX_POINT('',#605);
#605=CARTESIAN_POINT('',(0.625,1.99,2.E-002));
#606=LINE('',#607,#46);
#607=CARTESIAN_POINT('',(0.625,1.995,2.E-002));
#608=ORIENTED_EDGE('',*,*,#609,.F.);
#609=EDGE_CURVE('',#610,#604,#149,.T.);
#610=VERTEX_POINT('',#611);
#611=CARTESIAN_POINT('',(0.375,1.99,2.E-002));
#612=ORIENTED_EDGE('',*,*,#613,.T.);
#613=EDGE_CURVE('',#610,#614,#616,.T.);
#614=VERTEX_POINT('',#615);
#615=CARTESIAN_POINT('',(0.375,1.725,2.E-002));
#616=LINE('',#617,#155);
#617=CARTESIAN_POINT('',(0.375,1.8575,2.E-002));
#618=ORIENTED_EDGE('',*,*,#619,.T.);
#619=EDGE_CURVE('',#614,#620,#622,.T.);
#620=VERTEX_POINT('',#621);
#621=CARTESIAN_POINT('',(0.125,1.725,2.E-002));
#622=CIRCLE('',#623,0.125);
#623=AXIS2_PLACEMENT_3D('',#624,#49,#28);
#624=CARTESIAN_POINT('',(0.25,1.725,2.E-002));
#625=ORIENTED_EDGE('',*,*,#626,.T.);
#626=EDGE_CURVE('',#620,#627,#629,.T.);
#627=VERTEX_POINT('',#628);
#628=CARTESIAN_POINT('',(0.125,1.99,2.E-002));
#629=LINE('',#630,#46);
#630=CARTESIAN_POINT('',(0.125,1.995,2.E-002));
#631=ORIENTED_EDGE('',*,*,#632,.F.);
#632=EDGE_CURVE('',#633,#627,#149,.T.);
#633=VERTEX_POINT('',#634);
#634=CARTESIAN_POINT('',(-0.125,1.99,2.E-002));
#635=ORIENTED_EDGE('',*,*,#636,.T.);
#636=EDGE_CURVE('',#633,#637,#639,.T.);
#637=VERTEX_POINT('',#638);
#638=CARTESIAN_POINT('',(-0.125,1.725,2.E-002));
#639=LINE('',#640,#155);
#640=CARTESIAN_POINT('',(-0.125,1.8575,2.E-002));
#641=ORIENTED_EDGE('',*,*,#642,.T.);
#642=EDGE_CURVE('',#637,#643,#645,.T.);
#643=VERTEX_POINT('',#644);
#644=CARTESIAN_POINT('',(-0.375,1.725,2.E-002));
#645=CIRCLE('',#646,0.125);
#646=AXIS2_PLACEMENT_3D('',#647,#49,#28);
#647=CARTESIAN_POINT('',(-0.25,1.725,2.E-002));
#648=ORIENTED_EDGE('',*,*,#649,.T.);
#649=EDGE_CURVE('',#643,#650,#652,.T.);
#650=VERTEX_POINT('',#651);
#651=CARTESIAN_POINT('',(-0.375,1.99,2.E-002));
#652=LINE('',#653,#46);
#653=CARTESIAN_POINT('',(-0.375,1.995,2.E-002));
#654=ORIENTED_EDGE('',*,*,#655,.F.);
#655=EDGE_CURVE('',#656,#650,#149,.T.);
#656=VERTEX_POINT('',#657);
#657=CARTESIAN_POINT('',(-0.625,1.99,2.E-002));
#658=ORIENTED_EDGE('',*,*,#659,.T.);
#659=EDGE_CURVE('',#656,#660,#662,.T.);
#660=VERTEX_POINT('',#661);
#661=CARTESIAN_POINT('',(-0.625,1.725,2.E-002));
#662=LINE('',#663,#155);
#663=CARTESIAN_POINT('',(-0.625,1.8575,2.E-002));
#664=ORIENTED_EDGE('',*,*,#665,.T.);
#665=EDGE_CURVE('',#660,#666,#668,.T.);
#666=VERTEX_POINT('',#667);
#667=CARTESIAN_POINT('',(-0.875,1.725,2.E-002));
#668=CIRCLE('',#669,0.125);
#669=AXIS2_PLACEMENT_3D('',#670,#49,#28);
#670=CARTESIAN_POINT('',(-0.75,1.725,2.E-002));
#671=ORIENTED_EDGE('',*,*,#672,.T.);
#672=EDGE_CURVE('',#666,#673,#675,.T.);
#673=VERTEX_POINT('',#674);
#674=CARTESIAN_POINT('',(-0.875,1.99,2.E-002));
#675=LINE('',#676,#46);
#676=CARTESIAN_POINT('',(-0.875,1.995,2.E-002));
#677=ORIENTED_EDGE('',*,*,#678,.F.);
#678=EDGE_CURVE('',#679,#673,#149,.T.);
#679=VERTEX_POINT('',#680);
#680=CARTESIAN_POINT('',(-1.125,1.99,2.E-002));
#681=ORIENTED_EDGE('',*,*,#682,.T.);
#682=EDGE_CURVE('',#679,#683,#685,.T.);
#683=VERTEX_POINT('',#684);
#684=CARTESIAN_POINT('',(-1.125,1.725,2.E-002));
#685=LINE('',#686,#155);
#686=CARTESIAN_POINT('',(-1.125,1.8575,2.E-002));
#687=ORIENTED_EDGE('',*,*,#688,.T.);
#688=EDGE_CURVE('',#683,#689,#691,.T.);
#689=VERTEX_POINT('',#690);
#690=CARTESIAN_POINT('',(-1.375,1.725,2.E-002));
#691=CIRCLE('',#692,0.125);
#692=AXIS2_PLACEMENT_3D('',#693,#49,#28);
#693=CARTESIAN_POINT('',(-1.25,1.725,2.E-002));
#694=ORIENTED_EDGE('',*,*,#695,.T.);
#695=EDGE_CURVE('',#689,#147,#696,.T.);
#696=LINE('',#697,#46);
#697=CARTESIAN_POINT('',(-1.375,1.995,2.E-002));
#698=PLANE('',#699);
#699=AXIS2_PLACEMENT_3D('',#146,#13,#50);
#700=ADVANCED_FACE('',(#701),#800,.T.);
#701=FACE_BOUND('',#702,.T.);
#702=EDGE_LOOP('',(#559,#703,#708,#713,#437,#716,#722,#728,#462,#732,#738,#744,#485,#748,#754,#760,#508,#764,#770,#776,#531,#780,#786,#792,#554,#112,#796,#66));
#703=ORIENTED_EDGE('',*,*,#704,.T.);
#704=EDGE_CURVE('',#561,#705,#707,.T.);
#705=VERTEX_POINT('',#706);
#706=CARTESIAN_POINT('',(1.99,1.99,0.77));
#707=LINE('',#442,#60);
#708=ORIENTED_EDGE('',*,*,#709,.T.);
#709=EDGE_CURVE('',#705,#710,#712,.T.);
#710=VERTEX_POINT('',#711);
#711=CARTESIAN_POINT('',(1.99,-1.99,0.77));
#712=LINE('',#706,#155);
#713=ORIENTED_EDGE('',*,*,#714,.F.);
#714=EDGE_CURVE('',#435,#710,#715,.T.);
#715=LINE('',#436,#60);
#716=ORIENTED_EDGE('',*,*,#717,.T.);
#717=EDGE_CURVE('',#439,#718,#720,.T.);
#718=VERTEX_POINT('',#719);
#719=CARTESIAN_POINT('',(1.99,-1.375,0.2));
#720=LINE('',#721,#60);
#721=CARTESIAN_POINT('',(1.99,-1.375,1.E-002));
#722=ORIENTED_EDGE('',*,*,#723,.T.);
#723=EDGE_CURVE('',#718,#724,#726,.T.);
#724=VERTEX_POINT('',#725);
#725=CARTESIAN_POINT('',(1.99,-1.125,0.2));
#726=LINE('',#727,#46);
#727=CARTESIAN_POINT('',(1.99,0.4325,0.2));
#728=ORIENTED_EDGE('',*,*,#729,.T.);
#729=EDGE_CURVE('',#724,#458,#730,.T.);
#730=LINE('',#731,#72);
#731=CARTESIAN_POINT('',(1.99,-1.125,1.E-002));
#732=ORIENTED_EDGE('',*,*,#733,.T.);
#733=EDGE_CURVE('',#464,#734,#736,.T.);
#734=VERTEX_POINT('',#735);
#735=CARTESIAN_POINT('',(1.99,-0.875,0.2));
#736=LINE('',#737,#60);
#737=CARTESIAN_POINT('',(1.99,-0.875,1.E-002));
#738=ORIENTED_EDGE('',*,*,#739,.T.);
#739=EDGE_CURVE('',#734,#740,#742,.T.);
#740=VERTEX_POINT('',#741);
#741=CARTESIAN_POINT('',(1.99,-0.625,0.2));
#742=LINE('',#743,#46);
#743=CARTESIAN_POINT('',(1.99,0.6825,0.2));
#744=ORIENTED_EDGE('',*,*,#745,.T.);
#745=EDGE_CURVE('',#740,#481,#746,.T.);
#746=LINE('',#747,#72);
#747=CARTESIAN_POINT('',(1.99,-0.625,1.E-002));
#748=ORIENTED_EDGE('',*,*,#749,.T.);
#749=EDGE_CURVE('',#487,#750,#752,.T.);
#750=VERTEX_POINT('',#751);
#751=CARTESIAN_POINT('',(1.99,-0.375,0.2));
#752=LINE('',#753,#60);
#753=CARTESIAN_POINT('',(1.99,-0.375,1.E-002));
#754=ORIENTED_EDGE('',*,*,#755,.T.);
#755=EDGE_CURVE('',#750,#756,#758,.T.);
#756=VERTEX_POINT('',#757);
#757=CARTESIAN_POINT('',(1.99,-0.125,0.2));
#758=LINE('',#759,#46);
#759=CARTESIAN_POINT('',(1.99,0.9325,0.2));
#760=ORIENTED_EDGE('',*,*,#761,.T.);
#761=EDGE_CURVE('',#756,#504,#762,.T.);
#762=LINE('',#763,#72);
#763=CARTESIAN_POINT('',(1.99,-0.125,1.E-002));
#764=ORIENTED_EDGE('',*,*,#765,.T.);
#765=EDGE_CURVE('',#510,#766,#768,.T.);
#766=VERTEX_POINT('',#767);
#767=CARTESIAN_POINT('',(1.99,0.125,0.2));
#768=LINE('',#769,#60);
#769=CARTESIAN_POINT('',(1.99,0.125,1.E-002));
#770=ORIENTED_EDGE('',*,*,#771,.T.);
#771=EDGE_CURVE('',#766,#772,#774,.T.);
#772=VERTEX_POINT('',#773);
#773=CARTESIAN_POINT('',(1.99,0.375,0.2));
#774=LINE('',#775,#46);
#775=CARTESIAN_POINT('',(1.99,1.1825,0.2));
#776=ORIENTED_EDGE('',*,*,#777,.T.);
#777=EDGE_CURVE('',#772,#527,#778,.T.);
#778=LINE('',#779,#72);
#779=CARTESIAN_POINT('',(1.99,0.375,1.E-002));
#780=ORIENTED_EDGE('',*,*,#781,.T.);
#781=EDGE_CURVE('',#533,#782,#784,.T.);
#782=VERTEX_POINT('',#783);
#783=CARTESIAN_POINT('',(1.99,0.625,0.2));
#784=LINE('',#785,#60);
#785=CARTESIAN_POINT('',(1.99,0.625,1.E-002));
#786=ORIENTED_EDGE('',*,*,#787,.T.);
#787=EDGE_CURVE('',#782,#788,#790,.T.);
#788=VERTEX_POINT('',#789);
#789=CARTESIAN_POINT('',(1.99,0.875,0.2));
#790=LINE('',#791,#46);
#791=CARTESIAN_POINT('',(1.99,1.4325,0.2));
#792=ORIENTED_EDGE('',*,*,#793,.T.);
#793=EDGE_CURVE('',#788,#550,#794,.T.);
#794=LINE('',#795,#72);
#795=CARTESIAN_POINT('',(1.99,0.875,1.E-002));
#796=ORIENTED_EDGE('',*,*,#797,.T.);
#797=EDGE_CURVE('',#114,#63,#798,.T.);
#798=LINE('',#799,#46);
#799=CARTESIAN_POINT('',(1.99,1.6825,0.2));
#800=PLANE('',#801);
#801=AXIS2_PLACEMENT_3D('',#442,#14,#13);
#802=ADVANCED_FACE('',(#803),#808,.F.);
#803=FACE_BOUND('',#804,.F.);
#804=EDGE_LOOP('',(#805,#806,#807,#796));
#805=ORIENTED_EDGE('',*,*,#62,.F.);
#806=ORIENTED_EDGE('',*,*,#134,.F.);
#807=ORIENTED_EDGE('',*,*,#119,.F.);
#808=PLANE('',#809);
#809=AXIS2_PLACEMENT_3D('',#58,#49,#50);
#810=ADVANCED_FACE('',(#811),#924,.F.);
#811=FACE_BOUND('',#812,.F.);
#812=EDGE_LOOP('',(#813,#818,#821,#822,#828,#834,#838,#839,#845,#851,#855,#856,#862,#868,#872,#873,#879,#885,#889,#890,#896,#902,#906,#907,#913,#919,#923,#703));
#813=ORIENTED_EDGE('',*,*,#814,.F.);
#814=EDGE_CURVE('',#815,#705,#817,.T.);
#815=VERTEX_POINT('',#816);
#816=CARTESIAN_POINT('',(-1.99,1.99,0.77));
#817=LINE('',#816,#42);
#818=ORIENTED_EDGE('',*,*,#819,.F.);
#819=EDGE_CURVE('',#145,#815,#820,.T.);
#820=LINE('',#146,#60);
#821=ORIENTED_EDGE('',*,*,#144,.T.);
#822=ORIENTED_EDGE('',*,*,#823,.T.);
#823=EDGE_CURVE('',#147,#824,#826,.T.);
#824=VERTEX_POINT('',#825);
#825=CARTESIAN_POINT('',(-1.375,1.99,0.2));
#826=LINE('',#827,#60);
#827=CARTESIAN_POINT('',(-1.375,1.99,1.E-002));
#828=ORIENTED_EDGE('',*,*,#829,.T.);
#829=EDGE_CURVE('',#824,#830,#832,.T.);
#830=VERTEX_POINT('',#831);
#831=CARTESIAN_POINT('',(-1.125,1.99,0.2));
#832=LINE('',#833,#42);
#833=CARTESIAN_POINT('',(-1.6825,1.99,0.2));
#834=ORIENTED_EDGE('',*,*,#835,.T.);
#835=EDGE_CURVE('',#830,#679,#836,.T.);
#836=LINE('',#837,#72);
#837=CARTESIAN_POINT('',(-1.125,1.99,1.E-002));
#838=ORIENTED_EDGE('',*,*,#678,.T.);
#839=ORIENTED_EDGE('',*,*,#840,.T.);
#840=EDGE_CURVE('',#673,#841,#843,.T.);
#841=VERTEX_POINT('',#842);
#842=CARTESIAN_POINT('',(-0.875,1.99,0.2));
#843=LINE('',#844,#60);
#844=CARTESIAN_POINT('',(-0.875,1.99,1.E-002));
#845=ORIENTED_EDGE('',*,*,#846,.T.);
#846=EDGE_CURVE('',#841,#847,#849,.T.);
#847=VERTEX_POINT('',#848);
#848=CARTESIAN_POINT('',(-0.625,1.99,0.2));
#849=LINE('',#850,#42);
#850=CARTESIAN_POINT('',(-1.4325,1.99,0.2));
#851=ORIENTED_EDGE('',*,*,#852,.T.);
#852=EDGE_CURVE('',#847,#656,#853,.T.);
#853=LINE('',#854,#72);
#854=CARTESIAN_POINT('',(-0.625,1.99,1.E-002));
#855=ORIENTED_EDGE('',*,*,#655,.T.);
#856=ORIENTED_EDGE('',*,*,#857,.T.);
#857=EDGE_CURVE('',#650,#858,#860,.T.);
#858=VERTEX_POINT('',#859);
#859=CARTESIAN_POINT('',(-0.375,1.99,0.2));
#860=LINE('',#861,#60);
#861=CARTESIAN_POINT('',(-0.375,1.99,1.E-002));
#862=ORIENTED_EDGE('',*,*,#863,.T.);
#863=EDGE_CURVE('',#858,#864,#866,.T.);
#864=VERTEX_POINT('',#865);
#865=CARTESIAN_POINT('',(-0.125,1.99,0.2));
#866=LINE('',#867,#42);
#867=CARTESIAN_POINT('',(-1.1825,1.99,0.2));
#868=ORIENTED_EDGE('',*,*,#869,.T.);
#869=EDGE_CURVE('',#864,#633,#870,.T.);
#870=LINE('',#871,#72);
#871=CARTESIAN_POINT('',(-0.125,1.99,1.E-002));
#872=ORIENTED_EDGE('',*,*,#632,.T.);
#873=ORIENTED_EDGE('',*,*,#874,.T.);
#874=EDGE_CURVE('',#627,#875,#877,.T.);
#875=VERTEX_POINT('',#876);
#876=CARTESIAN_POINT('',(0.125,1.99,0.2));
#877=LINE('',#878,#60);
#878=CARTESIAN_POINT('',(0.125,1.99,1.E-002));
#879=ORIENTED_EDGE('',*,*,#880,.T.);
#880=EDGE_CURVE('',#875,#881,#883,.T.);
#881=VERTEX_POINT('',#882);
#882=CARTESIAN_POINT('',(0.375,1.99,0.2));
#883=LINE('',#884,#42);
#884=CARTESIAN_POINT('',(-0.9325,1.99,0.2));
#885=ORIENTED_EDGE('',*,*,#886,.T.);
#886=EDGE_CURVE('',#881,#610,#887,.T.);
#887=LINE('',#888,#72);
#888=CARTESIAN_POINT('',(0.375,1.99,1.E-002));
#889=ORIENTED_EDGE('',*,*,#609,.T.);
#890=ORIENTED_EDGE('',*,*,#891,.T.);
#891=EDGE_CURVE('',#604,#892,#894,.T.);
#892=VERTEX_POINT('',#893);
#893=CARTESIAN_POINT('',(0.625,1.99,0.2));
#894=LINE('',#895,#60);
#895=CARTESIAN_POINT('',(0.625,1.99,1.E-002));
#896=ORIENTED_EDGE('',*,*,#897,.T.);
#897=EDGE_CURVE('',#892,#898,#900,.T.);
#898=VERTEX_POINT('',#899);
#899=CARTESIAN_POINT('',(0.875,1.99,0.2));
#900=LINE('',#901,#42);
#901=CARTESIAN_POINT('',(-0.6825,1.99,0.2));
#902=ORIENTED_EDGE('',*,*,#903,.T.);
#903=EDGE_CURVE('',#898,#587,#904,.T.);
#904=LINE('',#905,#72);
#905=CARTESIAN_POINT('',(0.875,1.99,1.E-002));
#906=ORIENTED_EDGE('',*,*,#586,.T.);
#907=ORIENTED_EDGE('',*,*,#908,.T.);
#908=EDGE_CURVE('',#581,#909,#911,.T.);
#909=VERTEX_POINT('',#910);
#910=CARTESIAN_POINT('',(1.125,1.99,0.2));
#911=LINE('',#912,#60);
#912=CARTESIAN_POINT('',(1.125,1.99,1.E-002));
#913=ORIENTED_EDGE('',*,*,#914,.T.);
#914=EDGE_CURVE('',#909,#915,#917,.T.);
#915=VERTEX_POINT('',#916);
#916=CARTESIAN_POINT('',(1.375,1.99,0.2));
#917=LINE('',#918,#42);
#918=CARTESIAN_POINT('',(-0.4325,1.99,0.2));
#919=ORIENTED_EDGE('',*,*,#920,.T.);
#920=EDGE_CURVE('',#915,#564,#921,.T.);
#921=LINE('',#922,#72);
#922=CARTESIAN_POINT('',(1.375,1.99,1.E-002));
#923=ORIENTED_EDGE('',*,*,#563,.T.);
#924=PLANE('',#925);
#925=AXIS2_PLACEMENT_3D('',#146,#50,#13);
#926=ADVANCED_FACE('',(#927),#1041,.F.);
#927=FACE_BOUND('',#928,.F.);
#928=EDGE_LOOP('',(#929,#930,#931,#936,#939,#940,#946,#952,#956,#957,#963,#969,#973,#974,#980,#986,#990,#991,#997,#1003,#1007,#1008,#1014,#1020,#1024,#1025,#1031,#1037));
#929=ORIENTED_EDGE('',*,*,#151,.F.);
#930=ORIENTED_EDGE('',*,*,#819,.T.);
#931=ORIENTED_EDGE('',*,*,#932,.T.);
#932=EDGE_CURVE('',#815,#933,#935,.T.);
#933=VERTEX_POINT('',#934);
#934=CARTESIAN_POINT('',(-1.99,-1.99,0.77));
#935=LINE('',#816,#155);
#936=ORIENTED_EDGE('',*,*,#937,.F.);
#937=EDGE_CURVE('',#292,#933,#938,.T.);
#938=LINE('',#293,#60);
#939=ORIENTED_EDGE('',*,*,#291,.F.);
#940=ORIENTED_EDGE('',*,*,#941,.T.);
#941=EDGE_CURVE('',#286,#942,#944,.T.);
#942=VERTEX_POINT('',#943);
#943=CARTESIAN_POINT('',(-1.99,-1.375,0.2));
#944=LINE('',#945,#60);
#945=CARTESIAN_POINT('',(-1.99,-1.375,1.E-002));
#946=ORIENTED_EDGE('',*,*,#947,.T.);
#947=EDGE_CURVE('',#942,#948,#950,.T.);
#948=VERTEX_POINT('',#949);
#949=CARTESIAN_POINT('',(-1.99,-1.125,0.2));
#950=LINE('',#951,#46);
#951=CARTESIAN_POINT('',(-1.99,0.3075,0.2));
#952=ORIENTED_EDGE('',*,*,#953,.T.);
#953=EDGE_CURVE('',#948,#269,#954,.T.);
#954=LINE('',#955,#72);
#955=CARTESIAN_POINT('',(-1.99,-1.125,1.E-002));
#956=ORIENTED_EDGE('',*,*,#268,.F.);
#957=ORIENTED_EDGE('',*,*,#958,.T.);
#958=EDGE_CURVE('',#263,#959,#961,.T.);
#959=VERTEX_POINT('',#960);
#960=CARTESIAN_POINT('',(-1.99,-0.875,0.2));
#961=LINE('',#962,#60);
#962=CARTESIAN_POINT('',(-1.99,-0.875,1.E-002));
#963=ORIENTED_EDGE('',*,*,#964,.T.);
#964=EDGE_CURVE('',#959,#965,#967,.T.);
#965=VERTEX_POINT('',#966);
#966=CARTESIAN_POINT('',(-1.99,-0.625,0.2));
#967=LINE('',#968,#46);
#968=CARTESIAN_POINT('',(-1.99,0.5575,0.2));
#969=ORIENTED_EDGE('',*,*,#970,.T.);
#970=EDGE_CURVE('',#965,#246,#971,.T.);
#971=LINE('',#972,#72);
#972=CARTESIAN_POINT('',(-1.99,-0.625,1.E-002));
#973=ORIENTED_EDGE('',*,*,#245,.F.);
#974=ORIENTED_EDGE('',*,*,#975,.T.);
#975=EDGE_CURVE('',#240,#976,#978,.T.);
#976=VERTEX_POINT('',#977);
#977=CARTESIAN_POINT('',(-1.99,-0.375,0.2));
#978=LINE('',#979,#60);
#979=CARTESIAN_POINT('',(-1.99,-0.375,1.E-002));
#980=ORIENTED_EDGE('',*,*,#981,.T.);
#981=EDGE_CURVE('',#976,#982,#984,.T.);
#982=VERTEX_POINT('',#983);
#983=CARTESIAN_POINT('',(-1.99,-0.125,0.2));
#984=LINE('',#985,#46);
#985=CARTESIAN_POINT('',(-1.99,0.8075,0.2));
#986=ORIENTED_EDGE('',*,*,#987,.T.);
#987=EDGE_CURVE('',#982,#223,#988,.T.);
#988=LINE('',#989,#72);
#989=CARTESIAN_POINT('',(-1.99,-0.125,1.E-002));
#990=ORIENTED_EDGE('',*,*,#222,.F.);
#991=ORIENTED_EDGE('',*,*,#992,.T.);
#992=EDGE_CURVE('',#217,#993,#995,.T.);
#993=VERTEX_POINT('',#994);
#994=CARTESIAN_POINT('',(-1.99,0.125,0.2));
#995=LINE('',#996,#60);
#996=CARTESIAN_POINT('',(-1.99,0.125,1.E-002));
#997=ORIENTED_EDGE('',*,*,#998,.T.);
#998=EDGE_CURVE('',#993,#999,#1001,.T.);
#999=VERTEX_POINT('',#1000);
#1000=CARTESIAN_POINT('',(-1.99,0.375,0.2));
#1001=LINE('',#1002,#46);
#1002=CARTESIAN_POINT('',(-1.99,1.0575,0.2));
#1003=ORIENTED_EDGE('',*,*,#1004,.T.);
#1004=EDGE_CURVE('',#999,#200,#1005,.T.);
#1005=LINE('',#1006,#72);
#1006=CARTESIAN_POINT('',(-1.99,0.375,1.E-002));
#1007=ORIENTED_EDGE('',*,*,#199,.F.);
#1008=ORIENTED_EDGE('',*,*,#1009,.T.);
#1009=EDGE_CURVE('',#194,#1010,#1012,.T.);
#1010=VERTEX_POINT('',#1011);
#1011=CARTESIAN_POINT('',(-1.99,0.625,0.2));
#1012=LINE('',#1013,#60);
#1013=CARTESIAN_POINT('',(-1.99,0.625,1.E-002));
#1014=ORIENTED_EDGE('',*,*,#1015,.T.);
#1015=EDGE_CURVE('',#1010,#1016,#1018,.T.);
#1016=VERTEX_POINT('',#1017);
#1017=CARTESIAN_POINT('',(-1.99,0.875,0.2));
#1018=LINE('',#1019,#46);
#1019=CARTESIAN_POINT('',(-1.99,1.3075,0.2));
#1020=ORIENTED_EDGE('',*,*,#1021,.T.);
#1021=EDGE_CURVE('',#1016,#177,#1022,.T.);
#1022=LINE('',#1023,#72);
#1023=CARTESIAN_POINT('',(-1.99,0.875,1.E-002));
#1024=ORIENTED_EDGE('',*,*,#176,.F.);
#1025=ORIENTED_EDGE('',*,*,#1026,.T.);
#1026=EDGE_CURVE('',#171,#1027,#1029,.T.);
#1027=VERTEX_POINT('',#1028);
#1028=CARTESIAN_POINT('',(-1.99,1.125,0.2));
#1029=LINE('',#1030,#60);
#1030=CARTESIAN_POINT('',(-1.99,1.125,1.E-002));
#1031=ORIENTED_EDGE('',*,*,#1032,.T.);
#1032=EDGE_CURVE('',#1027,#1033,#1035,.T.);
#1033=VERTEX_POINT('',#1034);
#1034=CARTESIAN_POINT('',(-1.99,1.375,0.2));
#1035=LINE('',#1036,#46);
#1036=CARTESIAN_POINT('',(-1.99,1.5575,0.2));
#1037=ORIENTED_EDGE('',*,*,#1038,.T.);
#1038=EDGE_CURVE('',#1033,#152,#1039,.T.);
#1039=LINE('',#1040,#72);
#1040=CARTESIAN_POINT('',(-1.99,1.375,1.E-002));
#1041=PLANE('',#1042);
#1042=AXIS2_PLACEMENT_3D('',#146,#14,#13);
#1043=ADVANCED_FACE('',(#1044),#1066,.F.);
#1044=FACE_BOUND('',#1045,.F.);
#1045=EDGE_LOOP('',(#1046,#1053,#1058,#1061,#1062,#1063));
#1046=ORIENTED_EDGE('',*,*,#1047,.F.);
#1047=EDGE_CURVE('',#1048,#1050,#1052,.T.);
#1048=VERTEX_POINT('',#1049);
#1049=CARTESIAN_POINT('',(-1.375,2.,0.E+000));
#1050=VERTEX_POINT('',#1051);
#1051=CARTESIAN_POINT('',(-1.375,1.725,0.E+000));
#1052=LINE('',#1049,#155);
#1053=ORIENTED_EDGE('',*,*,#1054,.T.);
#1054=EDGE_CURVE('',#1048,#1055,#1057,.T.);
#1055=VERTEX_POINT('',#1056);
#1056=CARTESIAN_POINT('',(-1.375,2.,0.2));
#1057=LINE('',#1049,#60);
#1058=ORIENTED_EDGE('',*,*,#1059,.T.);
#1059=EDGE_CURVE('',#1055,#824,#1060,.T.);
#1060=LINE('',#1056,#155);
#1061=ORIENTED_EDGE('',*,*,#823,.F.);
#1062=ORIENTED_EDGE('',*,*,#695,.F.);
#1063=ORIENTED_EDGE('',*,*,#1064,.F.);
#1064=EDGE_CURVE('',#1050,#689,#1065,.T.);
#1065=LINE('',#1051,#60);
#1066=PLANE('',#1067);
#1067=AXIS2_PLACEMENT_3D('',#1049,#14,#50);
#1068=ADVANCED_FACE('',(#1069),#1092,.F.);
#1069=FACE_BOUND('',#1070,.F.);
#1070=EDGE_LOOP('',(#1071,#1078,#1081,#1082,#1083,#1089));
#1071=ORIENTED_EDGE('',*,*,#1072,.F.);
#1072=EDGE_CURVE('',#1073,#1075,#1077,.T.);
#1073=VERTEX_POINT('',#1074);
#1074=CARTESIAN_POINT('',(-1.725,1.375,0.E+000));
#1075=VERTEX_POINT('',#1076);
#1076=CARTESIAN_POINT('',(-2.,1.375,0.E+000));
#1077=LINE('',#1074,#27);
#1078=ORIENTED_EDGE('',*,*,#1079,.T.);
#1079=EDGE_CURVE('',#1073,#158,#1080,.T.);
#1080=LINE('',#1074,#60);
#1081=ORIENTED_EDGE('',*,*,#157,.F.);
#1082=ORIENTED_EDGE('',*,*,#1038,.F.);
#1083=ORIENTED_EDGE('',*,*,#1084,.T.);
#1084=EDGE_CURVE('',#1033,#1085,#1087,.T.);
#1085=VERTEX_POINT('',#1086);
#1086=CARTESIAN_POINT('',(-2.,1.375,0.2));
#1087=LINE('',#1088,#27);
#1088=CARTESIAN_POINT('',(-1.725,1.375,0.2));
#1089=ORIENTED_EDGE('',*,*,#1090,.F.);
#1090=EDGE_CURVE('',#1075,#1085,#1091,.T.);
#1091=LINE('',#1076,#60);
#1092=PLANE('',#1093);
#1093=AXIS2_PLACEMENT_3D('',#1074,#50,#28);
#1094=ADVANCED_FACE('',(#1095),#1109,.T.);
#1095=FACE_BOUND('',#1096,.F.);
#1096=EDGE_LOOP('',(#1097,#1104,#1105,#1106));
#1097=ORIENTED_EDGE('',*,*,#1098,.F.);
#1098=EDGE_CURVE('',#1050,#1099,#1101,.T.);
#1099=VERTEX_POINT('',#1100);
#1100=CARTESIAN_POINT('',(-1.125,1.725,0.E+000));
#1101=CIRCLE('',#1102,0.125);
#1102=AXIS2_PLACEMENT_3D('',#1103,#13,#28);
#1103=CARTESIAN_POINT('',(-1.25,1.725,0.E+000));
#1104=ORIENTED_EDGE('',*,*,#1064,.T.);
#1105=ORIENTED_EDGE('',*,*,#688,.F.);
#1106=ORIENTED_EDGE('',*,*,#1107,.F.);
#1107=EDGE_CURVE('',#1099,#683,#1108,.T.);
#1108=LINE('',#1100,#60);
#1109=CYLINDRICAL_SURFACE('',#1110,0.125);
#1110=AXIS2_PLACEMENT_3D('',#1103,#49,#28);
#1111=ADVANCED_FACE('',(#1112),#1126,.T.);
#1112=FACE_BOUND('',#1113,.F.);
#1113=EDGE_LOOP('',(#1114,#1121,#1124,#1125));
#1114=ORIENTED_EDGE('',*,*,#1115,.F.);
#1115=EDGE_CURVE('',#1116,#1073,#1118,.T.);
#1116=VERTEX_POINT('',#1117);
#1117=CARTESIAN_POINT('',(-1.725,1.125,0.E+000));
#1118=CIRCLE('',#1119,0.125);
#1119=AXIS2_PLACEMENT_3D('',#1120,#13,#50);
#1120=CARTESIAN_POINT('',(-1.725,1.25,0.E+000));
#1121=ORIENTED_EDGE('',*,*,#1122,.T.);
#1122=EDGE_CURVE('',#1116,#164,#1123,.T.);
#1123=LINE('',#1117,#60);
#1124=ORIENTED_EDGE('',*,*,#163,.F.);
#1125=ORIENTED_EDGE('',*,*,#1079,.F.);
#1126=CYLINDRICAL_SURFACE('',#1127,0.125);
#1127=AXIS2_PLACEMENT_3D('',#1120,#49,#50);
#1128=ADVANCED_FACE('',(#1129),#1148,.F.);
#1129=FACE_BOUND('',#1130,.F.);
#1130=EDGE_LOOP('',(#1131,#1136,#1137,#1138,#1139,#1145));
#1131=ORIENTED_EDGE('',*,*,#1132,.F.);
#1132=EDGE_CURVE('',#1099,#1133,#1135,.T.);
#1133=VERTEX_POINT('',#1134);
#1134=CARTESIAN_POINT('',(-1.125,2.,0.E+000));
#1135=LINE('',#1100,#46);
#1136=ORIENTED_EDGE('',*,*,#1107,.T.);
#1137=ORIENTED_EDGE('',*,*,#682,.F.);
#1138=ORIENTED_EDGE('',*,*,#835,.F.);
#1139=ORIENTED_EDGE('',*,*,#1140,.T.);
#1140=EDGE_CURVE('',#830,#1141,#1143,.T.);
#1141=VERTEX_POINT('',#1142);
#1142=CARTESIAN_POINT('',(-1.125,2.,0.2));
#1143=LINE('',#1144,#46);
#1144=CARTESIAN_POINT('',(-1.125,1.725,0.2));
#1145=ORIENTED_EDGE('',*,*,#1146,.F.);
#1146=EDGE_CURVE('',#1133,#1141,#1147,.T.);
#1147=LINE('',#1134,#60);
#1148=PLANE('',#1149);
#1149=AXIS2_PLACEMENT_3D('',#1100,#28,#36);
#1150=ADVANCED_FACE('',(#1151),#1169,.F.);
#1151=FACE_BOUND('',#1152,.F.);
#1152=EDGE_LOOP('',(#1153,#1158,#1163,#1166,#1167,#1168));
#1153=ORIENTED_EDGE('',*,*,#1154,.F.);
#1154=EDGE_CURVE('',#1155,#1116,#1157,.T.);
#1155=VERTEX_POINT('',#1156);
#1156=CARTESIAN_POINT('',(-2.,1.125,0.E+000));
#1157=LINE('',#1156,#42);
#1158=ORIENTED_EDGE('',*,*,#1159,.T.);
#1159=EDGE_CURVE('',#1155,#1160,#1162,.T.);
#1160=VERTEX_POINT('',#1161);
#1161=CARTESIAN_POINT('',(-2.,1.125,0.2));
#1162=LINE('',#1156,#60);
#1163=ORIENTED_EDGE('',*,*,#1164,.T.);
#1164=EDGE_CURVE('',#1160,#1027,#1165,.T.);
#1165=LINE('',#1161,#42);
#1166=ORIENTED_EDGE('',*,*,#1026,.F.);
#1167=ORIENTED_EDGE('',*,*,#170,.F.);
#1168=ORIENTED_EDGE('',*,*,#1122,.F.);
#1169=PLANE('',#1170);
#1170=AXIS2_PLACEMENT_3D('',#1156,#36,#14);
#1171=ADVANCED_FACE('',(#1172),#1194,.F.);
#1172=FACE_BOUND('',#1173,.F.);
#1173=EDGE_LOOP('',(#1174,#1181,#1186,#1189,#1190,#1191));
#1174=ORIENTED_EDGE('',*,*,#1175,.F.);
#1175=EDGE_CURVE('',#1176,#1178,#1180,.T.);
#1176=VERTEX_POINT('',#1177);
#1177=CARTESIAN_POINT('',(-0.875,2.,0.E+000));
#1178=VERTEX_POINT('',#1179);
#1179=CARTESIAN_POINT('',(-0.875,1.725,0.E+000));
#1180=LINE('',#1177,#155);
#1181=ORIENTED_EDGE('',*,*,#1182,.T.);
#1182=EDGE_CURVE('',#1176,#1183,#1185,.T.);
#1183=VERTEX_POINT('',#1184);
#1184=CARTESIAN_POINT('',(-0.875,2.,0.2));
#1185=LINE('',#1177,#60);
#1186=ORIENTED_EDGE('',*,*,#1187,.T.);
#1187=EDGE_CURVE('',#1183,#841,#1188,.T.);
#1188=LINE('',#1184,#155);
#1189=ORIENTED_EDGE('',*,*,#840,.F.);
#1190=ORIENTED_EDGE('',*,*,#672,.F.);
#1191=ORIENTED_EDGE('',*,*,#1192,.F.);
#1192=EDGE_CURVE('',#1178,#666,#1193,.T.);
#1193=LINE('',#1179,#60);
#1194=PLANE('',#1195);
#1195=AXIS2_PLACEMENT_3D('',#1177,#14,#50);
#1196=ADVANCED_FACE('',(#1197),#1220,.F.);
#1197=FACE_BOUND('',#1198,.F.);
#1198=EDGE_LOOP('',(#1199,#1206,#1209,#1210,#1211,#1217));
#1199=ORIENTED_EDGE('',*,*,#1200,.F.);
#1200=EDGE_CURVE('',#1201,#1203,#1205,.T.);
#1201=VERTEX_POINT('',#1202);
#1202=CARTESIAN_POINT('',(-1.725,0.875,0.E+000));
#1203=VERTEX_POINT('',#1204);
#1204=CARTESIAN_POINT('',(-2.,0.875,0.E+000));
#1205=LINE('',#1202,#27);
#1206=ORIENTED_EDGE('',*,*,#1207,.T.);
#1207=EDGE_CURVE('',#1201,#181,#1208,.T.);
#1208=LINE('',#1202,#60);
#1209=ORIENTED_EDGE('',*,*,#180,.F.);
#1210=ORIENTED_EDGE('',*,*,#1021,.F.);
#1211=ORIENTED_EDGE('',*,*,#1212,.T.);
#1212=EDGE_CURVE('',#1016,#1213,#1215,.T.);
#1213=VERTEX_POINT('',#1214);
#1214=CARTESIAN_POINT('',(-2.,0.875,0.2));
#1215=LINE('',#1216,#27);
#1216=CARTESIAN_POINT('',(-1.725,0.875,0.2));
#1217=ORIENTED_EDGE('',*,*,#1218,.F.);
#1218=EDGE_CURVE('',#1203,#1213,#1219,.T.);
#1219=LINE('',#1204,#60);
#1220=PLANE('',#1221);
#1221=AXIS2_PLACEMENT_3D('',#1202,#50,#28);
#1222=ADVANCED_FACE('',(#1223),#1237,.T.);
#1223=FACE_BOUND('',#1224,.F.);
#1224=EDGE_LOOP('',(#1225,#1232,#1233,#1234));
#1225=ORIENTED_EDGE('',*,*,#1226,.F.);
#1226=EDGE_CURVE('',#1178,#1227,#1229,.T.);
#1227=VERTEX_POINT('',#1228);
#1228=CARTESIAN_POINT('',(-0.625,1.725,0.E+000));
#1229=CIRCLE('',#1230,0.125);
#1230=AXIS2_PLACEMENT_3D('',#1231,#13,#28);
#1231=CARTESIAN_POINT('',(-0.75,1.725,0.E+000));
#1232=ORIENTED_EDGE('',*,*,#1192,.T.);
#1233=ORIENTED_EDGE('',*,*,#665,.F.);
#1234=ORIENTED_EDGE('',*,*,#1235,.F.);
#1235=EDGE_CURVE('',#1227,#660,#1236,.T.);
#1236=LINE('',#1228,#60);
#1237=CYLINDRICAL_SURFACE('',#1238,0.125);
#1238=AXIS2_PLACEMENT_3D('',#1231,#49,#28);
#1239=ADVANCED_FACE('',(#1240),#1254,.T.);
#1240=FACE_BOUND('',#1241,.F.);
#1241=EDGE_LOOP('',(#1242,#1249,#1252,#1253));
#1242=ORIENTED_EDGE('',*,*,#1243,.F.);
#1243=EDGE_CURVE('',#1244,#1201,#1246,.T.);
#1244=VERTEX_POINT('',#1245);
#1245=CARTESIAN_POINT('',(-1.725,0.625,0.E+000));
#1246=CIRCLE('',#1247,0.125);
#1247=AXIS2_PLACEMENT_3D('',#1248,#13,#50);
#1248=CARTESIAN_POINT('',(-1.725,0.75,0.E+000));
#1249=ORIENTED_EDGE('',*,*,#1250,.T.);
#1250=EDGE_CURVE('',#1244,#187,#1251,.T.);
#1251=LINE('',#1245,#60);
#1252=ORIENTED_EDGE('',*,*,#186,.F.);
#1253=ORIENTED_EDGE('',*,*,#1207,.F.);
#1254=CYLINDRICAL_SURFACE('',#1255,0.125);
#1255=AXIS2_PLACEMENT_3D('',#1248,#49,#50);
#1256=ADVANCED_FACE('',(#1257),#1276,.F.);
#1257=FACE_BOUND('',#1258,.F.);
#1258=EDGE_LOOP('',(#1259,#1264,#1265,#1266,#1267,#1273));
#1259=ORIENTED_EDGE('',*,*,#1260,.F.);
#1260=EDGE_CURVE('',#1227,#1261,#1263,.T.);
#1261=VERTEX_POINT('',#1262);
#1262=CARTESIAN_POINT('',(-0.625,2.,0.E+000));
#1263=LINE('',#1228,#46);
#1264=ORIENTED_EDGE('',*,*,#1235,.T.);
#1265=ORIENTED_EDGE('',*,*,#659,.F.);
#1266=ORIENTED_EDGE('',*,*,#852,.F.);
#1267=ORIENTED_EDGE('',*,*,#1268,.T.);
#1268=EDGE_CURVE('',#847,#1269,#1271,.T.);
#1269=VERTEX_POINT('',#1270);
#1270=CARTESIAN_POINT('',(-0.625,2.,0.2));
#1271=LINE('',#1272,#46);
#1272=CARTESIAN_POINT('',(-0.625,1.725,0.2));
#1273=ORIENTED_EDGE('',*,*,#1274,.F.);
#1274=EDGE_CURVE('',#1261,#1269,#1275,.T.);
#1275=LINE('',#1262,#60);
#1276=PLANE('',#1277);
#1277=AXIS2_PLACEMENT_3D('',#1228,#28,#36);
#1278=ADVANCED_FACE('',(#1279),#1297,.F.);
#1279=FACE_BOUND('',#1280,.F.);
#1280=EDGE_LOOP('',(#1281,#1286,#1291,#1294,#1295,#1296));
#1281=ORIENTED_EDGE('',*,*,#1282,.F.);
#1282=EDGE_CURVE('',#1283,#1244,#1285,.T.);
#1283=VERTEX_POINT('',#1284);
#1284=CARTESIAN_POINT('',(-2.,0.625,0.E+000));
#1285=LINE('',#1284,#42);
#1286=ORIENTED_EDGE('',*,*,#1287,.T.);
#1287=EDGE_CURVE('',#1283,#1288,#1290,.T.);
#1288=VERTEX_POINT('',#1289);
#1289=CARTESIAN_POINT('',(-2.,0.625,0.2));
#1290=LINE('',#1284,#60);
#1291=ORIENTED_EDGE('',*,*,#1292,.T.);
#1292=EDGE_CURVE('',#1288,#1010,#1293,.T.);
#1293=LINE('',#1289,#42);
#1294=ORIENTED_EDGE('',*,*,#1009,.F.);
#1295=ORIENTED_EDGE('',*,*,#193,.F.);
#1296=ORIENTED_EDGE('',*,*,#1250,.F.);
#1297=PLANE('',#1298);
#1298=AXIS2_PLACEMENT_3D('',#1284,#36,#14);
#1299=ADVANCED_FACE('',(#1300),#1322,.F.);
#1300=FACE_BOUND('',#1301,.F.);
#1301=EDGE_LOOP('',(#1302,#1309,#1314,#1317,#1318,#1319));
#1302=ORIENTED_EDGE('',*,*,#1303,.F.);
#1303=EDGE_CURVE('',#1304,#1306,#1308,.T.);
#1304=VERTEX_POINT('',#1305);
#1305=CARTESIAN_POINT('',(-0.375,2.,0.E+000));
#1306=VERTEX_POINT('',#1307);
#1307=CARTESIAN_POINT('',(-0.375,1.725,0.E+000));
#1308=LINE('',#1305,#155);
#1309=ORIENTED_EDGE('',*,*,#1310,.T.);
#1310=EDGE_CURVE('',#1304,#1311,#1313,.T.);
#1311=VERTEX_POINT('',#1312);
#1312=CARTESIAN_POINT('',(-0.375,2.,0.2));
#1313=LINE('',#1305,#60);
#1314=ORIENTED_EDGE('',*,*,#1315,.T.);
#1315=EDGE_CURVE('',#1311,#858,#1316,.T.);
#1316=LINE('',#1312,#155);
#1317=ORIENTED_EDGE('',*,*,#857,.F.);
#1318=ORIENTED_EDGE('',*,*,#649,.F.);
#1319=ORIENTED_EDGE('',*,*,#1320,.F.);
#1320=EDGE_CURVE('',#1306,#643,#1321,.T.);
#1321=LINE('',#1307,#60);
#1322=PLANE('',#1323);
#1323=AXIS2_PLACEMENT_3D('',#1305,#14,#50);
#1324=ADVANCED_FACE('',(#1325),#1348,.F.);
#1325=FACE_BOUND('',#1326,.F.);
#1326=EDGE_LOOP('',(#1327,#1334,#1337,#1338,#1339,#1345));
#1327=ORIENTED_EDGE('',*,*,#1328,.F.);
#1328=EDGE_CURVE('',#1329,#1331,#1333,.T.);
#1329=VERTEX_POINT('',#1330);
#1330=CARTESIAN_POINT('',(-1.725,0.375,0.E+000));
#1331=VERTEX_POINT('',#1332);
#1332=CARTESIAN_POINT('',(-2.,0.375,0.E+000));
#1333=LINE('',#1330,#27);
#1334=ORIENTED_EDGE('',*,*,#1335,.T.);
#1335=EDGE_CURVE('',#1329,#204,#1336,.T.);
#1336=LINE('',#1330,#60);
#1337=ORIENTED_EDGE('',*,*,#203,.F.);
#1338=ORIENTED_EDGE('',*,*,#1004,.F.);
#1339=ORIENTED_EDGE('',*,*,#1340,.T.);
#1340=EDGE_CURVE('',#999,#1341,#1343,.T.);
#1341=VERTEX_POINT('',#1342);
#1342=CARTESIAN_POINT('',(-2.,0.375,0.2));
#1343=LINE('',#1344,#27);
#1344=CARTESIAN_POINT('',(-1.725,0.375,0.2));
#1345=ORIENTED_EDGE('',*,*,#1346,.F.);
#1346=EDGE_CURVE('',#1331,#1341,#1347,.T.);
#1347=LINE('',#1332,#60);
#1348=PLANE('',#1349);
#1349=AXIS2_PLACEMENT_3D('',#1330,#50,#28);
#1350=ADVANCED_FACE('',(#1351),#1365,.T.);
#1351=FACE_BOUND('',#1352,.F.);
#1352=EDGE_LOOP('',(#1353,#1360,#1361,#1362));
#1353=ORIENTED_EDGE('',*,*,#1354,.F.);
#1354=EDGE_CURVE('',#1306,#1355,#1357,.T.);
#1355=VERTEX_POINT('',#1356);
#1356=CARTESIAN_POINT('',(-0.125,1.725,0.E+000));
#1357=CIRCLE('',#1358,0.125);
#1358=AXIS2_PLACEMENT_3D('',#1359,#13,#28);
#1359=CARTESIAN_POINT('',(-0.25,1.725,0.E+000));
#1360=ORIENTED_EDGE('',*,*,#1320,.T.);
#1361=ORIENTED_EDGE('',*,*,#642,.F.);
#1362=ORIENTED_EDGE('',*,*,#1363,.F.);
#1363=EDGE_CURVE('',#1355,#637,#1364,.T.);
#1364=LINE('',#1356,#60);
#1365=CYLINDRICAL_SURFACE('',#1366,0.125);
#1366=AXIS2_PLACEMENT_3D('',#1359,#49,#28);
#1367=ADVANCED_FACE('',(#1368),#1382,.T.);
#1368=FACE_BOUND('',#1369,.F.);
#1369=EDGE_LOOP('',(#1370,#1377,#1380,#1381));
#1370=ORIENTED_EDGE('',*,*,#1371,.F.);
#1371=EDGE_CURVE('',#1372,#1329,#1374,.T.);
#1372=VERTEX_POINT('',#1373);
#1373=CARTESIAN_POINT('',(-1.725,0.125,0.E+000));
#1374=CIRCLE('',#1375,0.125);
#1375=AXIS2_PLACEMENT_3D('',#1376,#13,#50);
#1376=CARTESIAN_POINT('',(-1.725,0.25,0.E+000));
#1377=ORIENTED_EDGE('',*,*,#1378,.T.);
#1378=EDGE_CURVE('',#1372,#210,#1379,.T.);
#1379=LINE('',#1373,#60);
#1380=ORIENTED_EDGE('',*,*,#209,.F.);
#1381=ORIENTED_EDGE('',*,*,#1335,.F.);
#1382=CYLINDRICAL_SURFACE('',#1383,0.125);
#1383=AXIS2_PLACEMENT_3D('',#1376,#49,#50);
#1384=ADVANCED_FACE('',(#1385),#1404,.F.);
#1385=FACE_BOUND('',#1386,.F.);
#1386=EDGE_LOOP('',(#1387,#1392,#1393,#1394,#1395,#1401));
#1387=ORIENTED_EDGE('',*,*,#1388,.F.);
#1388=EDGE_CURVE('',#1355,#1389,#1391,.T.);
#1389=VERTEX_POINT('',#1390);
#1390=CARTESIAN_POINT('',(-0.125,2.,0.E+000));
#1391=LINE('',#1356,#46);
#1392=ORIENTED_EDGE('',*,*,#1363,.T.);
#1393=ORIENTED_EDGE('',*,*,#636,.F.);
#1394=ORIENTED_EDGE('',*,*,#869,.F.);
#1395=ORIENTED_EDGE('',*,*,#1396,.T.);
#1396=EDGE_CURVE('',#864,#1397,#1399,.T.);
#1397=VERTEX_POINT('',#1398);
#1398=CARTESIAN_POINT('',(-0.125,2.,0.2));
#1399=LINE('',#1400,#46);
#1400=CARTESIAN_POINT('',(-0.125,1.725,0.2));
#1401=ORIENTED_EDGE('',*,*,#1402,.F.);
#1402=EDGE_CURVE('',#1389,#1397,#1403,.T.);
#1403=LINE('',#1390,#60);
#1404=PLANE('',#1405);
#1405=AXIS2_PLACEMENT_3D('',#1356,#28,#36);
#1406=ADVANCED_FACE('',(#1407),#1425,.F.);
#1407=FACE_BOUND('',#1408,.F.);
#1408=EDGE_LOOP('',(#1409,#1414,#1419,#1422,#1423,#1424));
#1409=ORIENTED_EDGE('',*,*,#1410,.F.);
#1410=EDGE_CURVE('',#1411,#1372,#1413,.T.);
#1411=VERTEX_POINT('',#1412);
#1412=CARTESIAN_POINT('',(-2.,0.125,0.E+000));
#1413=LINE('',#1412,#42);
#1414=ORIENTED_EDGE('',*,*,#1415,.T.);
#1415=EDGE_CURVE('',#1411,#1416,#1418,.T.);
#1416=VERTEX_POINT('',#1417);
#1417=CARTESIAN_POINT('',(-2.,0.125,0.2));
#1418=LINE('',#1412,#60);
#1419=ORIENTED_EDGE('',*,*,#1420,.T.);
#1420=EDGE_CURVE('',#1416,#993,#1421,.T.);
#1421=LINE('',#1417,#42);
#1422=ORIENTED_EDGE('',*,*,#992,.F.);
#1423=ORIENTED_EDGE('',*,*,#216,.F.);
#1424=ORIENTED_EDGE('',*,*,#1378,.F.);
#1425=PLANE('',#1426);
#1426=AXIS2_PLACEMENT_3D('',#1412,#36,#14);
#1427=ADVANCED_FACE('',(#1428),#1450,.F.);
#1428=FACE_BOUND('',#1429,.F.);
#1429=EDGE_LOOP('',(#1430,#1437,#1442,#1445,#1446,#1447));
#1430=ORIENTED_EDGE('',*,*,#1431,.F.);
#1431=EDGE_CURVE('',#1432,#1434,#1436,.T.);
#1432=VERTEX_POINT('',#1433);
#1433=CARTESIAN_POINT('',(0.125,2.,0.E+000));
#1434=VERTEX_POINT('',#1435);
#1435=CARTESIAN_POINT('',(0.125,1.725,0.E+000));
#1436=LINE('',#1433,#155);
#1437=ORIENTED_EDGE('',*,*,#1438,.T.);
#1438=EDGE_CURVE('',#1432,#1439,#1441,.T.);
#1439=VERTEX_POINT('',#1440);
#1440=CARTESIAN_POINT('',(0.125,2.,0.2));
#1441=LINE('',#1433,#60);
#1442=ORIENTED_EDGE('',*,*,#1443,.T.);
#1443=EDGE_CURVE('',#1439,#875,#1444,.T.);
#1444=LINE('',#1440,#155);
#1445=ORIENTED_EDGE('',*,*,#874,.F.);
#1446=ORIENTED_EDGE('',*,*,#626,.F.);
#1447=ORIENTED_EDGE('',*,*,#1448,.F.);
#1448=EDGE_CURVE('',#1434,#620,#1449,.T.);
#1449=LINE('',#1435,#60);
#1450=PLANE('',#1451);
#1451=AXIS2_PLACEMENT_3D('',#1433,#14,#50);
#1452=ADVANCED_FACE('',(#1453),#1476,.F.);
#1453=FACE_BOUND('',#1454,.F.);
#1454=EDGE_LOOP('',(#1455,#1462,#1465,#1466,#1467,#1473));
#1455=ORIENTED_EDGE('',*,*,#1456,.F.);
#1456=EDGE_CURVE('',#1457,#1459,#1461,.T.);
#1457=VERTEX_POINT('',#1458);
#1458=CARTESIAN_POINT('',(-1.725,-0.125,0.E+000));
#1459=VERTEX_POINT('',#1460);
#1460=CARTESIAN_POINT('',(-2.,-0.125,0.E+000));
#1461=LINE('',#1458,#27);
#1462=ORIENTED_EDGE('',*,*,#1463,.T.);
#1463=EDGE_CURVE('',#1457,#227,#1464,.T.);
#1464=LINE('',#1458,#60);
#1465=ORIENTED_EDGE('',*,*,#226,.F.);
#1466=ORIENTED_EDGE('',*,*,#987,.F.);
#1467=ORIENTED_EDGE('',*,*,#1468,.T.);
#1468=EDGE_CURVE('',#982,#1469,#1471,.T.);
#1469=VERTEX_POINT('',#1470);
#1470=CARTESIAN_POINT('',(-2.,-0.125,0.2));
#1471=LINE('',#1472,#27);
#1472=CARTESIAN_POINT('',(-1.725,-0.125,0.2));
#1473=ORIENTED_EDGE('',*,*,#1474,.F.);
#1474=EDGE_CURVE('',#1459,#1469,#1475,.T.);
#1475=LINE('',#1460,#60);
#1476=PLANE('',#1477);
#1477=AXIS2_PLACEMENT_3D('',#1458,#50,#28);
#1478=ADVANCED_FACE('',(#1479),#1493,.T.);
#1479=FACE_BOUND('',#1480,.F.);
#1480=EDGE_LOOP('',(#1481,#1488,#1489,#1490));
#1481=ORIENTED_EDGE('',*,*,#1482,.F.);
#1482=EDGE_CURVE('',#1434,#1483,#1485,.T.);
#1483=VERTEX_POINT('',#1484);
#1484=CARTESIAN_POINT('',(0.375,1.725,0.E+000));
#1485=CIRCLE('',#1486,0.125);
#1486=AXIS2_PLACEMENT_3D('',#1487,#13,#28);
#1487=CARTESIAN_POINT('',(0.25,1.725,0.E+000));
#1488=ORIENTED_EDGE('',*,*,#1448,.T.);
#1489=ORIENTED_EDGE('',*,*,#619,.F.);
#1490=ORIENTED_EDGE('',*,*,#1491,.F.);
#1491=EDGE_CURVE('',#1483,#614,#1492,.T.);
#1492=LINE('',#1484,#60);
#1493=CYLINDRICAL_SURFACE('',#1494,0.125);
#1494=AXIS2_PLACEMENT_3D('',#1487,#49,#28);
#1495=ADVANCED_FACE('',(#1496),#1510,.T.);
#1496=FACE_BOUND('',#1497,.F.);
#1497=EDGE_LOOP('',(#1498,#1505,#1508,#1509));
#1498=ORIENTED_EDGE('',*,*,#1499,.F.);
#1499=EDGE_CURVE('',#1500,#1457,#1502,.T.);
#1500=VERTEX_POINT('',#1501);
#1501=CARTESIAN_POINT('',(-1.725,-0.375,0.E+000));
#1502=CIRCLE('',#1503,0.125);
#1503=AXIS2_PLACEMENT_3D('',#1504,#13,#50);
#1504=CARTESIAN_POINT('',(-1.725,-0.25,0.E+000));
#1505=ORIENTED_EDGE('',*,*,#1506,.T.);
#1506=EDGE_CURVE('',#1500,#233,#1507,.T.);
#1507=LINE('',#1501,#60);
#1508=ORIENTED_EDGE('',*,*,#232,.F.);
#1509=ORIENTED_EDGE('',*,*,#1463,.F.);
#1510=CYLINDRICAL_SURFACE('',#1511,0.125);
#1511=AXIS2_PLACEMENT_3D('',#1504,#49,#50);
#1512=ADVANCED_FACE('',(#1513),#1532,.F.);
#1513=FACE_BOUND('',#1514,.F.);
#1514=EDGE_LOOP('',(#1515,#1520,#1521,#1522,#1523,#1529));
#1515=ORIENTED_EDGE('',*,*,#1516,.F.);
#1516=EDGE_CURVE('',#1483,#1517,#1519,.T.);
#1517=VERTEX_POINT('',#1518);
#1518=CARTESIAN_POINT('',(0.375,2.,0.E+000));
#1519=LINE('',#1484,#46);
#1520=ORIENTED_EDGE('',*,*,#1491,.T.);
#1521=ORIENTED_EDGE('',*,*,#613,.F.);
#1522=ORIENTED_EDGE('',*,*,#886,.F.);
#1523=ORIENTED_EDGE('',*,*,#1524,.T.);
#1524=EDGE_CURVE('',#881,#1525,#1527,.T.);
#1525=VERTEX_POINT('',#1526);
#1526=CARTESIAN_POINT('',(0.375,2.,0.2));
#1527=LINE('',#1528,#46);
#1528=CARTESIAN_POINT('',(0.375,1.725,0.2));
#1529=ORIENTED_EDGE('',*,*,#1530,.F.);
#1530=EDGE_CURVE('',#1517,#1525,#1531,.T.);
#1531=LINE('',#1518,#60);
#1532=PLANE('',#1533);
#1533=AXIS2_PLACEMENT_3D('',#1484,#28,#36);
#1534=ADVANCED_FACE('',(#1535),#1553,.F.);
#1535=FACE_BOUND('',#1536,.F.);
#1536=EDGE_LOOP('',(#1537,#1542,#1547,#1550,#1551,#1552));
#1537=ORIENTED_EDGE('',*,*,#1538,.F.);
#1538=EDGE_CURVE('',#1539,#1500,#1541,.T.);
#1539=VERTEX_POINT('',#1540);
#1540=CARTESIAN_POINT('',(-2.,-0.375,0.E+000));
#1541=LINE('',#1540,#42);
#1542=ORIENTED_EDGE('',*,*,#1543,.T.);
#1543=EDGE_CURVE('',#1539,#1544,#1546,.T.);
#1544=VERTEX_POINT('',#1545);
#1545=CARTESIAN_POINT('',(-2.,-0.375,0.2));
#1546=LINE('',#1540,#60);
#1547=ORIENTED_EDGE('',*,*,#1548,.T.);
#1548=EDGE_CURVE('',#1544,#976,#1549,.T.);
#1549=LINE('',#1545,#42);
#1550=ORIENTED_EDGE('',*,*,#975,.F.);
#1551=ORIENTED_EDGE('',*,*,#239,.F.);
#1552=ORIENTED_EDGE('',*,*,#1506,.F.);
#1553=PLANE('',#1554);
#1554=AXIS2_PLACEMENT_3D('',#1540,#36,#14);
#1555=ADVANCED_FACE('',(#1556),#1578,.F.);
#1556=FACE_BOUND('',#1557,.F.);
#1557=EDGE_LOOP('',(#1558,#1565,#1570,#1573,#1574,#1575));
#1558=ORIENTED_EDGE('',*,*,#1559,.F.);
#1559=EDGE_CURVE('',#1560,#1562,#1564,.T.);
#1560=VERTEX_POINT('',#1561);
#1561=CARTESIAN_POINT('',(0.625,2.,0.E+000));
#1562=VERTEX_POINT('',#1563);
#1563=CARTESIAN_POINT('',(0.625,1.725,0.E+000));
#1564=LINE('',#1561,#155);
#1565=ORIENTED_EDGE('',*,*,#1566,.T.);
#1566=EDGE_CURVE('',#1560,#1567,#1569,.T.);
#1567=VERTEX_POINT('',#1568);
#1568=CARTESIAN_POINT('',(0.625,2.,0.2));
#1569=LINE('',#1561,#60);
#1570=ORIENTED_EDGE('',*,*,#1571,.T.);
#1571=EDGE_CURVE('',#1567,#892,#1572,.T.);
#1572=LINE('',#1568,#155);
#1573=ORIENTED_EDGE('',*,*,#891,.F.);
#1574=ORIENTED_EDGE('',*,*,#603,.F.);
#1575=ORIENTED_EDGE('',*,*,#1576,.F.);
#1576=EDGE_CURVE('',#1562,#597,#1577,.T.);
#1577=LINE('',#1563,#60);
#1578=PLANE('',#1579);
#1579=AXIS2_PLACEMENT_3D('',#1561,#14,#50);
#1580=ADVANCED_FACE('',(#1581),#1604,.F.);
#1581=FACE_BOUND('',#1582,.F.);
#1582=EDGE_LOOP('',(#1583,#1590,#1593,#1594,#1595,#1601));
#1583=ORIENTED_EDGE('',*,*,#1584,.F.);
#1584=EDGE_CURVE('',#1585,#1587,#1589,.T.);
#1585=VERTEX_POINT('',#1586);
#1586=CARTESIAN_POINT('',(-1.725,-0.625,0.E+000));
#1587=VERTEX_POINT('',#1588);
#1588=CARTESIAN_POINT('',(-2.,-0.625,0.E+000));
#1589=LINE('',#1586,#27);
#1590=ORIENTED_EDGE('',*,*,#1591,.T.);
#1591=EDGE_CURVE('',#1585,#250,#1592,.T.);
#1592=LINE('',#1586,#60);
#1593=ORIENTED_EDGE('',*,*,#249,.F.);
#1594=ORIENTED_EDGE('',*,*,#970,.F.);
#1595=ORIENTED_EDGE('',*,*,#1596,.T.);
#1596=EDGE_CURVE('',#965,#1597,#1599,.T.);
#1597=VERTEX_POINT('',#1598);
#1598=CARTESIAN_POINT('',(-2.,-0.625,0.2));
#1599=LINE('',#1600,#27);
#1600=CARTESIAN_POINT('',(-1.725,-0.625,0.2));
#1601=ORIENTED_EDGE('',*,*,#1602,.F.);
#1602=EDGE_CURVE('',#1587,#1597,#1603,.T.);
#1603=LINE('',#1588,#60);
#1604=PLANE('',#1605);
#1605=AXIS2_PLACEMENT_3D('',#1586,#50,#28);
#1606=ADVANCED_FACE('',(#1607),#1621,.T.);
#1607=FACE_BOUND('',#1608,.F.);
#1608=EDGE_LOOP('',(#1609,#1616,#1617,#1618));
#1609=ORIENTED_EDGE('',*,*,#1610,.F.);
#1610=EDGE_CURVE('',#1562,#1611,#1613,.T.);
#1611=VERTEX_POINT('',#1612);
#1612=CARTESIAN_POINT('',(0.875,1.725,0.E+000));
#1613=CIRCLE('',#1614,0.125);
#1614=AXIS2_PLACEMENT_3D('',#1615,#13,#28);
#1615=CARTESIAN_POINT('',(0.75,1.725,0.E+000));
#1616=ORIENTED_EDGE('',*,*,#1576,.T.);
#1617=ORIENTED_EDGE('',*,*,#596,.F.);
#1618=ORIENTED_EDGE('',*,*,#1619,.F.);
#1619=EDGE_CURVE('',#1611,#591,#1620,.T.);
#1620=LINE('',#1612,#60);
#1621=CYLINDRICAL_SURFACE('',#1622,0.125);
#1622=AXIS2_PLACEMENT_3D('',#1615,#49,#28);
#1623=ADVANCED_FACE('',(#1624),#1638,.T.);
#1624=FACE_BOUND('',#1625,.F.);
#1625=EDGE_LOOP('',(#1626,#1633,#1636,#1637));
#1626=ORIENTED_EDGE('',*,*,#1627,.F.);
#1627=EDGE_CURVE('',#1628,#1585,#1630,.T.);
#1628=VERTEX_POINT('',#1629);
#1629=CARTESIAN_POINT('',(-1.725,-0.875,0.E+000));
#1630=CIRCLE('',#1631,0.125);
#1631=AXIS2_PLACEMENT_3D('',#1632,#13,#50);
#1632=CARTESIAN_POINT('',(-1.725,-0.75,0.E+000));
#1633=ORIENTED_EDGE('',*,*,#1634,.T.);
#1634=EDGE_CURVE('',#1628,#256,#1635,.T.);
#1635=LINE('',#1629,#60);
#1636=ORIENTED_EDGE('',*,*,#255,.F.);
#1637=ORIENTED_EDGE('',*,*,#1591,.F.);
#1638=CYLINDRICAL_SURFACE('',#1639,0.125);
#1639=AXIS2_PLACEMENT_3D('',#1632,#49,#50);
#1640=ADVANCED_FACE('',(#1641),#1660,.F.);
#1641=FACE_BOUND('',#1642,.F.);
#1642=EDGE_LOOP('',(#1643,#1648,#1649,#1650,#1651,#1657));
#1643=ORIENTED_EDGE('',*,*,#1644,.F.);
#1644=EDGE_CURVE('',#1611,#1645,#1647,.T.);
#1645=VERTEX_POINT('',#1646);
#1646=CARTESIAN_POINT('',(0.875,2.,0.E+000));
#1647=LINE('',#1612,#46);
#1648=ORIENTED_EDGE('',*,*,#1619,.T.);
#1649=ORIENTED_EDGE('',*,*,#590,.F.);
#1650=ORIENTED_EDGE('',*,*,#903,.F.);
#1651=ORIENTED_EDGE('',*,*,#1652,.T.);
#1652=EDGE_CURVE('',#898,#1653,#1655,.T.);
#1653=VERTEX_POINT('',#1654);
#1654=CARTESIAN_POINT('',(0.875,2.,0.2));
#1655=LINE('',#1656,#46);
#1656=CARTESIAN_POINT('',(0.875,1.725,0.2));
#1657=ORIENTED_EDGE('',*,*,#1658,.F.);
#1658=EDGE_CURVE('',#1645,#1653,#1659,.T.);
#1659=LINE('',#1646,#60);
#1660=PLANE('',#1661);
#1661=AXIS2_PLACEMENT_3D('',#1612,#28,#36);
#1662=ADVANCED_FACE('',(#1663),#1681,.F.);
#1663=FACE_BOUND('',#1664,.F.);
#1664=EDGE_LOOP('',(#1665,#1670,#1675,#1678,#1679,#1680));
#1665=ORIENTED_EDGE('',*,*,#1666,.F.);
#1666=EDGE_CURVE('',#1667,#1628,#1669,.T.);
#1667=VERTEX_POINT('',#1668);
#1668=CARTESIAN_POINT('',(-2.,-0.875,0.E+000));
#1669=LINE('',#1668,#42);
#1670=ORIENTED_EDGE('',*,*,#1671,.T.);
#1671=EDGE_CURVE('',#1667,#1672,#1674,.T.);
#1672=VERTEX_POINT('',#1673);
#1673=CARTESIAN_POINT('',(-2.,-0.875,0.2));
#1674=LINE('',#1668,#60);
#1675=ORIENTED_EDGE('',*,*,#1676,.T.);
#1676=EDGE_CURVE('',#1672,#959,#1677,.T.);
#1677=LINE('',#1673,#42);
#1678=ORIENTED_EDGE('',*,*,#958,.F.);
#1679=ORIENTED_EDGE('',*,*,#262,.F.);
#1680=ORIENTED_EDGE('',*,*,#1634,.F.);
#1681=PLANE('',#1682);
#1682=AXIS2_PLACEMENT_3D('',#1668,#36,#14);
#1683=ADVANCED_FACE('',(#1684),#1706,.F.);
#1684=FACE_BOUND('',#1685,.F.);
#1685=EDGE_LOOP('',(#1686,#1693,#1698,#1701,#1702,#1703));
#1686=ORIENTED_EDGE('',*,*,#1687,.F.);
#1687=EDGE_CURVE('',#1688,#1690,#1692,.T.);
#1688=VERTEX_POINT('',#1689);
#1689=CARTESIAN_POINT('',(1.125,2.,0.E+000));
#1690=VERTEX_POINT('',#1691);
#1691=CARTESIAN_POINT('',(1.125,1.725,0.E+000));
#1692=LINE('',#1689,#155);
#1693=ORIENTED_EDGE('',*,*,#1694,.T.);
#1694=EDGE_CURVE('',#1688,#1695,#1697,.T.);
#1695=VERTEX_POINT('',#1696);
#1696=CARTESIAN_POINT('',(1.125,2.,0.2));
#1697=LINE('',#1689,#60);
#1698=ORIENTED_EDGE('',*,*,#1699,.T.);
#1699=EDGE_CURVE('',#1695,#909,#1700,.T.);
#1700=LINE('',#1696,#155);
#1701=ORIENTED_EDGE('',*,*,#908,.F.);
#1702=ORIENTED_EDGE('',*,*,#580,.F.);
#1703=ORIENTED_EDGE('',*,*,#1704,.F.);
#1704=EDGE_CURVE('',#1690,#574,#1705,.T.);
#1705=LINE('',#1691,#60);
#1706=PLANE('',#1707);
#1707=AXIS2_PLACEMENT_3D('',#1689,#14,#50);
#1708=ADVANCED_FACE('',(#1709),#1732,.F.);
#1709=FACE_BOUND('',#1710,.F.);
#1710=EDGE_LOOP('',(#1711,#1718,#1721,#1722,#1723,#1729));
#1711=ORIENTED_EDGE('',*,*,#1712,.F.);
#1712=EDGE_CURVE('',#1713,#1715,#1717,.T.);
#1713=VERTEX_POINT('',#1714);
#1714=CARTESIAN_POINT('',(-1.725,-1.125,0.E+000));
#1715=VERTEX_POINT('',#1716);
#1716=CARTESIAN_POINT('',(-2.,-1.125,0.E+000));
#1717=LINE('',#1714,#27);
#1718=ORIENTED_EDGE('',*,*,#1719,.T.);
#1719=EDGE_CURVE('',#1713,#273,#1720,.T.);
#1720=LINE('',#1714,#60);
#1721=ORIENTED_EDGE('',*,*,#272,.F.);
#1722=ORIENTED_EDGE('',*,*,#953,.F.);
#1723=ORIENTED_EDGE('',*,*,#1724,.T.);
#1724=EDGE_CURVE('',#948,#1725,#1727,.T.);
#1725=VERTEX_POINT('',#1726);
#1726=CARTESIAN_POINT('',(-2.,-1.125,0.2));
#1727=LINE('',#1728,#27);
#1728=CARTESIAN_POINT('',(-1.725,-1.125,0.2));
#1729=ORIENTED_EDGE('',*,*,#1730,.F.);
#1730=EDGE_CURVE('',#1715,#1725,#1731,.T.);
#1731=LINE('',#1716,#60);
#1732=PLANE('',#1733);
#1733=AXIS2_PLACEMENT_3D('',#1714,#50,#28);
#1734=ADVANCED_FACE('',(#1735),#1749,.T.);
#1735=FACE_BOUND('',#1736,.F.);
#1736=EDGE_LOOP('',(#1737,#1744,#1745,#1746));
#1737=ORIENTED_EDGE('',*,*,#1738,.F.);
#1738=EDGE_CURVE('',#1690,#1739,#1741,.T.);
#1739=VERTEX_POINT('',#1740);
#1740=CARTESIAN_POINT('',(1.375,1.725,0.E+000));
#1741=CIRCLE('',#1742,0.125);
#1742=AXIS2_PLACEMENT_3D('',#1743,#13,#28);
#1743=CARTESIAN_POINT('',(1.25,1.725,0.E+000));
#1744=ORIENTED_EDGE('',*,*,#1704,.T.);
#1745=ORIENTED_EDGE('',*,*,#573,.F.);
#1746=ORIENTED_EDGE('',*,*,#1747,.F.);
#1747=EDGE_CURVE('',#1739,#568,#1748,.T.);
#1748=LINE('',#1740,#60);
#1749=CYLINDRICAL_SURFACE('',#1750,0.125);
#1750=AXIS2_PLACEMENT_3D('',#1743,#49,#28);
#1751=ADVANCED_FACE('',(#1752),#1766,.T.);
#1752=FACE_BOUND('',#1753,.F.);
#1753=EDGE_LOOP('',(#1754,#1761,#1764,#1765));
#1754=ORIENTED_EDGE('',*,*,#1755,.F.);
#1755=EDGE_CURVE('',#1756,#1713,#1758,.T.);
#1756=VERTEX_POINT('',#1757);
#1757=CARTESIAN_POINT('',(-1.725,-1.375,0.E+000));
#1758=CIRCLE('',#1759,0.125);
#1759=AXIS2_PLACEMENT_3D('',#1760,#13,#50);
#1760=CARTESIAN_POINT('',(-1.725,-1.25,0.E+000));
#1761=ORIENTED_EDGE('',*,*,#1762,.T.);
#1762=EDGE_CURVE('',#1756,#279,#1763,.T.);
#1763=LINE('',#1757,#60);
#1764=ORIENTED_EDGE('',*,*,#278,.F.);
#1765=ORIENTED_EDGE('',*,*,#1719,.F.);
#1766=CYLINDRICAL_SURFACE('',#1767,0.125);
#1767=AXIS2_PLACEMENT_3D('',#1760,#49,#50);
#1768=ADVANCED_FACE('',(#1769),#1788,.F.);
#1769=FACE_BOUND('',#1770,.F.);
#1770=EDGE_LOOP('',(#1771,#1776,#1777,#1778,#1779,#1785));
#1771=ORIENTED_EDGE('',*,*,#1772,.F.);
#1772=EDGE_CURVE('',#1739,#1773,#1775,.T.);
#1773=VERTEX_POINT('',#1774);
#1774=CARTESIAN_POINT('',(1.375,2.,0.E+000));
#1775=LINE('',#1740,#46);
#1776=ORIENTED_EDGE('',*,*,#1747,.T.);
#1777=ORIENTED_EDGE('',*,*,#567,.F.);
#1778=ORIENTED_EDGE('',*,*,#920,.F.);
#1779=ORIENTED_EDGE('',*,*,#1780,.T.);
#1780=EDGE_CURVE('',#915,#1781,#1783,.T.);
#1781=VERTEX_POINT('',#1782);
#1782=CARTESIAN_POINT('',(1.375,2.,0.2));
#1783=LINE('',#1784,#46);
#1784=CARTESIAN_POINT('',(1.375,1.725,0.2));
#1785=ORIENTED_EDGE('',*,*,#1786,.F.);
#1786=EDGE_CURVE('',#1773,#1781,#1787,.T.);
#1787=LINE('',#1774,#60);
#1788=PLANE('',#1789);
#1789=AXIS2_PLACEMENT_3D('',#1740,#28,#36);
#1790=ADVANCED_FACE('',(#1791),#1809,.F.);
#1791=FACE_BOUND('',#1792,.F.);
#1792=EDGE_LOOP('',(#1793,#1798,#1803,#1806,#1807,#1808));
#1793=ORIENTED_EDGE('',*,*,#1794,.F.);
#1794=EDGE_CURVE('',#1795,#1756,#1797,.T.);
#1795=VERTEX_POINT('',#1796);
#1796=CARTESIAN_POINT('',(-2.,-1.375,0.E+000));
#1797=LINE('',#1796,#42);
#1798=ORIENTED_EDGE('',*,*,#1799,.T.);
#1799=EDGE_CURVE('',#1795,#1800,#1802,.T.);
#1800=VERTEX_POINT('',#1801);
#1801=CARTESIAN_POINT('',(-2.,-1.375,0.2));
#1802=LINE('',#1796,#60);
#1803=ORIENTED_EDGE('',*,*,#1804,.T.);
#1804=EDGE_CURVE('',#1800,#942,#1805,.T.);
#1805=LINE('',#1801,#42);
#1806=ORIENTED_EDGE('',*,*,#941,.F.);
#1807=ORIENTED_EDGE('',*,*,#285,.F.);
#1808=ORIENTED_EDGE('',*,*,#1762,.F.);
#1809=PLANE('',#1810);
#1810=AXIS2_PLACEMENT_3D('',#1796,#36,#14);
#1811=ADVANCED_FACE('',(#1812),#1914,.T.);
#1812=FACE_BOUND('',#1813,.T.);
#1813=EDGE_LOOP('',(#1814,#936,#294,#1817,#1823,#1829,#318,#1833,#1839,#1845,#341,#1849,#1855,#1861,#364,#1865,#1871,#1877,#387,#1881,#1887,#1893,#410,#1897,#1903,#1909,#433,#1913));
#1814=ORIENTED_EDGE('',*,*,#1815,.F.);
#1815=EDGE_CURVE('',#933,#710,#1816,.T.);
#1816=LINE('',#934,#42);
#1817=ORIENTED_EDGE('',*,*,#1818,.T.);
#1818=EDGE_CURVE('',#296,#1819,#1821,.T.);
#1819=VERTEX_POINT('',#1820);
#1820=CARTESIAN_POINT('',(-1.375,-1.99,0.2));
#1821=LINE('',#1822,#60);
#1822=CARTESIAN_POINT('',(-1.375,-1.99,1.E-002));
#1823=ORIENTED_EDGE('',*,*,#1824,.T.);
#1824=EDGE_CURVE('',#1819,#1825,#1827,.T.);
#1825=VERTEX_POINT('',#1826);
#1826=CARTESIAN_POINT('',(-1.125,-1.99,0.2));
#1827=LINE('',#1828,#42);
#1828=CARTESIAN_POINT('',(-1.5575,-1.99,0.2));
#1829=ORIENTED_EDGE('',*,*,#1830,.T.);
#1830=EDGE_CURVE('',#1825,#314,#1831,.T.);
#1831=LINE('',#1832,#72);
#1832=CARTESIAN_POINT('',(-1.125,-1.99,1.E-002));
#1833=ORIENTED_EDGE('',*,*,#1834,.T.);
#1834=EDGE_CURVE('',#320,#1835,#1837,.T.);
#1835=VERTEX_POINT('',#1836);
#1836=CARTESIAN_POINT('',(-0.875,-1.99,0.2));
#1837=LINE('',#1838,#60);
#1838=CARTESIAN_POINT('',(-0.875,-1.99,1.E-002));
#1839=ORIENTED_EDGE('',*,*,#1840,.T.);
#1840=EDGE_CURVE('',#1835,#1841,#1843,.T.);
#1841=VERTEX_POINT('',#1842);
#1842=CARTESIAN_POINT('',(-0.625,-1.99,0.2));
#1843=LINE('',#1844,#42);
#1844=CARTESIAN_POINT('',(-1.3075,-1.99,0.2));
#1845=ORIENTED_EDGE('',*,*,#1846,.T.);
#1846=EDGE_CURVE('',#1841,#337,#1847,.T.);
#1847=LINE('',#1848,#72);
#1848=CARTESIAN_POINT('',(-0.625,-1.99,1.E-002));
#1849=ORIENTED_EDGE('',*,*,#1850,.T.);
#1850=EDGE_CURVE('',#343,#1851,#1853,.T.);
#1851=VERTEX_POINT('',#1852);
#1852=CARTESIAN_POINT('',(-0.375,-1.99,0.2));
#1853=LINE('',#1854,#60);
#1854=CARTESIAN_POINT('',(-0.375,-1.99,1.E-002));
#1855=ORIENTED_EDGE('',*,*,#1856,.T.);
#1856=EDGE_CURVE('',#1851,#1857,#1859,.T.);
#1857=VERTEX_POINT('',#1858);
#1858=CARTESIAN_POINT('',(-0.125,-1.99,0.2));
#1859=LINE('',#1860,#42);
#1860=CARTESIAN_POINT('',(-1.0575,-1.99,0.2));
#1861=ORIENTED_EDGE('',*,*,#1862,.T.);
#1862=EDGE_CURVE('',#1857,#360,#1863,.T.);
#1863=LINE('',#1864,#72);
#1864=CARTESIAN_POINT('',(-0.125,-1.99,1.E-002));
#1865=ORIENTED_EDGE('',*,*,#1866,.T.);
#1866=EDGE_CURVE('',#366,#1867,#1869,.T.);
#1867=VERTEX_POINT('',#1868);
#1868=CARTESIAN_POINT('',(0.125,-1.99,0.2));
#1869=LINE('',#1870,#60);
#1870=CARTESIAN_POINT('',(0.125,-1.99,1.E-002));
#1871=ORIENTED_EDGE('',*,*,#1872,.T.);
#1872=EDGE_CURVE('',#1867,#1873,#1875,.T.);
#1873=VERTEX_POINT('',#1874);
#1874=CARTESIAN_POINT('',(0.375,-1.99,0.2));
#1875=LINE('',#1876,#42);
#1876=CARTESIAN_POINT('',(-0.8075,-1.99,0.2));
#1877=ORIENTED_EDGE('',*,*,#1878,.T.);
#1878=EDGE_CURVE('',#1873,#383,#1879,.T.);
#1879=LINE('',#1880,#72);
#1880=CARTESIAN_POINT('',(0.375,-1.99,1.E-002));
#1881=ORIENTED_EDGE('',*,*,#1882,.T.);
#1882=EDGE_CURVE('',#389,#1883,#1885,.T.);
#1883=VERTEX_POINT('',#1884);
#1884=CARTESIAN_POINT('',(0.625,-1.99,0.2));
#1885=LINE('',#1886,#60);
#1886=CARTESIAN_POINT('',(0.625,-1.99,1.E-002));
#1887=ORIENTED_EDGE('',*,*,#1888,.T.);
#1888=EDGE_CURVE('',#1883,#1889,#1891,.T.);
#1889=VERTEX_POINT('',#1890);
#1890=CARTESIAN_POINT('',(0.875,-1.99,0.2));
#1891=LINE('',#1892,#42);
#1892=CARTESIAN_POINT('',(-0.5575,-1.99,0.2));
#1893=ORIENTED_EDGE('',*,*,#1894,.T.);
#1894=EDGE_CURVE('',#1889,#406,#1895,.T.);
#1895=LINE('',#1896,#72);
#1896=CARTESIAN_POINT('',(0.875,-1.99,1.E-002));
#1897=ORIENTED_EDGE('',*,*,#1898,.T.);
#1898=EDGE_CURVE('',#412,#1899,#1901,.T.);
#1899=VERTEX_POINT('',#1900);
#1900=CARTESIAN_POINT('',(1.125,-1.99,0.2));
#1901=LINE('',#1902,#60);
#1902=CARTESIAN_POINT('',(1.125,-1.99,1.E-002));
#1903=ORIENTED_EDGE('',*,*,#1904,.T.);
#1904=EDGE_CURVE('',#1899,#1905,#1907,.T.);
#1905=VERTEX_POINT('',#1906);
#1906=CARTESIAN_POINT('',(1.375,-1.99,0.2));
#1907=LINE('',#1908,#42);
#1908=CARTESIAN_POINT('',(-0.3075,-1.99,0.2));
#1909=ORIENTED_EDGE('',*,*,#1910,.T.);
#1910=EDGE_CURVE('',#1905,#429,#1911,.T.);
#1911=LINE('',#1912,#72);
#1912=CARTESIAN_POINT('',(1.375,-1.99,1.E-002));
#1913=ORIENTED_EDGE('',*,*,#714,.T.);
#1914=PLANE('',#1915);
#1915=AXIS2_PLACEMENT_3D('',#293,#50,#13);
#1916=ADVANCED_FACE('',(#1917),#1939,.F.);
#1917=FACE_BOUND('',#1918,.F.);
#1918=EDGE_LOOP('',(#1919,#1926,#1929,#1817,#1930,#1936));
#1919=ORIENTED_EDGE('',*,*,#1920,.F.);
#1920=EDGE_CURVE('',#1921,#1923,#1925,.T.);
#1921=VERTEX_POINT('',#1922);
#1922=CARTESIAN_POINT('',(-1.375,-1.725,0.E+000));
#1923=VERTEX_POINT('',#1924);
#1924=CARTESIAN_POINT('',(-1.375,-2.,0.E+000));
#1925=LINE('',#1922,#155);
#1926=ORIENTED_EDGE('',*,*,#1927,.T.);
#1927=EDGE_CURVE('',#1921,#301,#1928,.T.);
#1928=LINE('',#1922,#60);
#1929=ORIENTED_EDGE('',*,*,#300,.F.);
#1930=ORIENTED_EDGE('',*,*,#1931,.T.);
#1931=EDGE_CURVE('',#1819,#1932,#1934,.T.);
#1932=VERTEX_POINT('',#1933);
#1933=CARTESIAN_POINT('',(-1.375,-2.,0.2));
#1934=LINE('',#1935,#155);
#1935=CARTESIAN_POINT('',(-1.375,-1.725,0.2));
#1936=ORIENTED_EDGE('',*,*,#1937,.F.);
#1937=EDGE_CURVE('',#1923,#1932,#1938,.T.);
#1938=LINE('',#1924,#60);
#1939=PLANE('',#1940);
#1940=AXIS2_PLACEMENT_3D('',#1922,#14,#50);
#1941=ADVANCED_FACE('',(#1942),#1956,.T.);
#1942=FACE_BOUND('',#1943,.F.);
#1943=EDGE_LOOP('',(#1944,#1951,#1954,#1955));
#1944=ORIENTED_EDGE('',*,*,#1945,.F.);
#1945=EDGE_CURVE('',#1946,#1921,#1948,.T.);
#1946=VERTEX_POINT('',#1947);
#1947=CARTESIAN_POINT('',(-1.125,-1.725,0.E+000));
#1948=CIRCLE('',#1949,0.125);
#1949=AXIS2_PLACEMENT_3D('',#1950,#13,#14);
#1950=CARTESIAN_POINT('',(-1.25,-1.725,0.E+000));
#1951=ORIENTED_EDGE('',*,*,#1952,.T.);
#1952=EDGE_CURVE('',#1946,#307,#1953,.T.);
#1953=LINE('',#1947,#60);
#1954=ORIENTED_EDGE('',*,*,#306,.F.);
#1955=ORIENTED_EDGE('',*,*,#1927,.F.);
#1956=CYLINDRICAL_SURFACE('',#1957,0.125);
#1957=AXIS2_PLACEMENT_3D('',#1950,#49,#14);
#1958=ADVANCED_FACE('',(#1959),#1976,.F.);
#1959=FACE_BOUND('',#1960,.F.);
#1960=EDGE_LOOP('',(#1961,#1966,#1971,#1829,#1974,#1975));
#1961=ORIENTED_EDGE('',*,*,#1962,.F.);
#1962=EDGE_CURVE('',#1963,#1946,#1965,.T.);
#1963=VERTEX_POINT('',#1964);
#1964=CARTESIAN_POINT('',(-1.125,-2.,0.E+000));
#1965=LINE('',#1964,#46);
#1966=ORIENTED_EDGE('',*,*,#1967,.T.);
#1967=EDGE_CURVE('',#1963,#1968,#1970,.T.);
#1968=VERTEX_POINT('',#1969);
#1969=CARTESIAN_POINT('',(-1.125,-2.,0.2));
#1970=LINE('',#1964,#60);
#1971=ORIENTED_EDGE('',*,*,#1972,.T.);
#1972=EDGE_CURVE('',#1968,#1825,#1973,.T.);
#1973=LINE('',#1969,#46);
#1974=ORIENTED_EDGE('',*,*,#313,.F.);
#1975=ORIENTED_EDGE('',*,*,#1952,.F.);
#1976=PLANE('',#1977);
#1977=AXIS2_PLACEMENT_3D('',#1964,#28,#36);
#1978=ADVANCED_FACE('',(#1979),#2000,.F.);
#1979=FACE_BOUND('',#1980,.F.);
#1980=EDGE_LOOP('',(#1981,#1988,#1993,#792,#1996,#1997));
#1981=ORIENTED_EDGE('',*,*,#1982,.F.);
#1982=EDGE_CURVE('',#1983,#1985,#1987,.T.);
#1983=VERTEX_POINT('',#1984);
#1984=CARTESIAN_POINT('',(2.,0.875,0.E+000));
#1985=VERTEX_POINT('',#1986);
#1986=CARTESIAN_POINT('',(1.725,0.875,0.E+000));
#1987=LINE('',#1984,#27);
#1988=ORIENTED_EDGE('',*,*,#1989,.T.);
#1989=EDGE_CURVE('',#1983,#1990,#1992,.T.);
#1990=VERTEX_POINT('',#1991);
#1991=CARTESIAN_POINT('',(2.,0.875,0.2));
#1992=LINE('',#1984,#60);
#1993=ORIENTED_EDGE('',*,*,#1994,.T.);
#1994=EDGE_CURVE('',#1990,#788,#1995,.T.);
#1995=LINE('',#1991,#27);
#1996=ORIENTED_EDGE('',*,*,#549,.F.);
#1997=ORIENTED_EDGE('',*,*,#1998,.F.);
#1998=EDGE_CURVE('',#1985,#543,#1999,.T.);
#1999=LINE('',#1986,#60);
#2000=PLANE('',#2001);
#2001=AXIS2_PLACEMENT_3D('',#1984,#50,#28);
#2002=ADVANCED_FACE('',(#2003),#2025,.F.);
#2003=FACE_BOUND('',#2004,.F.);
#2004=EDGE_LOOP('',(#2005,#2012,#2015,#1833,#2016,#2022));
#2005=ORIENTED_EDGE('',*,*,#2006,.F.);
#2006=EDGE_CURVE('',#2007,#2009,#2011,.T.);
#2007=VERTEX_POINT('',#2008);
#2008=CARTESIAN_POINT('',(-0.875,-1.725,0.E+000));
#2009=VERTEX_POINT('',#2010);
#2010=CARTESIAN_POINT('',(-0.875,-2.,0.E+000));
#2011=LINE('',#2008,#155);
#2012=ORIENTED_EDGE('',*,*,#2013,.T.);
#2013=EDGE_CURVE('',#2007,#324,#2014,.T.);
#2014=LINE('',#2008,#60);
#2015=ORIENTED_EDGE('',*,*,#323,.F.);
#2016=ORIENTED_EDGE('',*,*,#2017,.T.);
#2017=EDGE_CURVE('',#1835,#2018,#2020,.T.);
#2018=VERTEX_POINT('',#2019);
#2019=CARTESIAN_POINT('',(-0.875,-2.,0.2));
#2020=LINE('',#2021,#155);
#2021=CARTESIAN_POINT('',(-0.875,-1.725,0.2));
#2022=ORIENTED_EDGE('',*,*,#2023,.F.);
#2023=EDGE_CURVE('',#2009,#2018,#2024,.T.);
#2024=LINE('',#2010,#60);
#2025=PLANE('',#2026);
#2026=AXIS2_PLACEMENT_3D('',#2008,#14,#50);
#2027=ADVANCED_FACE('',(#2028),#2042,.T.);
#2028=FACE_BOUND('',#2029,.F.);
#2029=EDGE_LOOP('',(#2030,#2037,#2038,#2039));
#2030=ORIENTED_EDGE('',*,*,#2031,.F.);
#2031=EDGE_CURVE('',#1985,#2032,#2034,.T.);
#2032=VERTEX_POINT('',#2033);
#2033=CARTESIAN_POINT('',(1.725,0.625,0.E+000));
#2034=CIRCLE('',#2035,0.125);
#2035=AXIS2_PLACEMENT_3D('',#2036,#13,#36);
#2036=CARTESIAN_POINT('',(1.725,0.75,0.E+000));
#2037=ORIENTED_EDGE('',*,*,#1998,.T.);
#2038=ORIENTED_EDGE('',*,*,#542,.F.);
#2039=ORIENTED_EDGE('',*,*,#2040,.F.);
#2040=EDGE_CURVE('',#2032,#537,#2041,.T.);
#2041=LINE('',#2033,#60);
#2042=CYLINDRICAL_SURFACE('',#2043,0.125);
#2043=AXIS2_PLACEMENT_3D('',#2036,#49,#36);
#2044=ADVANCED_FACE('',(#2045),#2059,.T.);
#2045=FACE_BOUND('',#2046,.F.);
#2046=EDGE_LOOP('',(#2047,#2054,#2057,#2058));
#2047=ORIENTED_EDGE('',*,*,#2048,.F.);
#2048=EDGE_CURVE('',#2049,#2007,#2051,.T.);
#2049=VERTEX_POINT('',#2050);
#2050=CARTESIAN_POINT('',(-0.625,-1.725,0.E+000));
#2051=CIRCLE('',#2052,0.125);
#2052=AXIS2_PLACEMENT_3D('',#2053,#13,#14);
#2053=CARTESIAN_POINT('',(-0.75,-1.725,0.E+000));
#2054=ORIENTED_EDGE('',*,*,#2055,.T.);
#2055=EDGE_CURVE('',#2049,#330,#2056,.T.);
#2056=LINE('',#2050,#60);
#2057=ORIENTED_EDGE('',*,*,#329,.F.);
#2058=ORIENTED_EDGE('',*,*,#2013,.F.);
#2059=CYLINDRICAL_SURFACE('',#2060,0.125);
#2060=AXIS2_PLACEMENT_3D('',#2053,#49,#14);
#2061=ADVANCED_FACE('',(#2062),#2080,.F.);
#2062=FACE_BOUND('',#2063,.F.);
#2063=EDGE_LOOP('',(#2064,#2069,#2070,#780,#2071,#2077));
#2064=ORIENTED_EDGE('',*,*,#2065,.F.);
#2065=EDGE_CURVE('',#2032,#2066,#2068,.T.);
#2066=VERTEX_POINT('',#2067);
#2067=CARTESIAN_POINT('',(2.,0.625,0.E+000));
#2068=LINE('',#2033,#42);
#2069=ORIENTED_EDGE('',*,*,#2040,.T.);
#2070=ORIENTED_EDGE('',*,*,#536,.F.);
#2071=ORIENTED_EDGE('',*,*,#2072,.T.);
#2072=EDGE_CURVE('',#782,#2073,#2075,.T.);
#2073=VERTEX_POINT('',#2074);
#2074=CARTESIAN_POINT('',(2.,0.625,0.2));
#2075=LINE('',#2076,#42);
#2076=CARTESIAN_POINT('',(1.725,0.625,0.2));
#2077=ORIENTED_EDGE('',*,*,#2078,.F.);
#2078=EDGE_CURVE('',#2066,#2073,#2079,.T.);
#2079=LINE('',#2067,#60);
#2080=PLANE('',#2081);
#2081=AXIS2_PLACEMENT_3D('',#2033,#36,#14);
#2082=ADVANCED_FACE('',(#2083),#2100,.F.);
#2083=FACE_BOUND('',#2084,.F.);
#2084=EDGE_LOOP('',(#2085,#2090,#2095,#1845,#2098,#2099));
#2085=ORIENTED_EDGE('',*,*,#2086,.F.);
#2086=EDGE_CURVE('',#2087,#2049,#2089,.T.);
#2087=VERTEX_POINT('',#2088);
#2088=CARTESIAN_POINT('',(-0.625,-2.,0.E+000));
#2089=LINE('',#2088,#46);
#2090=ORIENTED_EDGE('',*,*,#2091,.T.);
#2091=EDGE_CURVE('',#2087,#2092,#2094,.T.);
#2092=VERTEX_POINT('',#2093);
#2093=CARTESIAN_POINT('',(-0.625,-2.,0.2));
#2094=LINE('',#2088,#60);
#2095=ORIENTED_EDGE('',*,*,#2096,.T.);
#2096=EDGE_CURVE('',#2092,#1841,#2097,.T.);
#2097=LINE('',#2093,#46);
#2098=ORIENTED_EDGE('',*,*,#336,.F.);
#2099=ORIENTED_EDGE('',*,*,#2055,.F.);
#2100=PLANE('',#2101);
#2101=AXIS2_PLACEMENT_3D('',#2088,#28,#36);
#2102=ADVANCED_FACE('',(#2103),#2124,.F.);
#2103=FACE_BOUND('',#2104,.F.);
#2104=EDGE_LOOP('',(#2105,#2112,#2117,#776,#2120,#2121));
#2105=ORIENTED_EDGE('',*,*,#2106,.F.);
#2106=EDGE_CURVE('',#2107,#2109,#2111,.T.);
#2107=VERTEX_POINT('',#2108);
#2108=CARTESIAN_POINT('',(2.,0.375,0.E+000));
#2109=VERTEX_POINT('',#2110);
#2110=CARTESIAN_POINT('',(1.725,0.375,0.E+000));
#2111=LINE('',#2108,#27);
#2112=ORIENTED_EDGE('',*,*,#2113,.T.);
#2113=EDGE_CURVE('',#2107,#2114,#2116,.T.);
#2114=VERTEX_POINT('',#2115);
#2115=CARTESIAN_POINT('',(2.,0.375,0.2));
#2116=LINE('',#2108,#60);
#2117=ORIENTED_EDGE('',*,*,#2118,.T.);
#2118=EDGE_CURVE('',#2114,#772,#2119,.T.);
#2119=LINE('',#2115,#27);
#2120=ORIENTED_EDGE('',*,*,#526,.F.);
#2121=ORIENTED_EDGE('',*,*,#2122,.F.);
#2122=EDGE_CURVE('',#2109,#520,#2123,.T.);
#2123=LINE('',#2110,#60);
#2124=PLANE('',#2125);
#2125=AXIS2_PLACEMENT_3D('',#2108,#50,#28);
#2126=ADVANCED_FACE('',(#2127),#2149,.F.);
#2127=FACE_BOUND('',#2128,.F.);
#2128=EDGE_LOOP('',(#2129,#2136,#2139,#1849,#2140,#2146));
#2129=ORIENTED_EDGE('',*,*,#2130,.F.);
#2130=EDGE_CURVE('',#2131,#2133,#2135,.T.);
#2131=VERTEX_POINT('',#2132);
#2132=CARTESIAN_POINT('',(-0.375,-1.725,0.E+000));
#2133=VERTEX_POINT('',#2134);
#2134=CARTESIAN_POINT('',(-0.375,-2.,0.E+000));
#2135=LINE('',#2132,#155);
#2136=ORIENTED_EDGE('',*,*,#2137,.T.);
#2137=EDGE_CURVE('',#2131,#347,#2138,.T.);
#2138=LINE('',#2132,#60);
#2139=ORIENTED_EDGE('',*,*,#346,.F.);
#2140=ORIENTED_EDGE('',*,*,#2141,.T.);
#2141=EDGE_CURVE('',#1851,#2142,#2144,.T.);
#2142=VERTEX_POINT('',#2143);
#2143=CARTESIAN_POINT('',(-0.375,-2.,0.2));
#2144=LINE('',#2145,#155);
#2145=CARTESIAN_POINT('',(-0.375,-1.725,0.2));
#2146=ORIENTED_EDGE('',*,*,#2147,.F.);
#2147=EDGE_CURVE('',#2133,#2142,#2148,.T.);
#2148=LINE('',#2134,#60);
#2149=PLANE('',#2150);
#2150=AXIS2_PLACEMENT_3D('',#2132,#14,#50);
#2151=ADVANCED_FACE('',(#2152),#2166,.T.);
#2152=FACE_BOUND('',#2153,.F.);
#2153=EDGE_LOOP('',(#2154,#2161,#2162,#2163));
#2154=ORIENTED_EDGE('',*,*,#2155,.F.);
#2155=EDGE_CURVE('',#2109,#2156,#2158,.T.);
#2156=VERTEX_POINT('',#2157);
#2157=CARTESIAN_POINT('',(1.725,0.125,0.E+000));
#2158=CIRCLE('',#2159,0.125);
#2159=AXIS2_PLACEMENT_3D('',#2160,#13,#36);
#2160=CARTESIAN_POINT('',(1.725,0.25,0.E+000));
#2161=ORIENTED_EDGE('',*,*,#2122,.T.);
#2162=ORIENTED_EDGE('',*,*,#519,.F.);
#2163=ORIENTED_EDGE('',*,*,#2164,.F.);
#2164=EDGE_CURVE('',#2156,#514,#2165,.T.);
#2165=LINE('',#2157,#60);
#2166=CYLINDRICAL_SURFACE('',#2167,0.125);
#2167=AXIS2_PLACEMENT_3D('',#2160,#49,#36);
#2168=ADVANCED_FACE('',(#2169),#2183,.T.);
#2169=FACE_BOUND('',#2170,.F.);
#2170=EDGE_LOOP('',(#2171,#2178,#2181,#2182));
#2171=ORIENTED_EDGE('',*,*,#2172,.F.);
#2172=EDGE_CURVE('',#2173,#2131,#2175,.T.);
#2173=VERTEX_POINT('',#2174);
#2174=CARTESIAN_POINT('',(-0.125,-1.725,0.E+000));
#2175=CIRCLE('',#2176,0.125);
#2176=AXIS2_PLACEMENT_3D('',#2177,#13,#14);
#2177=CARTESIAN_POINT('',(-0.25,-1.725,0.E+000));
#2178=ORIENTED_EDGE('',*,*,#2179,.T.);
#2179=EDGE_CURVE('',#2173,#353,#2180,.T.);
#2180=LINE('',#2174,#60);
#2181=ORIENTED_EDGE('',*,*,#352,.F.);
#2182=ORIENTED_EDGE('',*,*,#2137,.F.);
#2183=CYLINDRICAL_SURFACE('',#2184,0.125);
#2184=AXIS2_PLACEMENT_3D('',#2177,#49,#14);
#2185=ADVANCED_FACE('',(#2186),#2204,.F.);
#2186=FACE_BOUND('',#2187,.F.);
#2187=EDGE_LOOP('',(#2188,#2193,#2194,#764,#2195,#2201));
#2188=ORIENTED_EDGE('',*,*,#2189,.F.);
#2189=EDGE_CURVE('',#2156,#2190,#2192,.T.);
#2190=VERTEX_POINT('',#2191);
#2191=CARTESIAN_POINT('',(2.,0.125,0.E+000));
#2192=LINE('',#2157,#42);
#2193=ORIENTED_EDGE('',*,*,#2164,.T.);
#2194=ORIENTED_EDGE('',*,*,#513,.F.);
#2195=ORIENTED_EDGE('',*,*,#2196,.T.);
#2196=EDGE_CURVE('',#766,#2197,#2199,.T.);
#2197=VERTEX_POINT('',#2198);
#2198=CARTESIAN_POINT('',(2.,0.125,0.2));
#2199=LINE('',#2200,#42);
#2200=CARTESIAN_POINT('',(1.725,0.125,0.2));
#2201=ORIENTED_EDGE('',*,*,#2202,.F.);
#2202=EDGE_CURVE('',#2190,#2197,#2203,.T.);
#2203=LINE('',#2191,#60);
#2204=PLANE('',#2205);
#2205=AXIS2_PLACEMENT_3D('',#2157,#36,#14);
#2206=ADVANCED_FACE('',(#2207),#2224,.F.);
#2207=FACE_BOUND('',#2208,.F.);
#2208=EDGE_LOOP('',(#2209,#2214,#2219,#1861,#2222,#2223));
#2209=ORIENTED_EDGE('',*,*,#2210,.F.);
#2210=EDGE_CURVE('',#2211,#2173,#2213,.T.);
#2211=VERTEX_POINT('',#2212);
#2212=CARTESIAN_POINT('',(-0.125,-2.,0.E+000));
#2213=LINE('',#2212,#46);
#2214=ORIENTED_EDGE('',*,*,#2215,.T.);
#2215=EDGE_CURVE('',#2211,#2216,#2218,.T.);
#2216=VERTEX_POINT('',#2217);
#2217=CARTESIAN_POINT('',(-0.125,-2.,0.2));
#2218=LINE('',#2212,#60);
#2219=ORIENTED_EDGE('',*,*,#2220,.T.);
#2220=EDGE_CURVE('',#2216,#1857,#2221,.T.);
#2221=LINE('',#2217,#46);
#2222=ORIENTED_EDGE('',*,*,#359,.F.);
#2223=ORIENTED_EDGE('',*,*,#2179,.F.);
#2224=PLANE('',#2225);
#2225=AXIS2_PLACEMENT_3D('',#2212,#28,#36);
#2226=ADVANCED_FACE('',(#2227),#2248,.F.);
#2227=FACE_BOUND('',#2228,.F.);
#2228=EDGE_LOOP('',(#2229,#2236,#2241,#760,#2244,#2245));
#2229=ORIENTED_EDGE('',*,*,#2230,.F.);
#2230=EDGE_CURVE('',#2231,#2233,#2235,.T.);
#2231=VERTEX_POINT('',#2232);
#2232=CARTESIAN_POINT('',(2.,-0.125,0.E+000));
#2233=VERTEX_POINT('',#2234);
#2234=CARTESIAN_POINT('',(1.725,-0.125,0.E+000));
#2235=LINE('',#2232,#27);
#2236=ORIENTED_EDGE('',*,*,#2237,.T.);
#2237=EDGE_CURVE('',#2231,#2238,#2240,.T.);
#2238=VERTEX_POINT('',#2239);
#2239=CARTESIAN_POINT('',(2.,-0.125,0.2));
#2240=LINE('',#2232,#60);
#2241=ORIENTED_EDGE('',*,*,#2242,.T.);
#2242=EDGE_CURVE('',#2238,#756,#2243,.T.);
#2243=LINE('',#2239,#27);
#2244=ORIENTED_EDGE('',*,*,#503,.F.);
#2245=ORIENTED_EDGE('',*,*,#2246,.F.);
#2246=EDGE_CURVE('',#2233,#497,#2247,.T.);
#2247=LINE('',#2234,#60);
#2248=PLANE('',#2249);
#2249=AXIS2_PLACEMENT_3D('',#2232,#50,#28);
#2250=ADVANCED_FACE('',(#2251),#2273,.F.);
#2251=FACE_BOUND('',#2252,.F.);
#2252=EDGE_LOOP('',(#2253,#2260,#2263,#1865,#2264,#2270));
#2253=ORIENTED_EDGE('',*,*,#2254,.F.);
#2254=EDGE_CURVE('',#2255,#2257,#2259,.T.);
#2255=VERTEX_POINT('',#2256);
#2256=CARTESIAN_POINT('',(0.125,-1.725,0.E+000));
#2257=VERTEX_POINT('',#2258);
#2258=CARTESIAN_POINT('',(0.125,-2.,0.E+000));
#2259=LINE('',#2256,#155);
#2260=ORIENTED_EDGE('',*,*,#2261,.T.);
#2261=EDGE_CURVE('',#2255,#370,#2262,.T.);
#2262=LINE('',#2256,#60);
#2263=ORIENTED_EDGE('',*,*,#369,.F.);
#2264=ORIENTED_EDGE('',*,*,#2265,.T.);
#2265=EDGE_CURVE('',#1867,#2266,#2268,.T.);
#2266=VERTEX_POINT('',#2267);
#2267=CARTESIAN_POINT('',(0.125,-2.,0.2));
#2268=LINE('',#2269,#155);
#2269=CARTESIAN_POINT('',(0.125,-1.725,0.2));
#2270=ORIENTED_EDGE('',*,*,#2271,.F.);
#2271=EDGE_CURVE('',#2257,#2266,#2272,.T.);
#2272=LINE('',#2258,#60);
#2273=PLANE('',#2274);
#2274=AXIS2_PLACEMENT_3D('',#2256,#14,#50);
#2275=ADVANCED_FACE('',(#2276),#2290,.T.);
#2276=FACE_BOUND('',#2277,.F.);
#2277=EDGE_LOOP('',(#2278,#2285,#2286,#2287));
#2278=ORIENTED_EDGE('',*,*,#2279,.F.);
#2279=EDGE_CURVE('',#2233,#2280,#2282,.T.);
#2280=VERTEX_POINT('',#2281);
#2281=CARTESIAN_POINT('',(1.725,-0.375,0.E+000));
#2282=CIRCLE('',#2283,0.125);
#2283=AXIS2_PLACEMENT_3D('',#2284,#13,#36);
#2284=CARTESIAN_POINT('',(1.725,-0.25,0.E+000));
#2285=ORIENTED_EDGE('',*,*,#2246,.T.);
#2286=ORIENTED_EDGE('',*,*,#496,.F.);
#2287=ORIENTED_EDGE('',*,*,#2288,.F.);
#2288=EDGE_CURVE('',#2280,#491,#2289,.T.);
#2289=LINE('',#2281,#60);
#2290=CYLINDRICAL_SURFACE('',#2291,0.125);
#2291=AXIS2_PLACEMENT_3D('',#2284,#49,#36);
#2292=ADVANCED_FACE('',(#2293),#2307,.T.);
#2293=FACE_BOUND('',#2294,.F.);
#2294=EDGE_LOOP('',(#2295,#2302,#2305,#2306));
#2295=ORIENTED_EDGE('',*,*,#2296,.F.);
#2296=EDGE_CURVE('',#2297,#2255,#2299,.T.);
#2297=VERTEX_POINT('',#2298);
#2298=CARTESIAN_POINT('',(0.375,-1.725,0.E+000));
#2299=CIRCLE('',#2300,0.125);
#2300=AXIS2_PLACEMENT_3D('',#2301,#13,#14);
#2301=CARTESIAN_POINT('',(0.25,-1.725,0.E+000));
#2302=ORIENTED_EDGE('',*,*,#2303,.T.);
#2303=EDGE_CURVE('',#2297,#376,#2304,.T.);
#2304=LINE('',#2298,#60);
#2305=ORIENTED_EDGE('',*,*,#375,.F.);
#2306=ORIENTED_EDGE('',*,*,#2261,.F.);
#2307=CYLINDRICAL_SURFACE('',#2308,0.125);
#2308=AXIS2_PLACEMENT_3D('',#2301,#49,#14);
#2309=ADVANCED_FACE('',(#2310),#2328,.F.);
#2310=FACE_BOUND('',#2311,.F.);
#2311=EDGE_LOOP('',(#2312,#2317,#2318,#748,#2319,#2325));
#2312=ORIENTED_EDGE('',*,*,#2313,.F.);
#2313=EDGE_CURVE('',#2280,#2314,#2316,.T.);
#2314=VERTEX_POINT('',#2315);
#2315=CARTESIAN_POINT('',(2.,-0.375,0.E+000));
#2316=LINE('',#2281,#42);
#2317=ORIENTED_EDGE('',*,*,#2288,.T.);
#2318=ORIENTED_EDGE('',*,*,#490,.F.);
#2319=ORIENTED_EDGE('',*,*,#2320,.T.);
#2320=EDGE_CURVE('',#750,#2321,#2323,.T.);
#2321=VERTEX_POINT('',#2322);
#2322=CARTESIAN_POINT('',(2.,-0.375,0.2));
#2323=LINE('',#2324,#42);
#2324=CARTESIAN_POINT('',(1.725,-0.375,0.2));
#2325=ORIENTED_EDGE('',*,*,#2326,.F.);
#2326=EDGE_CURVE('',#2314,#2321,#2327,.T.);
#2327=LINE('',#2315,#60);
#2328=PLANE('',#2329);
#2329=AXIS2_PLACEMENT_3D('',#2281,#36,#14);
#2330=ADVANCED_FACE('',(#2331),#2348,.F.);
#2331=FACE_BOUND('',#2332,.F.);
#2332=EDGE_LOOP('',(#2333,#2338,#2343,#1877,#2346,#2347));
#2333=ORIENTED_EDGE('',*,*,#2334,.F.);
#2334=EDGE_CURVE('',#2335,#2297,#2337,.T.);
#2335=VERTEX_POINT('',#2336);
#2336=CARTESIAN_POINT('',(0.375,-2.,0.E+000));
#2337=LINE('',#2336,#46);
#2338=ORIENTED_EDGE('',*,*,#2339,.T.);
#2339=EDGE_CURVE('',#2335,#2340,#2342,.T.);
#2340=VERTEX_POINT('',#2341);
#2341=CARTESIAN_POINT('',(0.375,-2.,0.2));
#2342=LINE('',#2336,#60);
#2343=ORIENTED_EDGE('',*,*,#2344,.T.);
#2344=EDGE_CURVE('',#2340,#1873,#2345,.T.);
#2345=LINE('',#2341,#46);
#2346=ORIENTED_EDGE('',*,*,#382,.F.);
#2347=ORIENTED_EDGE('',*,*,#2303,.F.);
#2348=PLANE('',#2349);
#2349=AXIS2_PLACEMENT_3D('',#2336,#28,#36);
#2350=ADVANCED_FACE('',(#2351),#2372,.F.);
#2351=FACE_BOUND('',#2352,.F.);
#2352=EDGE_LOOP('',(#2353,#2360,#2365,#744,#2368,#2369));
#2353=ORIENTED_EDGE('',*,*,#2354,.F.);
#2354=EDGE_CURVE('',#2355,#2357,#2359,.T.);
#2355=VERTEX_POINT('',#2356);
#2356=CARTESIAN_POINT('',(2.,-0.625,0.E+000));
#2357=VERTEX_POINT('',#2358);
#2358=CARTESIAN_POINT('',(1.725,-0.625,0.E+000));
#2359=LINE('',#2356,#27);
#2360=ORIENTED_EDGE('',*,*,#2361,.T.);
#2361=EDGE_CURVE('',#2355,#2362,#2364,.T.);
#2362=VERTEX_POINT('',#2363);
#2363=CARTESIAN_POINT('',(2.,-0.625,0.2));
#2364=LINE('',#2356,#60);
#2365=ORIENTED_EDGE('',*,*,#2366,.T.);
#2366=EDGE_CURVE('',#2362,#740,#2367,.T.);
#2367=LINE('',#2363,#27);
#2368=ORIENTED_EDGE('',*,*,#480,.F.);
#2369=ORIENTED_EDGE('',*,*,#2370,.F.);
#2370=EDGE_CURVE('',#2357,#474,#2371,.T.);
#2371=LINE('',#2358,#60);
#2372=PLANE('',#2373);
#2373=AXIS2_PLACEMENT_3D('',#2356,#50,#28);
#2374=ADVANCED_FACE('',(#2375),#2397,.F.);
#2375=FACE_BOUND('',#2376,.F.);
#2376=EDGE_LOOP('',(#2377,#2384,#2387,#1881,#2388,#2394));
#2377=ORIENTED_EDGE('',*,*,#2378,.F.);
#2378=EDGE_CURVE('',#2379,#2381,#2383,.T.);
#2379=VERTEX_POINT('',#2380);
#2380=CARTESIAN_POINT('',(0.625,-1.725,0.E+000));
#2381=VERTEX_POINT('',#2382);
#2382=CARTESIAN_POINT('',(0.625,-2.,0.E+000));
#2383=LINE('',#2380,#155);
#2384=ORIENTED_EDGE('',*,*,#2385,.T.);
#2385=EDGE_CURVE('',#2379,#393,#2386,.T.);
#2386=LINE('',#2380,#60);
#2387=ORIENTED_EDGE('',*,*,#392,.F.);
#2388=ORIENTED_EDGE('',*,*,#2389,.T.);
#2389=EDGE_CURVE('',#1883,#2390,#2392,.T.);
#2390=VERTEX_POINT('',#2391);
#2391=CARTESIAN_POINT('',(0.625,-2.,0.2));
#2392=LINE('',#2393,#155);
#2393=CARTESIAN_POINT('',(0.625,-1.725,0.2));
#2394=ORIENTED_EDGE('',*,*,#2395,.F.);
#2395=EDGE_CURVE('',#2381,#2390,#2396,.T.);
#2396=LINE('',#2382,#60);
#2397=PLANE('',#2398);
#2398=AXIS2_PLACEMENT_3D('',#2380,#14,#50);
#2399=ADVANCED_FACE('',(#2400),#2414,.T.);
#2400=FACE_BOUND('',#2401,.F.);
#2401=EDGE_LOOP('',(#2402,#2409,#2410,#2411));
#2402=ORIENTED_EDGE('',*,*,#2403,.F.);
#2403=EDGE_CURVE('',#2357,#2404,#2406,.T.);
#2404=VERTEX_POINT('',#2405);
#2405=CARTESIAN_POINT('',(1.725,-0.875,0.E+000));
#2406=CIRCLE('',#2407,0.125);
#2407=AXIS2_PLACEMENT_3D('',#2408,#13,#36);
#2408=CARTESIAN_POINT('',(1.725,-0.75,0.E+000));
#2409=ORIENTED_EDGE('',*,*,#2370,.T.);
#2410=ORIENTED_EDGE('',*,*,#473,.F.);
#2411=ORIENTED_EDGE('',*,*,#2412,.F.);
#2412=EDGE_CURVE('',#2404,#468,#2413,.T.);
#2413=LINE('',#2405,#60);
#2414=CYLINDRICAL_SURFACE('',#2415,0.125);
#2415=AXIS2_PLACEMENT_3D('',#2408,#49,#36);
#2416=ADVANCED_FACE('',(#2417),#2431,.T.);
#2417=FACE_BOUND('',#2418,.F.);
#2418=EDGE_LOOP('',(#2419,#2426,#2429,#2430));
#2419=ORIENTED_EDGE('',*,*,#2420,.F.);
#2420=EDGE_CURVE('',#2421,#2379,#2423,.T.);
#2421=VERTEX_POINT('',#2422);
#2422=CARTESIAN_POINT('',(0.875,-1.725,0.E+000));
#2423=CIRCLE('',#2424,0.125);
#2424=AXIS2_PLACEMENT_3D('',#2425,#13,#14);
#2425=CARTESIAN_POINT('',(0.75,-1.725,0.E+000));
#2426=ORIENTED_EDGE('',*,*,#2427,.T.);
#2427=EDGE_CURVE('',#2421,#399,#2428,.T.);
#2428=LINE('',#2422,#60);
#2429=ORIENTED_EDGE('',*,*,#398,.F.);
#2430=ORIENTED_EDGE('',*,*,#2385,.F.);
#2431=CYLINDRICAL_SURFACE('',#2432,0.125);
#2432=AXIS2_PLACEMENT_3D('',#2425,#49,#14);
#2433=ADVANCED_FACE('',(#2434),#2452,.F.);
#2434=FACE_BOUND('',#2435,.F.);
#2435=EDGE_LOOP('',(#2436,#2441,#2442,#732,#2443,#2449));
#2436=ORIENTED_EDGE('',*,*,#2437,.F.);
#2437=EDGE_CURVE('',#2404,#2438,#2440,.T.);
#2438=VERTEX_POINT('',#2439);
#2439=CARTESIAN_POINT('',(2.,-0.875,0.E+000));
#2440=LINE('',#2405,#42);
#2441=ORIENTED_EDGE('',*,*,#2412,.T.);
#2442=ORIENTED_EDGE('',*,*,#467,.F.);
#2443=ORIENTED_EDGE('',*,*,#2444,.T.);
#2444=EDGE_CURVE('',#734,#2445,#2447,.T.);
#2445=VERTEX_POINT('',#2446);
#2446=CARTESIAN_POINT('',(2.,-0.875,0.2));
#2447=LINE('',#2448,#42);
#2448=CARTESIAN_POINT('',(1.725,-0.875,0.2));
#2449=ORIENTED_EDGE('',*,*,#2450,.F.);
#2450=EDGE_CURVE('',#2438,#2445,#2451,.T.);
#2451=LINE('',#2439,#60);
#2452=PLANE('',#2453);
#2453=AXIS2_PLACEMENT_3D('',#2405,#36,#14);
#2454=ADVANCED_FACE('',(#2455),#2472,.F.);
#2455=FACE_BOUND('',#2456,.F.);
#2456=EDGE_LOOP('',(#2457,#2462,#2467,#1893,#2470,#2471));
#2457=ORIENTED_EDGE('',*,*,#2458,.F.);
#2458=EDGE_CURVE('',#2459,#2421,#2461,.T.);
#2459=VERTEX_POINT('',#2460);
#2460=CARTESIAN_POINT('',(0.875,-2.,0.E+000));
#2461=LINE('',#2460,#46);
#2462=ORIENTED_EDGE('',*,*,#2463,.T.);
#2463=EDGE_CURVE('',#2459,#2464,#2466,.T.);
#2464=VERTEX_POINT('',#2465);
#2465=CARTESIAN_POINT('',(0.875,-2.,0.2));
#2466=LINE('',#2460,#60);
#2467=ORIENTED_EDGE('',*,*,#2468,.T.);
#2468=EDGE_CURVE('',#2464,#1889,#2469,.T.);
#2469=LINE('',#2465,#46);
#2470=ORIENTED_EDGE('',*,*,#405,.F.);
#2471=ORIENTED_EDGE('',*,*,#2427,.F.);
#2472=PLANE('',#2473);
#2473=AXIS2_PLACEMENT_3D('',#2460,#28,#36);
#2474=ADVANCED_FACE('',(#2475),#2496,.F.);
#2475=FACE_BOUND('',#2476,.F.);
#2476=EDGE_LOOP('',(#2477,#2484,#2489,#728,#2492,#2493));
#2477=ORIENTED_EDGE('',*,*,#2478,.F.);
#2478=EDGE_CURVE('',#2479,#2481,#2483,.T.);
#2479=VERTEX_POINT('',#2480);
#2480=CARTESIAN_POINT('',(2.,-1.125,0.E+000));
#2481=VERTEX_POINT('',#2482);
#2482=CARTESIAN_POINT('',(1.725,-1.125,0.E+000));
#2483=LINE('',#2480,#27);
#2484=ORIENTED_EDGE('',*,*,#2485,.T.);
#2485=EDGE_CURVE('',#2479,#2486,#2488,.T.);
#2486=VERTEX_POINT('',#2487);
#2487=CARTESIAN_POINT('',(2.,-1.125,0.2));
#2488=LINE('',#2480,#60);
#2489=ORIENTED_EDGE('',*,*,#2490,.T.);
#2490=EDGE_CURVE('',#2486,#724,#2491,.T.);
#2491=LINE('',#2487,#27);
#2492=ORIENTED_EDGE('',*,*,#457,.F.);
#2493=ORIENTED_EDGE('',*,*,#2494,.F.);
#2494=EDGE_CURVE('',#2481,#451,#2495,.T.);
#2495=LINE('',#2482,#60);
#2496=PLANE('',#2497);
#2497=AXIS2_PLACEMENT_3D('',#2480,#50,#28);
#2498=ADVANCED_FACE('',(#2499),#2521,.F.);
#2499=FACE_BOUND('',#2500,.F.);
#2500=EDGE_LOOP('',(#2501,#2508,#2511,#1897,#2512,#2518));
#2501=ORIENTED_EDGE('',*,*,#2502,.F.);
#2502=EDGE_CURVE('',#2503,#2505,#2507,.T.);
#2503=VERTEX_POINT('',#2504);
#2504=CARTESIAN_POINT('',(1.125,-1.725,0.E+000));
#2505=VERTEX_POINT('',#2506);
#2506=CARTESIAN_POINT('',(1.125,-2.,0.E+000));
#2507=LINE('',#2504,#155);
#2508=ORIENTED_EDGE('',*,*,#2509,.T.);
#2509=EDGE_CURVE('',#2503,#416,#2510,.T.);
#2510=LINE('',#2504,#60);
#2511=ORIENTED_EDGE('',*,*,#415,.F.);
#2512=ORIENTED_EDGE('',*,*,#2513,.T.);
#2513=EDGE_CURVE('',#1899,#2514,#2516,.T.);
#2514=VERTEX_POINT('',#2515);
#2515=CARTESIAN_POINT('',(1.125,-2.,0.2));
#2516=LINE('',#2517,#155);
#2517=CARTESIAN_POINT('',(1.125,-1.725,0.2));
#2518=ORIENTED_EDGE('',*,*,#2519,.F.);
#2519=EDGE_CURVE('',#2505,#2514,#2520,.T.);
#2520=LINE('',#2506,#60);
#2521=PLANE('',#2522);
#2522=AXIS2_PLACEMENT_3D('',#2504,#14,#50);
#2523=ADVANCED_FACE('',(#2524),#2538,.T.);
#2524=FACE_BOUND('',#2525,.F.);
#2525=EDGE_LOOP('',(#2526,#2533,#2534,#2535));
#2526=ORIENTED_EDGE('',*,*,#2527,.F.);
#2527=EDGE_CURVE('',#2481,#2528,#2530,.T.);
#2528=VERTEX_POINT('',#2529);
#2529=CARTESIAN_POINT('',(1.725,-1.375,0.E+000));
#2530=CIRCLE('',#2531,0.125);
#2531=AXIS2_PLACEMENT_3D('',#2532,#13,#36);
#2532=CARTESIAN_POINT('',(1.725,-1.25,0.E+000));
#2533=ORIENTED_EDGE('',*,*,#2494,.T.);
#2534=ORIENTED_EDGE('',*,*,#450,.F.);
#2535=ORIENTED_EDGE('',*,*,#2536,.F.);
#2536=EDGE_CURVE('',#2528,#445,#2537,.T.);
#2537=LINE('',#2529,#60);
#2538=CYLINDRICAL_SURFACE('',#2539,0.125);
#2539=AXIS2_PLACEMENT_3D('',#2532,#49,#36);
#2540=ADVANCED_FACE('',(#2541),#2555,.T.);
#2541=FACE_BOUND('',#2542,.F.);
#2542=EDGE_LOOP('',(#2543,#2550,#2553,#2554));
#2543=ORIENTED_EDGE('',*,*,#2544,.F.);
#2544=EDGE_CURVE('',#2545,#2503,#2547,.T.);
#2545=VERTEX_POINT('',#2546);
#2546=CARTESIAN_POINT('',(1.375,-1.725,0.E+000));
#2547=CIRCLE('',#2548,0.125);
#2548=AXIS2_PLACEMENT_3D('',#2549,#13,#14);
#2549=CARTESIAN_POINT('',(1.25,-1.725,0.E+000));
#2550=ORIENTED_EDGE('',*,*,#2551,.T.);
#2551=EDGE_CURVE('',#2545,#422,#2552,.T.);
#2552=LINE('',#2546,#60);
#2553=ORIENTED_EDGE('',*,*,#421,.F.);
#2554=ORIENTED_EDGE('',*,*,#2509,.F.);
#2555=CYLINDRICAL_SURFACE('',#2556,0.125);
#2556=AXIS2_PLACEMENT_3D('',#2549,#49,#14);
#2557=ADVANCED_FACE('',(#2558),#2576,.F.);
#2558=FACE_BOUND('',#2559,.F.);
#2559=EDGE_LOOP('',(#2560,#2565,#2566,#716,#2567,#2573));
#2560=ORIENTED_EDGE('',*,*,#2561,.F.);
#2561=EDGE_CURVE('',#2528,#2562,#2564,.T.);
#2562=VERTEX_POINT('',#2563);
#2563=CARTESIAN_POINT('',(2.,-1.375,0.E+000));
#2564=LINE('',#2529,#42);
#2565=ORIENTED_EDGE('',*,*,#2536,.T.);
#2566=ORIENTED_EDGE('',*,*,#444,.F.);
#2567=ORIENTED_EDGE('',*,*,#2568,.T.);
#2568=EDGE_CURVE('',#718,#2569,#2571,.T.);
#2569=VERTEX_POINT('',#2570);
#2570=CARTESIAN_POINT('',(2.,-1.375,0.2));
#2571=LINE('',#2572,#42);
#2572=CARTESIAN_POINT('',(1.725,-1.375,0.2));
#2573=ORIENTED_EDGE('',*,*,#2574,.F.);
#2574=EDGE_CURVE('',#2562,#2569,#2575,.T.);
#2575=LINE('',#2563,#60);
#2576=PLANE('',#2577);
#2577=AXIS2_PLACEMENT_3D('',#2529,#36,#14);
#2578=ADVANCED_FACE('',(#2579),#2596,.F.);
#2579=FACE_BOUND('',#2580,.F.);
#2580=EDGE_LOOP('',(#2581,#2586,#2591,#1909,#2594,#2595));
#2581=ORIENTED_EDGE('',*,*,#2582,.F.);
#2582=EDGE_CURVE('',#2583,#2545,#2585,.T.);
#2583=VERTEX_POINT('',#2584);
#2584=CARTESIAN_POINT('',(1.375,-2.,0.E+000));
#2585=LINE('',#2584,#46);
#2586=ORIENTED_EDGE('',*,*,#2587,.T.);
#2587=EDGE_CURVE('',#2583,#2588,#2590,.T.);
#2588=VERTEX_POINT('',#2589);
#2589=CARTESIAN_POINT('',(1.375,-2.,0.2));
#2590=LINE('',#2584,#60);
#2591=ORIENTED_EDGE('',*,*,#2592,.T.);
#2592=EDGE_CURVE('',#2588,#1905,#2593,.T.);
#2593=LINE('',#2589,#46);
#2594=ORIENTED_EDGE('',*,*,#428,.F.);
#2595=ORIENTED_EDGE('',*,*,#2551,.F.);
#2596=PLANE('',#2597);
#2597=AXIS2_PLACEMENT_3D('',#2584,#28,#36);
#2598=ADVANCED_FACE('',(#2599,#2603),#2612,.T.);
#2599=FACE_BOUND('',#2600,.T.);
#2600=EDGE_LOOP('',(#813,#931,#2601,#2602));
#2601=ORIENTED_EDGE('',*,*,#1815,.T.);
#2602=ORIENTED_EDGE('',*,*,#709,.F.);
#2603=FACE_BOUND('',#2604,.T.);
#2604=EDGE_LOOP('',(#2605));
#2605=ORIENTED_EDGE('',*,*,#2606,.T.);
#2606=EDGE_CURVE('',#2607,#2607,#2609,.T.);
#2607=VERTEX_POINT('',#2608);
#2608=CARTESIAN_POINT('',(-1.4,1.15,0.77));
#2609=CIRCLE('',#2610,0.25);
#2610=AXIS2_PLACEMENT_3D('',#2611,#49,#50);
#2611=CARTESIAN_POINT('',(-1.4,1.4,0.77));
#2612=PLANE('',#2613);
#2613=AXIS2_PLACEMENT_3D('',#816,#13,#50);
#2614=ADVANCED_FACE('',(#2615),#2622,.F.);
#2615=FACE_BOUND('',#2616,.F.);
#2616=EDGE_LOOP('',(#2617,#2618,#2621,#722));
#2617=ORIENTED_EDGE('',*,*,#2490,.F.);
#2618=ORIENTED_EDGE('',*,*,#2619,.F.);
#2619=EDGE_CURVE('',#2569,#2486,#2620,.T.);
#2620=LINE('',#2570,#46);
#2621=ORIENTED_EDGE('',*,*,#2568,.F.);
#2622=PLANE('',#2623);
#2623=AXIS2_PLACEMENT_3D('',#2487,#49,#50);
#2624=ADVANCED_FACE('',(#2625),#2632,.F.);
#2625=FACE_BOUND('',#2626,.F.);
#2626=EDGE_LOOP('',(#2627,#2628,#2631,#786));
#2627=ORIENTED_EDGE('',*,*,#1994,.F.);
#2628=ORIENTED_EDGE('',*,*,#2629,.F.);
#2629=EDGE_CURVE('',#2073,#1990,#2630,.T.);
#2630=LINE('',#2074,#46);
#2631=ORIENTED_EDGE('',*,*,#2072,.F.);
#2632=PLANE('',#2633);
#2633=AXIS2_PLACEMENT_3D('',#1991,#49,#50);
#2634=ADVANCED_FACE('',(#2635),#2642,.F.);
#2635=FACE_BOUND('',#2636,.F.);
#2636=EDGE_LOOP('',(#2637,#2638,#2641,#738));
#2637=ORIENTED_EDGE('',*,*,#2366,.F.);
#2638=ORIENTED_EDGE('',*,*,#2639,.F.);
#2639=EDGE_CURVE('',#2445,#2362,#2640,.T.);
#2640=LINE('',#2446,#46);
#2641=ORIENTED_EDGE('',*,*,#2444,.F.);
#2642=PLANE('',#2643);
#2643=AXIS2_PLACEMENT_3D('',#2363,#49,#50);
#2644=ADVANCED_FACE('',(#2645),#2652,.F.);
#2645=FACE_BOUND('',#2646,.F.);
#2646=EDGE_LOOP('',(#2647,#2648,#2651,#770));
#2647=ORIENTED_EDGE('',*,*,#2118,.F.);
#2648=ORIENTED_EDGE('',*,*,#2649,.F.);
#2649=EDGE_CURVE('',#2197,#2114,#2650,.T.);
#2650=LINE('',#2198,#46);
#2651=ORIENTED_EDGE('',*,*,#2196,.F.);
#2652=PLANE('',#2653);
#2653=AXIS2_PLACEMENT_3D('',#2115,#49,#50);
#2654=ADVANCED_FACE('',(#2655),#2662,.F.);
#2655=FACE_BOUND('',#2656,.F.);
#2656=EDGE_LOOP('',(#2657,#2658,#2661,#754));
#2657=ORIENTED_EDGE('',*,*,#2242,.F.);
#2658=ORIENTED_EDGE('',*,*,#2659,.F.);
#2659=EDGE_CURVE('',#2321,#2238,#2660,.T.);
#2660=LINE('',#2322,#46);
#2661=ORIENTED_EDGE('',*,*,#2320,.F.);
#2662=PLANE('',#2663);
#2663=AXIS2_PLACEMENT_3D('',#2239,#49,#50);
#2664=ADVANCED_FACE('',(#2665),#2673,.F.);
#2665=FACE_BOUND('',#2666,.F.);
#2666=EDGE_LOOP('',(#2667,#2668,#2671,#2672));
#2667=ORIENTED_EDGE('',*,*,#1699,.F.);
#2668=ORIENTED_EDGE('',*,*,#2669,.F.);
#2669=EDGE_CURVE('',#1781,#1695,#2670,.T.);
#2670=LINE('',#1782,#27);
#2671=ORIENTED_EDGE('',*,*,#1780,.F.);
#2672=ORIENTED_EDGE('',*,*,#914,.F.);
#2673=PLANE('',#2674);
#2674=AXIS2_PLACEMENT_3D('',#1696,#49,#14);
#2675=ADVANCED_FACE('',(#2676),#2684,.F.);
#2676=FACE_BOUND('',#2677,.F.);
#2677=EDGE_LOOP('',(#2678,#2679,#2682,#2683));
#2678=ORIENTED_EDGE('',*,*,#1059,.F.);
#2679=ORIENTED_EDGE('',*,*,#2680,.F.);
#2680=EDGE_CURVE('',#1141,#1055,#2681,.T.);
#2681=LINE('',#1142,#27);
#2682=ORIENTED_EDGE('',*,*,#1140,.F.);
#2683=ORIENTED_EDGE('',*,*,#829,.F.);
#2684=PLANE('',#2685);
#2685=AXIS2_PLACEMENT_3D('',#1056,#49,#14);
#2686=ADVANCED_FACE('',(#2687),#2695,.F.);
#2687=FACE_BOUND('',#2688,.F.);
#2688=EDGE_LOOP('',(#2689,#2690,#2693,#2694));
#2689=ORIENTED_EDGE('',*,*,#1571,.F.);
#2690=ORIENTED_EDGE('',*,*,#2691,.F.);
#2691=EDGE_CURVE('',#1653,#1567,#2692,.T.);
#2692=LINE('',#1654,#27);
#2693=ORIENTED_EDGE('',*,*,#1652,.F.);
#2694=ORIENTED_EDGE('',*,*,#897,.F.);
#2695=PLANE('',#2696);
#2696=AXIS2_PLACEMENT_3D('',#1568,#49,#14);
#2697=ADVANCED_FACE('',(#2698),#2706,.F.);
#2698=FACE_BOUND('',#2699,.F.);
#2699=EDGE_LOOP('',(#2700,#2701,#2704,#2705));
#2700=ORIENTED_EDGE('',*,*,#1187,.F.);
#2701=ORIENTED_EDGE('',*,*,#2702,.F.);
#2702=EDGE_CURVE('',#1269,#1183,#2703,.T.);
#2703=LINE('',#1270,#27);
#2704=ORIENTED_EDGE('',*,*,#1268,.F.);
#2705=ORIENTED_EDGE('',*,*,#846,.F.);
#2706=PLANE('',#2707);
#2707=AXIS2_PLACEMENT_3D('',#1184,#49,#14);
#2708=ADVANCED_FACE('',(#2709),#2717,.F.);
#2709=FACE_BOUND('',#2710,.F.);
#2710=EDGE_LOOP('',(#2711,#2712,#2715,#2716));
#2711=ORIENTED_EDGE('',*,*,#1443,.F.);
#2712=ORIENTED_EDGE('',*,*,#2713,.F.);
#2713=EDGE_CURVE('',#1525,#1439,#2714,.T.);
#2714=LINE('',#1526,#27);
#2715=ORIENTED_EDGE('',*,*,#1524,.F.);
#2716=ORIENTED_EDGE('',*,*,#880,.F.);
#2717=PLANE('',#2718);
#2718=AXIS2_PLACEMENT_3D('',#1440,#49,#14);
#2719=ADVANCED_FACE('',(#2720),#2728,.F.);
#2720=FACE_BOUND('',#2721,.F.);
#2721=EDGE_LOOP('',(#2722,#2723,#2726,#2727));
#2722=ORIENTED_EDGE('',*,*,#1315,.F.);
#2723=ORIENTED_EDGE('',*,*,#2724,.F.);
#2724=EDGE_CURVE('',#1397,#1311,#2725,.T.);
#2725=LINE('',#1398,#27);
#2726=ORIENTED_EDGE('',*,*,#1396,.F.);
#2727=ORIENTED_EDGE('',*,*,#863,.F.);
#2728=PLANE('',#2729);
#2729=AXIS2_PLACEMENT_3D('',#1312,#49,#14);
#2730=ADVANCED_FACE('',(#2731),#2739,.F.);
#2731=FACE_BOUND('',#2732,.F.);
#2732=EDGE_LOOP('',(#2733,#2734,#2737,#2738));
#2733=ORIENTED_EDGE('',*,*,#1164,.F.);
#2734=ORIENTED_EDGE('',*,*,#2735,.F.);
#2735=EDGE_CURVE('',#1085,#1160,#2736,.T.);
#2736=LINE('',#1086,#155);
#2737=ORIENTED_EDGE('',*,*,#1084,.F.);
#2738=ORIENTED_EDGE('',*,*,#1032,.F.);
#2739=PLANE('',#2740);
#2740=AXIS2_PLACEMENT_3D('',#1161,#49,#36);
#2741=ADVANCED_FACE('',(#2742),#2750,.F.);
#2742=FACE_BOUND('',#2743,.F.);
#2743=EDGE_LOOP('',(#2744,#2745,#2748,#2749));
#2744=ORIENTED_EDGE('',*,*,#1804,.F.);
#2745=ORIENTED_EDGE('',*,*,#2746,.F.);
#2746=EDGE_CURVE('',#1725,#1800,#2747,.T.);
#2747=LINE('',#1726,#155);
#2748=ORIENTED_EDGE('',*,*,#1724,.F.);
#2749=ORIENTED_EDGE('',*,*,#947,.F.);
#2750=PLANE('',#2751);
#2751=AXIS2_PLACEMENT_3D('',#1801,#49,#36);
#2752=ADVANCED_FACE('',(#2753),#2761,.F.);
#2753=FACE_BOUND('',#2754,.F.);
#2754=EDGE_LOOP('',(#2755,#2756,#2759,#2760));
#2755=ORIENTED_EDGE('',*,*,#1292,.F.);
#2756=ORIENTED_EDGE('',*,*,#2757,.F.);
#2757=EDGE_CURVE('',#1213,#1288,#2758,.T.);
#2758=LINE('',#1214,#155);
#2759=ORIENTED_EDGE('',*,*,#1212,.F.);
#2760=ORIENTED_EDGE('',*,*,#1015,.F.);
#2761=PLANE('',#2762);
#2762=AXIS2_PLACEMENT_3D('',#1289,#49,#36);
#2763=ADVANCED_FACE('',(#2764),#2772,.F.);
#2764=FACE_BOUND('',#2765,.F.);
#2765=EDGE_LOOP('',(#2766,#2767,#2770,#2771));
#2766=ORIENTED_EDGE('',*,*,#1676,.F.);
#2767=ORIENTED_EDGE('',*,*,#2768,.F.);
#2768=EDGE_CURVE('',#1597,#1672,#2769,.T.);
#2769=LINE('',#1598,#155);
#2770=ORIENTED_EDGE('',*,*,#1596,.F.);
#2771=ORIENTED_EDGE('',*,*,#964,.F.);
#2772=PLANE('',#2773);
#2773=AXIS2_PLACEMENT_3D('',#1673,#49,#36);
#2774=ADVANCED_FACE('',(#2775),#2783,.F.);
#2775=FACE_BOUND('',#2776,.F.);
#2776=EDGE_LOOP('',(#2777,#2778,#2781,#2782));
#2777=ORIENTED_EDGE('',*,*,#1420,.F.);
#2778=ORIENTED_EDGE('',*,*,#2779,.F.);
#2779=EDGE_CURVE('',#1341,#1416,#2780,.T.);
#2780=LINE('',#1342,#155);
#2781=ORIENTED_EDGE('',*,*,#1340,.F.);
#2782=ORIENTED_EDGE('',*,*,#998,.F.);
#2783=PLANE('',#2784);
#2784=AXIS2_PLACEMENT_3D('',#1417,#49,#36);
#2785=ADVANCED_FACE('',(#2786),#2794,.F.);
#2786=FACE_BOUND('',#2787,.F.);
#2787=EDGE_LOOP('',(#2788,#2789,#2792,#2793));
#2788=ORIENTED_EDGE('',*,*,#1548,.F.);
#2789=ORIENTED_EDGE('',*,*,#2790,.F.);
#2790=EDGE_CURVE('',#1469,#1544,#2791,.T.);
#2791=LINE('',#1470,#155);
#2792=ORIENTED_EDGE('',*,*,#1468,.F.);
#2793=ORIENTED_EDGE('',*,*,#981,.F.);
#2794=PLANE('',#2795);
#2795=AXIS2_PLACEMENT_3D('',#1545,#49,#36);
#2796=ADVANCED_FACE('',(#2797),#2805,.T.);
#2797=FACE_BOUND('',#2798,.F.);
#2798=EDGE_LOOP('',(#2799,#2800,#2801,#2802));
#2799=ORIENTED_EDGE('',*,*,#1047,.T.);
#2800=ORIENTED_EDGE('',*,*,#1098,.T.);
#2801=ORIENTED_EDGE('',*,*,#1132,.T.);
#2802=ORIENTED_EDGE('',*,*,#2803,.T.);
#2803=EDGE_CURVE('',#1133,#1048,#2804,.T.);
#2804=LINE('',#1134,#27);
#2805=PLANE('',#2806);
#2806=AXIS2_PLACEMENT_3D('',#1049,#49,#14);
#2807=ADVANCED_FACE('',(#2808),#2814,.F.);
#2808=FACE_BOUND('',#2809,.F.);
#2809=EDGE_LOOP('',(#2810,#2811,#2812,#2813));
#2810=ORIENTED_EDGE('',*,*,#1146,.T.);
#2811=ORIENTED_EDGE('',*,*,#2680,.T.);
#2812=ORIENTED_EDGE('',*,*,#1054,.F.);
#2813=ORIENTED_EDGE('',*,*,#2803,.F.);
#2814=PLANE('',#2815);
#2815=AXIS2_PLACEMENT_3D('',#1134,#50,#28);
#2816=ADVANCED_FACE('',(#2817),#2825,.T.);
#2817=FACE_BOUND('',#2818,.F.);
#2818=EDGE_LOOP('',(#2819,#2820,#2821,#2822));
#2819=ORIENTED_EDGE('',*,*,#1154,.T.);
#2820=ORIENTED_EDGE('',*,*,#1115,.T.);
#2821=ORIENTED_EDGE('',*,*,#1072,.T.);
#2822=ORIENTED_EDGE('',*,*,#2823,.T.);
#2823=EDGE_CURVE('',#1075,#1155,#2824,.T.);
#2824=LINE('',#1076,#155);
#2825=PLANE('',#2826);
#2826=AXIS2_PLACEMENT_3D('',#1156,#49,#36);
#2827=ADVANCED_FACE('',(#2828),#2834,.F.);
#2828=FACE_BOUND('',#2829,.F.);
#2829=EDGE_LOOP('',(#2830,#2831,#2832,#2833));
#2830=ORIENTED_EDGE('',*,*,#1090,.T.);
#2831=ORIENTED_EDGE('',*,*,#2735,.T.);
#2832=ORIENTED_EDGE('',*,*,#1159,.F.);
#2833=ORIENTED_EDGE('',*,*,#2823,.F.);
#2834=PLANE('',#2835);
#2835=AXIS2_PLACEMENT_3D('',#1076,#14,#50);
#2836=ADVANCED_FACE('',(#2837),#2845,.T.);
#2837=FACE_BOUND('',#2838,.F.);
#2838=EDGE_LOOP('',(#2839,#2840,#2841,#2842));
#2839=ORIENTED_EDGE('',*,*,#1175,.T.);
#2840=ORIENTED_EDGE('',*,*,#1226,.T.);
#2841=ORIENTED_EDGE('',*,*,#1260,.T.);
#2842=ORIENTED_EDGE('',*,*,#2843,.T.);
#2843=EDGE_CURVE('',#1261,#1176,#2844,.T.);
#2844=LINE('',#1262,#27);
#2845=PLANE('',#2846);
#2846=AXIS2_PLACEMENT_3D('',#1177,#49,#14);
#2847=ADVANCED_FACE('',(#2848),#2854,.F.);
#2848=FACE_BOUND('',#2849,.F.);
#2849=EDGE_LOOP('',(#2850,#2851,#2852,#2853));
#2850=ORIENTED_EDGE('',*,*,#1274,.T.);
#2851=ORIENTED_EDGE('',*,*,#2702,.T.);
#2852=ORIENTED_EDGE('',*,*,#1182,.F.);
#2853=ORIENTED_EDGE('',*,*,#2843,.F.);
#2854=PLANE('',#2855);
#2855=AXIS2_PLACEMENT_3D('',#1262,#50,#28);
#2856=ADVANCED_FACE('',(#2857),#2865,.T.);
#2857=FACE_BOUND('',#2858,.F.);
#2858=EDGE_LOOP('',(#2859,#2860,#2861,#2862));
#2859=ORIENTED_EDGE('',*,*,#1282,.T.);
#2860=ORIENTED_EDGE('',*,*,#1243,.T.);
#2861=ORIENTED_EDGE('',*,*,#1200,.T.);
#2862=ORIENTED_EDGE('',*,*,#2863,.T.);
#2863=EDGE_CURVE('',#1203,#1283,#2864,.T.);
#2864=LINE('',#1204,#155);
#2865=PLANE('',#2866);
#2866=AXIS2_PLACEMENT_3D('',#1284,#49,#36);
#2867=ADVANCED_FACE('',(#2868),#2874,.F.);
#2868=FACE_BOUND('',#2869,.F.);
#2869=EDGE_LOOP('',(#2870,#2871,#2872,#2873));
#2870=ORIENTED_EDGE('',*,*,#1218,.T.);
#2871=ORIENTED_EDGE('',*,*,#2757,.T.);
#2872=ORIENTED_EDGE('',*,*,#1287,.F.);
#2873=ORIENTED_EDGE('',*,*,#2863,.F.);
#2874=PLANE('',#2875);
#2875=AXIS2_PLACEMENT_3D('',#1204,#14,#50);
#2876=ADVANCED_FACE('',(#2877),#2885,.T.);
#2877=FACE_BOUND('',#2878,.F.);
#2878=EDGE_LOOP('',(#2879,#2880,#2881,#2882));
#2879=ORIENTED_EDGE('',*,*,#1303,.T.);
#2880=ORIENTED_EDGE('',*,*,#1354,.T.);
#2881=ORIENTED_EDGE('',*,*,#1388,.T.);
#2882=ORIENTED_EDGE('',*,*,#2883,.T.);
#2883=EDGE_CURVE('',#1389,#1304,#2884,.T.);
#2884=LINE('',#1390,#27);
#2885=PLANE('',#2886);
#2886=AXIS2_PLACEMENT_3D('',#1305,#49,#14);
#2887=ADVANCED_FACE('',(#2888),#2894,.F.);
#2888=FACE_BOUND('',#2889,.F.);
#2889=EDGE_LOOP('',(#2890,#2891,#2892,#2893));
#2890=ORIENTED_EDGE('',*,*,#1402,.T.);
#2891=ORIENTED_EDGE('',*,*,#2724,.T.);
#2892=ORIENTED_EDGE('',*,*,#1310,.F.);
#2893=ORIENTED_EDGE('',*,*,#2883,.F.);
#2894=PLANE('',#2895);
#2895=AXIS2_PLACEMENT_3D('',#1390,#50,#28);
#2896=ADVANCED_FACE('',(#2897),#2905,.T.);
#2897=FACE_BOUND('',#2898,.F.);
#2898=EDGE_LOOP('',(#2899,#2900,#2901,#2902));
#2899=ORIENTED_EDGE('',*,*,#1410,.T.);
#2900=ORIENTED_EDGE('',*,*,#1371,.T.);
#2901=ORIENTED_EDGE('',*,*,#1328,.T.);
#2902=ORIENTED_EDGE('',*,*,#2903,.T.);
#2903=EDGE_CURVE('',#1331,#1411,#2904,.T.);
#2904=LINE('',#1332,#155);
#2905=PLANE('',#2906);
#2906=AXIS2_PLACEMENT_3D('',#1412,#49,#36);
#2907=ADVANCED_FACE('',(#2908),#2914,.F.);
#2908=FACE_BOUND('',#2909,.F.);
#2909=EDGE_LOOP('',(#2910,#2911,#2912,#2913));
#2910=ORIENTED_EDGE('',*,*,#1346,.T.);
#2911=ORIENTED_EDGE('',*,*,#2779,.T.);
#2912=ORIENTED_EDGE('',*,*,#1415,.F.);
#2913=ORIENTED_EDGE('',*,*,#2903,.F.);
#2914=PLANE('',#2915);
#2915=AXIS2_PLACEMENT_3D('',#1332,#14,#50);
#2916=ADVANCED_FACE('',(#2917),#2925,.T.);
#2917=FACE_BOUND('',#2918,.F.);
#2918=EDGE_LOOP('',(#2919,#2920,#2921,#2922));
#2919=ORIENTED_EDGE('',*,*,#1431,.T.);
#2920=ORIENTED_EDGE('',*,*,#1482,.T.);
#2921=ORIENTED_EDGE('',*,*,#1516,.T.);
#2922=ORIENTED_EDGE('',*,*,#2923,.T.);
#2923=EDGE_CURVE('',#1517,#1432,#2924,.T.);
#2924=LINE('',#1518,#27);
#2925=PLANE('',#2926);
#2926=AXIS2_PLACEMENT_3D('',#1433,#49,#14);
#2927=ADVANCED_FACE('',(#2928),#2934,.F.);
#2928=FACE_BOUND('',#2929,.F.);
#2929=EDGE_LOOP('',(#2930,#2931,#2932,#2933));
#2930=ORIENTED_EDGE('',*,*,#1530,.T.);
#2931=ORIENTED_EDGE('',*,*,#2713,.T.);
#2932=ORIENTED_EDGE('',*,*,#1438,.F.);
#2933=ORIENTED_EDGE('',*,*,#2923,.F.);
#2934=PLANE('',#2935);
#2935=AXIS2_PLACEMENT_3D('',#1518,#50,#28);
#2936=ADVANCED_FACE('',(#2937),#2945,.T.);
#2937=FACE_BOUND('',#2938,.F.);
#2938=EDGE_LOOP('',(#2939,#2940,#2941,#2942));
#2939=ORIENTED_EDGE('',*,*,#1538,.T.);
#2940=ORIENTED_EDGE('',*,*,#1499,.T.);
#2941=ORIENTED_EDGE('',*,*,#1456,.T.);
#2942=ORIENTED_EDGE('',*,*,#2943,.T.);
#2943=EDGE_CURVE('',#1459,#1539,#2944,.T.);
#2944=LINE('',#1460,#155);
#2945=PLANE('',#2946);
#2946=AXIS2_PLACEMENT_3D('',#1540,#49,#36);
#2947=ADVANCED_FACE('',(#2948),#2954,.F.);
#2948=FACE_BOUND('',#2949,.F.);
#2949=EDGE_LOOP('',(#2950,#2951,#2952,#2953));
#2950=ORIENTED_EDGE('',*,*,#1474,.T.);
#2951=ORIENTED_EDGE('',*,*,#2790,.T.);
#2952=ORIENTED_EDGE('',*,*,#1543,.F.);
#2953=ORIENTED_EDGE('',*,*,#2943,.F.);
#2954=PLANE('',#2955);
#2955=AXIS2_PLACEMENT_3D('',#1460,#14,#50);
#2956=ADVANCED_FACE('',(#2957),#2965,.T.);
#2957=FACE_BOUND('',#2958,.F.);
#2958=EDGE_LOOP('',(#2959,#2960,#2961,#2962));
#2959=ORIENTED_EDGE('',*,*,#1559,.T.);
#2960=ORIENTED_EDGE('',*,*,#1610,.T.);
#2961=ORIENTED_EDGE('',*,*,#1644,.T.);
#2962=ORIENTED_EDGE('',*,*,#2963,.T.);
#2963=EDGE_CURVE('',#1645,#1560,#2964,.T.);
#2964=LINE('',#1646,#27);
#2965=PLANE('',#2966);
#2966=AXIS2_PLACEMENT_3D('',#1561,#49,#14);
#2967=ADVANCED_FACE('',(#2968),#2974,.F.);
#2968=FACE_BOUND('',#2969,.F.);
#2969=EDGE_LOOP('',(#2970,#2971,#2972,#2973));
#2970=ORIENTED_EDGE('',*,*,#1658,.T.);
#2971=ORIENTED_EDGE('',*,*,#2691,.T.);
#2972=ORIENTED_EDGE('',*,*,#1566,.F.);
#2973=ORIENTED_EDGE('',*,*,#2963,.F.);
#2974=PLANE('',#2975);
#2975=AXIS2_PLACEMENT_3D('',#1646,#50,#28);
#2976=ADVANCED_FACE('',(#2977),#2985,.T.);
#2977=FACE_BOUND('',#2978,.F.);
#2978=EDGE_LOOP('',(#2979,#2980,#2981,#2982));
#2979=ORIENTED_EDGE('',*,*,#1666,.T.);
#2980=ORIENTED_EDGE('',*,*,#1627,.T.);
#2981=ORIENTED_EDGE('',*,*,#1584,.T.);
#2982=ORIENTED_EDGE('',*,*,#2983,.T.);
#2983=EDGE_CURVE('',#1587,#1667,#2984,.T.);
#2984=LINE('',#1588,#155);
#2985=PLANE('',#2986);
#2986=AXIS2_PLACEMENT_3D('',#1668,#49,#36);
#2987=ADVANCED_FACE('',(#2988),#2994,.F.);
#2988=FACE_BOUND('',#2989,.F.);
#2989=EDGE_LOOP('',(#2990,#2991,#2992,#2993));
#2990=ORIENTED_EDGE('',*,*,#1602,.T.);
#2991=ORIENTED_EDGE('',*,*,#2768,.T.);
#2992=ORIENTED_EDGE('',*,*,#1671,.F.);
#2993=ORIENTED_EDGE('',*,*,#2983,.F.);
#2994=PLANE('',#2995);
#2995=AXIS2_PLACEMENT_3D('',#1588,#14,#50);
#2996=ADVANCED_FACE('',(#2997),#3005,.T.);
#2997=FACE_BOUND('',#2998,.F.);
#2998=EDGE_LOOP('',(#2999,#3000,#3001,#3002));
#2999=ORIENTED_EDGE('',*,*,#1687,.T.);
#3000=ORIENTED_EDGE('',*,*,#1738,.T.);
#3001=ORIENTED_EDGE('',*,*,#1772,.T.);
#3002=ORIENTED_EDGE('',*,*,#3003,.T.);
#3003=EDGE_CURVE('',#1773,#1688,#3004,.T.);
#3004=LINE('',#1774,#27);
#3005=PLANE('',#3006);
#3006=AXIS2_PLACEMENT_3D('',#1689,#49,#14);
#3007=ADVANCED_FACE('',(#3008),#3014,.F.);
#3008=FACE_BOUND('',#3009,.F.);
#3009=EDGE_LOOP('',(#3010,#3011,#3012,#3013));
#3010=ORIENTED_EDGE('',*,*,#1786,.T.);
#3011=ORIENTED_EDGE('',*,*,#2669,.T.);
#3012=ORIENTED_EDGE('',*,*,#1694,.F.);
#3013=ORIENTED_EDGE('',*,*,#3003,.F.);
#3014=PLANE('',#3015);
#3015=AXIS2_PLACEMENT_3D('',#1774,#50,#28);
#3016=ADVANCED_FACE('',(#3017),#3025,.T.);
#3017=FACE_BOUND('',#3018,.F.);
#3018=EDGE_LOOP('',(#3019,#3020,#3021,#3022));
#3019=ORIENTED_EDGE('',*,*,#1794,.T.);
#3020=ORIENTED_EDGE('',*,*,#1755,.T.);
#3021=ORIENTED_EDGE('',*,*,#1712,.T.);
#3022=ORIENTED_EDGE('',*,*,#3023,.T.);
#3023=EDGE_CURVE('',#1715,#1795,#3024,.T.);
#3024=LINE('',#1716,#155);
#3025=PLANE('',#3026);
#3026=AXIS2_PLACEMENT_3D('',#1796,#49,#36);
#3027=ADVANCED_FACE('',(#3028),#3034,.F.);
#3028=FACE_BOUND('',#3029,.F.);
#3029=EDGE_LOOP('',(#3030,#3031,#3032,#3033));
#3030=ORIENTED_EDGE('',*,*,#1730,.T.);
#3031=ORIENTED_EDGE('',*,*,#2746,.T.);
#3032=ORIENTED_EDGE('',*,*,#1799,.F.);
#3033=ORIENTED_EDGE('',*,*,#3023,.F.);
#3034=PLANE('',#3035);
#3035=AXIS2_PLACEMENT_3D('',#1716,#14,#50);
#3036=ADVANCED_FACE('',(#3037),#3044,.F.);
#3037=FACE_BOUND('',#3038,.F.);
#3038=EDGE_LOOP('',(#3039,#3040,#3043,#1903));
#3039=ORIENTED_EDGE('',*,*,#2592,.F.);
#3040=ORIENTED_EDGE('',*,*,#3041,.F.);
#3041=EDGE_CURVE('',#2514,#2588,#3042,.T.);
#3042=LINE('',#2515,#42);
#3043=ORIENTED_EDGE('',*,*,#2513,.F.);
#3044=PLANE('',#3045);
#3045=AXIS2_PLACEMENT_3D('',#2589,#49,#28);
#3046=ADVANCED_FACE('',(#3047),#3054,.F.);
#3047=FACE_BOUND('',#3048,.F.);
#3048=EDGE_LOOP('',(#3049,#3050,#3053,#1823));
#3049=ORIENTED_EDGE('',*,*,#1972,.F.);
#3050=ORIENTED_EDGE('',*,*,#3051,.F.);
#3051=EDGE_CURVE('',#1932,#1968,#3052,.T.);
#3052=LINE('',#1933,#42);
#3053=ORIENTED_EDGE('',*,*,#1931,.F.);
#3054=PLANE('',#3055);
#3055=AXIS2_PLACEMENT_3D('',#1969,#49,#28);
#3056=ADVANCED_FACE('',(#3057),#3064,.F.);
#3057=FACE_BOUND('',#3058,.F.);
#3058=EDGE_LOOP('',(#3059,#3060,#3063,#1887));
#3059=ORIENTED_EDGE('',*,*,#2468,.F.);
#3060=ORIENTED_EDGE('',*,*,#3061,.F.);
#3061=EDGE_CURVE('',#2390,#2464,#3062,.T.);
#3062=LINE('',#2391,#42);
#3063=ORIENTED_EDGE('',*,*,#2389,.F.);
#3064=PLANE('',#3065);
#3065=AXIS2_PLACEMENT_3D('',#2465,#49,#28);
#3066=ADVANCED_FACE('',(#3067),#3074,.F.);
#3067=FACE_BOUND('',#3068,.F.);
#3068=EDGE_LOOP('',(#3069,#3070,#3073,#1839));
#3069=ORIENTED_EDGE('',*,*,#2096,.F.);
#3070=ORIENTED_EDGE('',*,*,#3071,.F.);
#3071=EDGE_CURVE('',#2018,#2092,#3072,.T.);
#3072=LINE('',#2019,#42);
#3073=ORIENTED_EDGE('',*,*,#2017,.F.);
#3074=PLANE('',#3075);
#3075=AXIS2_PLACEMENT_3D('',#2093,#49,#28);
#3076=ADVANCED_FACE('',(#3077),#3084,.F.);
#3077=FACE_BOUND('',#3078,.F.);
#3078=EDGE_LOOP('',(#3079,#3080,#3083,#1871));
#3079=ORIENTED_EDGE('',*,*,#2344,.F.);
#3080=ORIENTED_EDGE('',*,*,#3081,.F.);
#3081=EDGE_CURVE('',#2266,#2340,#3082,.T.);
#3082=LINE('',#2267,#42);
#3083=ORIENTED_EDGE('',*,*,#2265,.F.);
#3084=PLANE('',#3085);
#3085=AXIS2_PLACEMENT_3D('',#2341,#49,#28);
#3086=ADVANCED_FACE('',(#3087),#3094,.F.);
#3087=FACE_BOUND('',#3088,.F.);
#3088=EDGE_LOOP('',(#3089,#3090,#3093,#1855));
#3089=ORIENTED_EDGE('',*,*,#2220,.F.);
#3090=ORIENTED_EDGE('',*,*,#3091,.F.);
#3091=EDGE_CURVE('',#2142,#2216,#3092,.T.);
#3092=LINE('',#2143,#42);
#3093=ORIENTED_EDGE('',*,*,#2141,.F.);
#3094=PLANE('',#3095);
#3095=AXIS2_PLACEMENT_3D('',#2217,#49,#28);
#3096=ADVANCED_FACE('',(#3097),#3105,.T.);
#3097=FACE_BOUND('',#3098,.F.);
#3098=EDGE_LOOP('',(#3099,#3100,#3101,#3102));
#3099=ORIENTED_EDGE('',*,*,#1962,.T.);
#3100=ORIENTED_EDGE('',*,*,#1945,.T.);
#3101=ORIENTED_EDGE('',*,*,#1920,.T.);
#3102=ORIENTED_EDGE('',*,*,#3103,.T.);
#3103=EDGE_CURVE('',#1923,#1963,#3104,.T.);
#3104=LINE('',#1924,#42);
#3105=PLANE('',#3106);
#3106=AXIS2_PLACEMENT_3D('',#1964,#49,#28);
#3107=ADVANCED_FACE('',(#3108),#3114,.F.);
#3108=FACE_BOUND('',#3109,.F.);
#3109=EDGE_LOOP('',(#3110,#3111,#3112,#3113));
#3110=ORIENTED_EDGE('',*,*,#1937,.T.);
#3111=ORIENTED_EDGE('',*,*,#3051,.T.);
#3112=ORIENTED_EDGE('',*,*,#1967,.F.);
#3113=ORIENTED_EDGE('',*,*,#3103,.F.);
#3114=PLANE('',#3115);
#3115=AXIS2_PLACEMENT_3D('',#1924,#36,#14);
#3116=ADVANCED_FACE('',(#3117),#3125,.T.);
#3117=FACE_BOUND('',#3118,.F.);
#3118=EDGE_LOOP('',(#3119,#3120,#3121,#3122));
#3119=ORIENTED_EDGE('',*,*,#1982,.T.);
#3120=ORIENTED_EDGE('',*,*,#2031,.T.);
#3121=ORIENTED_EDGE('',*,*,#2065,.T.);
#3122=ORIENTED_EDGE('',*,*,#3123,.T.);
#3123=EDGE_CURVE('',#2066,#1983,#3124,.T.);
#3124=LINE('',#2067,#46);
#3125=PLANE('',#3126);
#3126=AXIS2_PLACEMENT_3D('',#1984,#49,#50);
#3127=ADVANCED_FACE('',(#3128),#3134,.F.);
#3128=FACE_BOUND('',#3129,.F.);
#3129=EDGE_LOOP('',(#3130,#3131,#3132,#3133));
#3130=ORIENTED_EDGE('',*,*,#2078,.T.);
#3131=ORIENTED_EDGE('',*,*,#2629,.T.);
#3132=ORIENTED_EDGE('',*,*,#1989,.F.);
#3133=ORIENTED_EDGE('',*,*,#3123,.F.);
#3134=PLANE('',#3135);
#3135=AXIS2_PLACEMENT_3D('',#2067,#28,#36);
#3136=ADVANCED_FACE('',(#3137),#3145,.T.);
#3137=FACE_BOUND('',#3138,.F.);
#3138=EDGE_LOOP('',(#3139,#3140,#3141,#3142));
#3139=ORIENTED_EDGE('',*,*,#2086,.T.);
#3140=ORIENTED_EDGE('',*,*,#2048,.T.);
#3141=ORIENTED_EDGE('',*,*,#2006,.T.);
#3142=ORIENTED_EDGE('',*,*,#3143,.T.);
#3143=EDGE_CURVE('',#2009,#2087,#3144,.T.);
#3144=LINE('',#2010,#42);
#3145=PLANE('',#3146);
#3146=AXIS2_PLACEMENT_3D('',#2088,#49,#28);
#3147=ADVANCED_FACE('',(#3148),#3154,.F.);
#3148=FACE_BOUND('',#3149,.F.);
#3149=EDGE_LOOP('',(#3150,#3151,#3152,#3153));
#3150=ORIENTED_EDGE('',*,*,#2023,.T.);
#3151=ORIENTED_EDGE('',*,*,#3071,.T.);
#3152=ORIENTED_EDGE('',*,*,#2091,.F.);
#3153=ORIENTED_EDGE('',*,*,#3143,.F.);
#3154=PLANE('',#3155);
#3155=AXIS2_PLACEMENT_3D('',#2010,#36,#14);
#3156=ADVANCED_FACE('',(#3157),#3165,.T.);
#3157=FACE_BOUND('',#3158,.F.);
#3158=EDGE_LOOP('',(#3159,#3160,#3161,#3162));
#3159=ORIENTED_EDGE('',*,*,#2106,.T.);
#3160=ORIENTED_EDGE('',*,*,#2155,.T.);
#3161=ORIENTED_EDGE('',*,*,#2189,.T.);
#3162=ORIENTED_EDGE('',*,*,#3163,.T.);
#3163=EDGE_CURVE('',#2190,#2107,#3164,.T.);
#3164=LINE('',#2191,#46);
#3165=PLANE('',#3166);
#3166=AXIS2_PLACEMENT_3D('',#2108,#49,#50);
#3167=ADVANCED_FACE('',(#3168),#3174,.F.);
#3168=FACE_BOUND('',#3169,.F.);
#3169=EDGE_LOOP('',(#3170,#3171,#3172,#3173));
#3170=ORIENTED_EDGE('',*,*,#2202,.T.);
#3171=ORIENTED_EDGE('',*,*,#2649,.T.);
#3172=ORIENTED_EDGE('',*,*,#2113,.F.);
#3173=ORIENTED_EDGE('',*,*,#3163,.F.);
#3174=PLANE('',#3175);
#3175=AXIS2_PLACEMENT_3D('',#2191,#28,#36);
#3176=ADVANCED_FACE('',(#3177),#3185,.T.);
#3177=FACE_BOUND('',#3178,.F.);
#3178=EDGE_LOOP('',(#3179,#3180,#3181,#3182));
#3179=ORIENTED_EDGE('',*,*,#2210,.T.);
#3180=ORIENTED_EDGE('',*,*,#2172,.T.);
#3181=ORIENTED_EDGE('',*,*,#2130,.T.);
#3182=ORIENTED_EDGE('',*,*,#3183,.T.);
#3183=EDGE_CURVE('',#2133,#2211,#3184,.T.);
#3184=LINE('',#2134,#42);
#3185=PLANE('',#3186);
#3186=AXIS2_PLACEMENT_3D('',#2212,#49,#28);
#3187=ADVANCED_FACE('',(#3188),#3194,.F.);
#3188=FACE_BOUND('',#3189,.F.);
#3189=EDGE_LOOP('',(#3190,#3191,#3192,#3193));
#3190=ORIENTED_EDGE('',*,*,#2147,.T.);
#3191=ORIENTED_EDGE('',*,*,#3091,.T.);
#3192=ORIENTED_EDGE('',*,*,#2215,.F.);
#3193=ORIENTED_EDGE('',*,*,#3183,.F.);
#3194=PLANE('',#3195);
#3195=AXIS2_PLACEMENT_3D('',#2134,#36,#14);
#3196=ADVANCED_FACE('',(#3197),#3205,.T.);
#3197=FACE_BOUND('',#3198,.F.);
#3198=EDGE_LOOP('',(#3199,#3200,#3201,#3202));
#3199=ORIENTED_EDGE('',*,*,#2230,.T.);
#3200=ORIENTED_EDGE('',*,*,#2279,.T.);
#3201=ORIENTED_EDGE('',*,*,#2313,.T.);
#3202=ORIENTED_EDGE('',*,*,#3203,.T.);
#3203=EDGE_CURVE('',#2314,#2231,#3204,.T.);
#3204=LINE('',#2315,#46);
#3205=PLANE('',#3206);
#3206=AXIS2_PLACEMENT_3D('',#2232,#49,#50);
#3207=ADVANCED_FACE('',(#3208),#3214,.F.);
#3208=FACE_BOUND('',#3209,.F.);
#3209=EDGE_LOOP('',(#3210,#3211,#3212,#3213));
#3210=ORIENTED_EDGE('',*,*,#2326,.T.);
#3211=ORIENTED_EDGE('',*,*,#2659,.T.);
#3212=ORIENTED_EDGE('',*,*,#2237,.F.);
#3213=ORIENTED_EDGE('',*,*,#3203,.F.);
#3214=PLANE('',#3215);
#3215=AXIS2_PLACEMENT_3D('',#2315,#28,#36);
#3216=ADVANCED_FACE('',(#3217),#3225,.T.);
#3217=FACE_BOUND('',#3218,.F.);
#3218=EDGE_LOOP('',(#3219,#3220,#3221,#3222));
#3219=ORIENTED_EDGE('',*,*,#2334,.T.);
#3220=ORIENTED_EDGE('',*,*,#2296,.T.);
#3221=ORIENTED_EDGE('',*,*,#2254,.T.);
#3222=ORIENTED_EDGE('',*,*,#3223,.T.);
#3223=EDGE_CURVE('',#2257,#2335,#3224,.T.);
#3224=LINE('',#2258,#42);
#3225=PLANE('',#3226);
#3226=AXIS2_PLACEMENT_3D('',#2336,#49,#28);
#3227=ADVANCED_FACE('',(#3228),#3234,.F.);
#3228=FACE_BOUND('',#3229,.F.);
#3229=EDGE_LOOP('',(#3230,#3231,#3232,#3233));
#3230=ORIENTED_EDGE('',*,*,#2271,.T.);
#3231=ORIENTED_EDGE('',*,*,#3081,.T.);
#3232=ORIENTED_EDGE('',*,*,#2339,.F.);
#3233=ORIENTED_EDGE('',*,*,#3223,.F.);
#3234=PLANE('',#3235);
#3235=AXIS2_PLACEMENT_3D('',#2258,#36,#14);
#3236=ADVANCED_FACE('',(#3237),#3245,.T.);
#3237=FACE_BOUND('',#3238,.F.);
#3238=EDGE_LOOP('',(#3239,#3240,#3241,#3242));
#3239=ORIENTED_EDGE('',*,*,#2354,.T.);
#3240=ORIENTED_EDGE('',*,*,#2403,.T.);
#3241=ORIENTED_EDGE('',*,*,#2437,.T.);
#3242=ORIENTED_EDGE('',*,*,#3243,.T.);
#3243=EDGE_CURVE('',#2438,#2355,#3244,.T.);
#3244=LINE('',#2439,#46);
#3245=PLANE('',#3246);
#3246=AXIS2_PLACEMENT_3D('',#2356,#49,#50);
#3247=ADVANCED_FACE('',(#3248),#3254,.F.);
#3248=FACE_BOUND('',#3249,.F.);
#3249=EDGE_LOOP('',(#3250,#3251,#3252,#3253));
#3250=ORIENTED_EDGE('',*,*,#2450,.T.);
#3251=ORIENTED_EDGE('',*,*,#2639,.T.);
#3252=ORIENTED_EDGE('',*,*,#2361,.F.);
#3253=ORIENTED_EDGE('',*,*,#3243,.F.);
#3254=PLANE('',#3255);
#3255=AXIS2_PLACEMENT_3D('',#2439,#28,#36);
#3256=ADVANCED_FACE('',(#3257),#3265,.T.);
#3257=FACE_BOUND('',#3258,.F.);
#3258=EDGE_LOOP('',(#3259,#3260,#3261,#3262));
#3259=ORIENTED_EDGE('',*,*,#2458,.T.);
#3260=ORIENTED_EDGE('',*,*,#2420,.T.);
#3261=ORIENTED_EDGE('',*,*,#2378,.T.);
#3262=ORIENTED_EDGE('',*,*,#3263,.T.);
#3263=EDGE_CURVE('',#2381,#2459,#3264,.T.);
#3264=LINE('',#2382,#42);
#3265=PLANE('',#3266);
#3266=AXIS2_PLACEMENT_3D('',#2460,#49,#28);
#3267=ADVANCED_FACE('',(#3268),#3274,.F.);
#3268=FACE_BOUND('',#3269,.F.);
#3269=EDGE_LOOP('',(#3270,#3271,#3272,#3273));
#3270=ORIENTED_EDGE('',*,*,#2395,.T.);
#3271=ORIENTED_EDGE('',*,*,#3061,.T.);
#3272=ORIENTED_EDGE('',*,*,#2463,.F.);
#3273=ORIENTED_EDGE('',*,*,#3263,.F.);
#3274=PLANE('',#3275);
#3275=AXIS2_PLACEMENT_3D('',#2382,#36,#14);
#3276=ADVANCED_FACE('',(#3277),#3285,.T.);
#3277=FACE_BOUND('',#3278,.F.);
#3278=EDGE_LOOP('',(#3279,#3280,#3281,#3282));
#3279=ORIENTED_EDGE('',*,*,#2478,.T.);
#3280=ORIENTED_EDGE('',*,*,#2527,.T.);
#3281=ORIENTED_EDGE('',*,*,#2561,.T.);
#3282=ORIENTED_EDGE('',*,*,#3283,.T.);
#3283=EDGE_CURVE('',#2562,#2479,#3284,.T.);
#3284=LINE('',#2563,#46);
#3285=PLANE('',#3286);
#3286=AXIS2_PLACEMENT_3D('',#2480,#49,#50);
#3287=ADVANCED_FACE('',(#3288),#3294,.F.);
#3288=FACE_BOUND('',#3289,.F.);
#3289=EDGE_LOOP('',(#3290,#3291,#3292,#3293));
#3290=ORIENTED_EDGE('',*,*,#2574,.T.);
#3291=ORIENTED_EDGE('',*,*,#2619,.T.);
#3292=ORIENTED_EDGE('',*,*,#2485,.F.);
#3293=ORIENTED_EDGE('',*,*,#3283,.F.);
#3294=PLANE('',#3295);
#3295=AXIS2_PLACEMENT_3D('',#2563,#28,#36);
#3296=ADVANCED_FACE('',(#3297),#3305,.T.);
#3297=FACE_BOUND('',#3298,.F.);
#3298=EDGE_LOOP('',(#3299,#3300,#3301,#3302));
#3299=ORIENTED_EDGE('',*,*,#2582,.T.);
#3300=ORIENTED_EDGE('',*,*,#2544,.T.);
#3301=ORIENTED_EDGE('',*,*,#2502,.T.);
#3302=ORIENTED_EDGE('',*,*,#3303,.T.);
#3303=EDGE_CURVE('',#2505,#2583,#3304,.T.);
#3304=LINE('',#2506,#42);
#3305=PLANE('',#3306);
#3306=AXIS2_PLACEMENT_3D('',#2584,#49,#28);
#3307=ADVANCED_FACE('',(#3308),#3314,.F.);
#3308=FACE_BOUND('',#3309,.F.);
#3309=EDGE_LOOP('',(#3310,#3311,#3312,#3313));
#3310=ORIENTED_EDGE('',*,*,#2519,.T.);
#3311=ORIENTED_EDGE('',*,*,#3041,.T.);
#3312=ORIENTED_EDGE('',*,*,#2587,.F.);
#3313=ORIENTED_EDGE('',*,*,#3303,.F.);
#3314=PLANE('',#3315);
#3315=AXIS2_PLACEMENT_3D('',#2506,#36,#14);
#3316=ADVANCED_FACE('',(#3317),#3332,.F.);
#3317=FACE_BOUND('',#3318,.T.);
#3318=EDGE_LOOP('',(#3319,#3320,#3326,#3331));
#3319=ORIENTED_EDGE('',*,*,#2606,.F.);
#3320=ORIENTED_EDGE('',*,*,#3321,.T.);
#3321=EDGE_CURVE('',#2607,#3322,#3324,.T.);
#3322=VERTEX_POINT('',#3323);
#3323=CARTESIAN_POINT('',(-1.4,1.15,0.76));
#3324=LINE('',#3325,#72);
#3325=CARTESIAN_POINT('',(-1.4,1.15,0.78));
#3326=ORIENTED_EDGE('',*,*,#3327,.F.);
#3327=EDGE_CURVE('',#3322,#3322,#3328,.T.);
#3328=CIRCLE('',#3329,0.25);
#3329=AXIS2_PLACEMENT_3D('',#3330,#13,#50);
#3330=CARTESIAN_POINT('',(-1.4,1.4,0.76));
#3331=ORIENTED_EDGE('',*,*,#3321,.F.);
#3332=CYLINDRICAL_SURFACE('',#3333,0.25);
#3333=AXIS2_PLACEMENT_3D('',#3334,#49,#50);
#3334=CARTESIAN_POINT('',(-1.4,1.4,0.78));
#3335=ADVANCED_FACE('',(#3336),#3339,.T.);
#3336=FACE_BOUND('',#3337,.T.);
#3337=EDGE_LOOP('',(#3338));
#3338=ORIENTED_EDGE('',*,*,#3327,.T.);
#3339=PLANE('',#3329);
#3340=( GEOMETRIC_REPRESENTATION_CONTEXT(3) GLOBAL_UNCERTAINTY_ASSIGNED_CONTEXT((#3344)) GLOBAL_UNIT_ASSIGNED_CONTEXT((#3341,#3342,#3343)) REPRESENTATION_CONTEXT('Context #1','3D Context with UNIT and UNCERTAINTY') );
#3341=( LENGTH_UNIT() NAMED_UNIT(*) SI_UNIT(.MILLI.,.METRE.) );
#3342=( NAMED_UNIT(*) PLANE_ANGLE_UNIT() SI_UNIT($,.RADIAN.) );
#3343=( NAMED_UNIT(*) SI_UNIT($,.STERADIAN.) SOLID_ANGLE_UNIT() );
#3344=UNCERTAINTY_MEASURE_WITH_UNIT(LENGTH_MEASURE(1.E-007),#3341,'distance_accuracy_value','confusion accuracy');
#3345=MECHANICAL_DESIGN_GEOMETRIC_PRESENTATION_REPRESENTATION('',(#3346,#3354,#3355,#3356,#3357,#3358,#3366,#3367,#3368,#3369,#3370,#3371,#3372,#3373,#3374,#3375,#3376,#3377,#3378,#3379,#3380,#3381,#3382,#3383,#3384,#3385,#3386,#3387,#3388,#3389,#3390,#3391,#3392,#3393,#3394,#3395,#3396,#3397,#3398,#3399,#3400,#3401,#3402,#3403,#3404,#3405,#3406,#3407,#3408,#3409,#3410,#3411,#3412,#3413,#3414,#3415,#3416,#3417,#3418,#3419,#3420,#3421,#3422,#3423,#3424,#3425,#3426,#3427,#3428,#3429,#3430,#3431,#3432,#3433,#3434,#3435,#3436,#3437,#3438,#3439,#3440,#3441,#3442,#3443,#3444,#3445,#3446,#3447,#3448,#3449,#3450,#3451,#3452,#3453,#3454,#3455,#3456,#3457,#3458,#3459,#3460,#3461,#3462,#3463,#3464,#3465,#3466,#3467,#3468,#3469,#3470,#3471,#3472,#3473,#3474,#3475,#3476,#3477,#3478,#3479,#3480,#3481,#3482,#3483,#3484,#3485,#3486,#3487,#3488,#3489,#3490,#3491,#3492,#3493,#3494,#3495,#3496,#3497,#3498,#3499,#3500,#3501,#3502,#3503,#3504,#3505,#3506,#3507,#3508,#3509,#3510,#3518),#3340);
#3346=STYLED_ITEM('color',(#3347),#17);
#3347=PRESENTATION_STYLE_ASSIGNMENT((#3348));
#3348=SURFACE_STYLE_USAGE(.BOTH.,#3349);
#3349=SURFACE_SIDE_STYLE('',(#3350));
#3350=SURFACE_STYLE_FILL_AREA(#3351);
#3351=FILL_AREA_STYLE('',(#3352));
#3352=FILL_AREA_STYLE_COLOUR('',#3353);
#3353=COLOUR_RGB('',0.824000000954,0.819999992847,0.78100001812);
#3354=STYLED_ITEM('color',(#3347),#51);
#3355=STYLED_ITEM('color',(#3347),#84);
#3356=STYLED_ITEM('color',(#3347),#101);
#3357=STYLED_ITEM('color',(#3347),#129);
#3358=STYLED_ITEM('color',(#3359),#140);
#3359=PRESENTATION_STYLE_ASSIGNMENT((#3360));
#3360=SURFACE_STYLE_USAGE(.BOTH.,#3361);
#3361=SURFACE_SIDE_STYLE('',(#3362));
#3362=SURFACE_STYLE_FILL_AREA(#3363);
#3363=FILL_AREA_STYLE('',(#3364));
#3364=FILL_AREA_STYLE_COLOUR('',#3365);
#3365=COLOUR_RGB('',0.148000001907,0.144999995828,0.144999995828);
#3366=STYLED_ITEM('color',(#3359),#700);
#3367=STYLED_ITEM('color',(#3347),#802);
#3368=STYLED_ITEM('color',(#3359),#810);
#3369=STYLED_ITEM('color',(#3359),#926);
#3370=STYLED_ITEM('color',(#3347),#1043);
#3371=STYLED_ITEM('color',(#3347),#1068);
#3372=STYLED_ITEM('color',(#3347),#1094);
#3373=STYLED_ITEM('color',(#3347),#1111);
#3374=STYLED_ITEM('color',(#3347),#1128);
#3375=STYLED_ITEM('color',(#3347),#1150);
#3376=STYLED_ITEM('color',(#3347),#1171);
#3377=STYLED_ITEM('color',(#3347),#1196);
#3378=STYLED_ITEM('color',(#3347),#1222);
#3379=STYLED_ITEM('color',(#3347),#1239);
#3380=STYLED_ITEM('color',(#3347),#1256);
#3381=STYLED_ITEM('color',(#3347),#1278);
#3382=STYLED_ITEM('color',(#3347),#1299);
#3383=STYLED_ITEM('color',(#3347),#1324);
#3384=STYLED_ITEM('color',(#3347),#1350);
#3385=STYLED_ITEM('color',(#3347),#1367);
#3386=STYLED_ITEM('color',(#3347),#1384);
#3387=STYLED_ITEM('color',(#3347),#1406);
#3388=STYLED_ITEM('color',(#3347),#1427);
#3389=STYLED_ITEM('color',(#3347),#1452);
#3390=STYLED_ITEM('color',(#3347),#1478);
#3391=STYLED_ITEM('color',(#3347),#1495);
#3392=STYLED_ITEM('color',(#3347),#1512);
#3393=STYLED_ITEM('color',(#3347),#1534);
#3394=STYLED_ITEM('color',(#3347),#1555);
#3395=STYLED_ITEM('color',(#3347),#1580);
#3396=STYLED_ITEM('color',(#3347),#1606);
#3397=STYLED_ITEM('color',(#3347),#1623);
#3398=STYLED_ITEM('color',(#3347),#1640);
#3399=STYLED_ITEM('color',(#3347),#1662);
#3400=STYLED_ITEM('color',(#3347),#1683);
#3401=STYLED_ITEM('color',(#3347),#1708);
#3402=STYLED_ITEM('color',(#3347),#1734);
#3403=STYLED_ITEM('color',(#3347),#1751);
#3404=STYLED_ITEM('color',(#3347),#1768);
#3405=STYLED_ITEM('color',(#3347),#1790);
#3406=STYLED_ITEM('color',(#3359),#1811);
#3407=STYLED_ITEM('color',(#3347),#1916);
#3408=STYLED_ITEM('color',(#3347),#1941);
#3409=STYLED_ITEM('color',(#3347),#1958);
#3410=STYLED_ITEM('color',(#3347),#1978);
#3411=STYLED_ITEM('color',(#3347),#2002);
#3412=STYLED_ITEM('color',(#3347),#2027);
#3413=STYLED_ITEM('color',(#3347),#2044);
#3414=STYLED_ITEM('color',(#3347),#2061);
#3415=STYLED_ITEM('color',(#3347),#2082);
#3416=STYLED_ITEM('color',(#3347),#2102);
#3417=STYLED_ITEM('color',(#3347),#2126);
#3418=STYLED_ITEM('color',(#3347),#2151);
#3419=STYLED_ITEM('color',(#3347),#2168);
#3420=STYLED_ITEM('color',(#3347),#2185);
#3421=STYLED_ITEM('color',(#3347),#2206);
#3422=STYLED_ITEM('color',(#3347),#2226);
#3423=STYLED_ITEM('color',(#3347),#2250);
#3424=STYLED_ITEM('color',(#3347),#2275);
#3425=STYLED_ITEM('color',(#3347),#2292);
#3426=STYLED_ITEM('color',(#3347),#2309);
#3427=STYLED_ITEM('color',(#3347),#2330);
#3428=STYLED_ITEM('color',(#3347),#2350);
#3429=STYLED_ITEM('color',(#3347),#2374);
#3430=STYLED_ITEM('color',(#3347),#2399);
#3431=STYLED_ITEM('color',(#3347),#2416);
#3432=STYLED_ITEM('color',(#3347),#2433);
#3433=STYLED_ITEM('color',(#3347),#2454);
#3434=STYLED_ITEM('color',(#3347),#2474);
#3435=STYLED_ITEM('color',(#3347),#2498);
#3436=STYLED_ITEM('color',(#3347),#2523);
#3437=STYLED_ITEM('color',(#3347),#2540);
#3438=STYLED_ITEM('color',(#3347),#2557);
#3439=STYLED_ITEM('color',(#3347),#2578);
#3440=STYLED_ITEM('color',(#3359),#2598);
#3441=STYLED_ITEM('color',(#3347),#2614);
#3442=STYLED_ITEM('color',(#3347),#2624);
#3443=STYLED_ITEM('color',(#3347),#2634);
#3444=STYLED_ITEM('color',(#3347),#2644);
#3445=STYLED_ITEM('color',(#3347),#2654);
#3446=STYLED_ITEM('color',(#3347),#2664);
#3447=STYLED_ITEM('color',(#3347),#2675);
#3448=STYLED_ITEM('color',(#3347),#2686);
#3449=STYLED_ITEM('color',(#3347),#2697);
#3450=STYLED_ITEM('color',(#3347),#2708);
#3451=STYLED_ITEM('color',(#3347),#2719);
#3452=STYLED_ITEM('color',(#3347),#2730);
#3453=STYLED_ITEM('color',(#3347),#2741);
#3454=STYLED_ITEM('color',(#3347),#2752);
#3455=STYLED_ITEM('color',(#3347),#2763);
#3456=STYLED_ITEM('color',(#3347),#2774);
#3457=STYLED_ITEM('color',(#3347),#2785);
#3458=STYLED_ITEM('color',(#3347),#2796);
#3459=STYLED_ITEM('color',(#3347),#2807);
#3460=STYLED_ITEM('color',(#3347),#2816);
#3461=STYLED_ITEM('color',(#3347),#2827);
#3462=STYLED_ITEM('color',(#3347),#2836);
#3463=STYLED_ITEM('color',(#3347),#2847);
#3464=STYLED_ITEM('color',(#3347),#2856);
#3465=STYLED_ITEM('color',(#3347),#2867);
#3466=STYLED_ITEM('color',(#3347),#2876);
#3467=STYLED_ITEM('color',(#3347),#2887);
#3468=STYLED_ITEM('color',(#3347),#2896);
#3469=STYLED_ITEM('color',(#3347),#2907);
#3470=STYLED_ITEM('color',(#3347),#2916);
#3471=STYLED_ITEM('color',(#3347),#2927);
#3472=STYLED_ITEM('color',(#3347),#2936);
#3473=STYLED_ITEM('color',(#3347),#2947);
#3474=STYLED_ITEM('color',(#3347),#2956);
#3475=STYLED_ITEM('color',(#3347),#2967);
#3476=STYLED_ITEM('color',(#3347),#2976);
#3477=STYLED_ITEM('color',(#3347),#2987);
#3478=STYLED_ITEM('color',(#3347),#2996);
#3479=STYLED_ITEM('color',(#3347),#3007);
#3480=STYLED_ITEM('color',(#3347),#3016);
#3481=STYLED_ITEM('color',(#3347),#3027);
#3482=STYLED_ITEM('color',(#3347),#3036);
#3483=STYLED_ITEM('color',(#3347),#3046);
#3484=STYLED_ITEM('color',(#3347),#3056);
#3485=STYLED_ITEM('color',(#3347),#3066);
#3486=STYLED_ITEM('color',(#3347),#3076);
#3487=STYLED_ITEM('color',(#3347),#3086);
#3488=STYLED_ITEM('color',(#3347),#3096);
#3489=STYLED_ITEM('color',(#3347),#3107);
#3490=STYLED_ITEM('color',(#3347),#3116);
#3491=STYLED_ITEM('color',(#3347),#3127);
#3492=STYLED_ITEM('color',(#3347),#3136);
#3493=STYLED_ITEM('color',(#3347),#3147);
#3494=STYLED_ITEM('color',(#3347),#3156);
#3495=STYLED_ITEM('color',(#3347),#3167);
#3496=STYLED_ITEM('color',(#3347),#3176);
#3497=STYLED_ITEM('color',(#3347),#3187);
#3498=STYLED_ITEM('color',(#3347),#3196);
#3499=STYLED_ITEM('color',(#3347),#3207);
#3500=STYLED_ITEM('color',(#3347),#3216);
#3501=STYLED_ITEM('color',(#3347),#3227);
#3502=STYLED_ITEM('color',(#3347),#3236);
#3503=STYLED_ITEM('color',(#3347),#3247);
#3504=STYLED_ITEM('color',(#3347),#3256);
#3505=STYLED_ITEM('color',(#3347),#3267);
#3506=STYLED_ITEM('color',(#3347),#3276);
#3507=STYLED_ITEM('color',(#3347),#3287);
#3508=STYLED_ITEM('color',(#3347),#3296);
#3509=STYLED_ITEM('color',(#3347),#3307);
#3510=STYLED_ITEM('color',(#3511),#3316);
#3511=PRESENTATION_STYLE_ASSIGNMENT((#3512));
#3512=SURFACE_STYLE_USAGE(.BOTH.,#3513);
#3513=SURFACE_SIDE_STYLE('',(#3514));
#3514=SURFACE_STYLE_FILL_AREA(#3515);
#3515=FILL_AREA_STYLE('',(#3516));
#3516=FILL_AREA_STYLE_COLOUR('',#3517);
#3517=COLOUR_RGB('',0.690999984741,0.663999974728,0.597999989986);
#3518=STYLED_ITEM('color',(#3511),#3335);
ENDSEC;
END-ISO-10303-21;
