ISO-10303-21;
HEADER;
FILE_DESCRIPTION(('FreeCAD Model'),'2;1');
FILE_NAME('Open CASCADE Shape Model','2022-11-18T12:58:52',(
    'kicad StepUp'),('ksu MCAD'),'Open CASCADE STEP processor 7.6',
  'FreeCAD','Unknown');
FILE_SCHEMA(('AUTOMOTIVE_DESIGN { 1 0 10303 214 1 1 1 1 }'));
ENDSEC;
DATA;
#1=APPLICATION_PROTOCOL_DEFINITION('international standard','automotive_design',2000,#2);
#2=APPLICATION_CONTEXT('core data for automotive mechanical design processes');
#3=SHAPE_DEFINITION_REPRESENTATION(#4,#10);
#4=PRODUCT_DEFINITION_SHAPE('','',#5);
#5=PRODUCT_DEFINITION('design','',#6,#9);
#6=PRODUCT_DEFINITION_FORMATION('','',#7);
#7=PRODUCT('USB_C_Receptacle_16P_TopMnt_Horizontal_GCT_USB4105-xx-A','USB_C_Receptacle_16P_TopMnt_Horizontal_GCT_USB4105-xx-A','',(#8));
#8=PRODUCT_CONTEXT('',#2,'mechanical');
#9=PRODUCT_DEFINITION_CONTEXT('part definition',#2,'design');
#10=SHAPE_REPRESENTATION('',(#11,#15,#118,#212,#306,#400,#495,#589,#683,#777,#1991,#2086,#2181,#2276,#2371,#2466,#2561,#2656,#2751,#5971,#6065,#6159,#6253,#6347,#6441,#6535,#6629,#6723,#7780,#7876,#7972,#8068,#8164,#8260,#8356,#8452,#8548),#11651);
#11=AXIS2_PLACEMENT_3D('',#12,#13,#14);
#12=CARTESIAN_POINT('',(0.,0.,0.));
#13=DIRECTION('',(0.,0.,1.));
#14=DIRECTION('',(1.,0.,-0.));
#15=MANIFOLD_SOLID_BREP('',#16);
#16=CLOSED_SHELL('',(#17,#47,#68,#88,#102,#112));
#17=ADVANCED_FACE('',(#18),#44,.T.);
#18=FACE_BOUND('',#19,.T.);
#19=EDGE_LOOP('',(#20,#29,#36,#41));
#20=ORIENTED_EDGE('',*,*,#21,.T.);
#21=EDGE_CURVE('',#22,#24,#26,.T.);
#22=VERTEX_POINT('',#23);
#23=CARTESIAN_POINT('',(2.875,-0.475,1.38));
#24=VERTEX_POINT('',#25);
#25=CARTESIAN_POINT('',(2.875,-0.475,1.28));
#26=LINE('',#23,#27);
#27=VECTOR('',#28,1.);
#28=DIRECTION('',(0.,0.,-1.));
#29=ORIENTED_EDGE('',*,*,#30,.T.);
#30=EDGE_CURVE('',#24,#31,#33,.T.);
#31=VERTEX_POINT('',#32);
#32=CARTESIAN_POINT('',(2.625,-0.475,1.28));
#33=LINE('',#25,#34);
#34=VECTOR('',#35,1.);
#35=DIRECTION('',(-1.,-0.,-0.));
#36=ORIENTED_EDGE('',*,*,#37,.F.);
#37=EDGE_CURVE('',#38,#31,#40,.T.);
#38=VERTEX_POINT('',#39);
#39=CARTESIAN_POINT('',(2.625,-0.475,1.38));
#40=LINE('',#39,#27);
#41=ORIENTED_EDGE('',*,*,#42,.F.);
#42=EDGE_CURVE('',#22,#38,#43,.T.);
#43=LINE('',#23,#34);
#44=PLANE('',#45);
#45=AXIS2_PLACEMENT_3D('',#23,#46,#35);
#46=DIRECTION('',(0.,1.,0.));
#47=ADVANCED_FACE('',(#48),#66,.T.);
#48=FACE_BOUND('',#49,.T.);
#49=EDGE_LOOP('',(#50,#51,#58,#63));
#50=ORIENTED_EDGE('',*,*,#37,.T.);
#51=ORIENTED_EDGE('',*,*,#52,.T.);
#52=EDGE_CURVE('',#31,#53,#55,.T.);
#53=VERTEX_POINT('',#54);
#54=CARTESIAN_POINT('',(2.625,-2.875,1.28));
#55=LINE('',#32,#56);
#56=VECTOR('',#57,1.);
#57=DIRECTION('',(0.,-1.,0.));
#58=ORIENTED_EDGE('',*,*,#59,.F.);
#59=EDGE_CURVE('',#60,#53,#62,.T.);
#60=VERTEX_POINT('',#61);
#61=CARTESIAN_POINT('',(2.625,-2.875,1.38));
#62=LINE('',#61,#27);
#63=ORIENTED_EDGE('',*,*,#64,.F.);
#64=EDGE_CURVE('',#38,#60,#65,.T.);
#65=LINE('',#39,#56);
#66=PLANE('',#67);
#67=AXIS2_PLACEMENT_3D('',#39,#35,#57);
#68=ADVANCED_FACE('',(#69),#86,.T.);
#69=FACE_BOUND('',#70,.T.);
#70=EDGE_LOOP('',(#71,#72,#78,#83));
#71=ORIENTED_EDGE('',*,*,#59,.T.);
#72=ORIENTED_EDGE('',*,*,#73,.T.);
#73=EDGE_CURVE('',#53,#74,#76,.T.);
#74=VERTEX_POINT('',#75);
#75=CARTESIAN_POINT('',(2.875,-2.875,1.28));
#76=LINE('',#54,#77);
#77=VECTOR('',#14,1.);
#78=ORIENTED_EDGE('',*,*,#79,.F.);
#79=EDGE_CURVE('',#80,#74,#82,.T.);
#80=VERTEX_POINT('',#81);
#81=CARTESIAN_POINT('',(2.875,-2.875,1.38));
#82=LINE('',#81,#27);
#83=ORIENTED_EDGE('',*,*,#84,.F.);
#84=EDGE_CURVE('',#60,#80,#85,.T.);
#85=LINE('',#61,#77);
#86=PLANE('',#87);
#87=AXIS2_PLACEMENT_3D('',#61,#57,#14);
#88=ADVANCED_FACE('',(#89),#100,.T.);
#89=FACE_BOUND('',#90,.T.);
#90=EDGE_LOOP('',(#91,#92,#96,#97));
#91=ORIENTED_EDGE('',*,*,#79,.T.);
#92=ORIENTED_EDGE('',*,*,#93,.T.);
#93=EDGE_CURVE('',#74,#24,#94,.T.);
#94=LINE('',#75,#95);
#95=VECTOR('',#46,1.);
#96=ORIENTED_EDGE('',*,*,#21,.F.);
#97=ORIENTED_EDGE('',*,*,#98,.F.);
#98=EDGE_CURVE('',#80,#22,#99,.T.);
#99=LINE('',#81,#95);
#100=PLANE('',#101);
#101=AXIS2_PLACEMENT_3D('',#81,#14,#46);
#102=ADVANCED_FACE('',(#103),#109,.F.);
#103=FACE_BOUND('',#104,.T.);
#104=EDGE_LOOP('',(#105,#106,#107,#108));
#105=ORIENTED_EDGE('',*,*,#42,.T.);
#106=ORIENTED_EDGE('',*,*,#64,.T.);
#107=ORIENTED_EDGE('',*,*,#84,.T.);
#108=ORIENTED_EDGE('',*,*,#98,.T.);
#109=PLANE('',#110);
#110=AXIS2_PLACEMENT_3D('',#111,#28,#35);
#111=CARTESIAN_POINT('',(2.75,-1.675,1.38));
#112=ADVANCED_FACE('',(#113),#115,.T.);
#113=FACE_BOUND('',#114,.F.);
#114=EDGE_LOOP('',(#29,#51,#72,#92));
#115=PLANE('',#116);
#116=AXIS2_PLACEMENT_3D('',#117,#28,#35);
#117=CARTESIAN_POINT('',(2.75,-1.675,1.28));
#118=MANIFOLD_SOLID_BREP('',#119);
#119=CLOSED_SHELL('',(#120,#145,#164,#183,#196,#206));
#120=ADVANCED_FACE('',(#121),#143,.T.);
#121=FACE_BOUND('',#122,.T.);
#122=EDGE_LOOP('',(#123,#130,#135,#140));
#123=ORIENTED_EDGE('',*,*,#124,.T.);
#124=EDGE_CURVE('',#125,#127,#129,.T.);
#125=VERTEX_POINT('',#126);
#126=CARTESIAN_POINT('',(1.375,-0.475,1.38));
#127=VERTEX_POINT('',#128);
#128=CARTESIAN_POINT('',(1.375,-0.475,1.28));
#129=LINE('',#126,#27);
#130=ORIENTED_EDGE('',*,*,#131,.T.);
#131=EDGE_CURVE('',#127,#132,#134,.T.);
#132=VERTEX_POINT('',#133);
#133=CARTESIAN_POINT('',(1.125,-0.475,1.28));
#134=LINE('',#128,#34);
#135=ORIENTED_EDGE('',*,*,#136,.F.);
#136=EDGE_CURVE('',#137,#132,#139,.T.);
#137=VERTEX_POINT('',#138);
#138=CARTESIAN_POINT('',(1.125,-0.475,1.38));
#139=LINE('',#138,#27);
#140=ORIENTED_EDGE('',*,*,#141,.F.);
#141=EDGE_CURVE('',#125,#137,#142,.T.);
#142=LINE('',#126,#34);
#143=PLANE('',#144);
#144=AXIS2_PLACEMENT_3D('',#126,#46,#35);
#145=ADVANCED_FACE('',(#146),#162,.T.);
#146=FACE_BOUND('',#147,.T.);
#147=EDGE_LOOP('',(#148,#149,#154,#159));
#148=ORIENTED_EDGE('',*,*,#136,.T.);
#149=ORIENTED_EDGE('',*,*,#150,.T.);
#150=EDGE_CURVE('',#132,#151,#153,.T.);
#151=VERTEX_POINT('',#152);
#152=CARTESIAN_POINT('',(1.125,-2.875,1.28));
#153=LINE('',#133,#56);
#154=ORIENTED_EDGE('',*,*,#155,.F.);
#155=EDGE_CURVE('',#156,#151,#158,.T.);
#156=VERTEX_POINT('',#157);
#157=CARTESIAN_POINT('',(1.125,-2.875,1.38));
#158=LINE('',#157,#27);
#159=ORIENTED_EDGE('',*,*,#160,.F.);
#160=EDGE_CURVE('',#137,#156,#161,.T.);
#161=LINE('',#138,#56);
#162=PLANE('',#163);
#163=AXIS2_PLACEMENT_3D('',#138,#35,#57);
#164=ADVANCED_FACE('',(#165),#181,.T.);
#165=FACE_BOUND('',#166,.T.);
#166=EDGE_LOOP('',(#167,#168,#173,#178));
#167=ORIENTED_EDGE('',*,*,#155,.T.);
#168=ORIENTED_EDGE('',*,*,#169,.T.);
#169=EDGE_CURVE('',#151,#170,#172,.T.);
#170=VERTEX_POINT('',#171);
#171=CARTESIAN_POINT('',(1.375,-2.875,1.28));
#172=LINE('',#152,#77);
#173=ORIENTED_EDGE('',*,*,#174,.F.);
#174=EDGE_CURVE('',#175,#170,#177,.T.);
#175=VERTEX_POINT('',#176);
#176=CARTESIAN_POINT('',(1.375,-2.875,1.38));
#177=LINE('',#176,#27);
#178=ORIENTED_EDGE('',*,*,#179,.F.);
#179=EDGE_CURVE('',#156,#175,#180,.T.);
#180=LINE('',#157,#77);
#181=PLANE('',#182);
#182=AXIS2_PLACEMENT_3D('',#157,#57,#14);
#183=ADVANCED_FACE('',(#184),#194,.T.);
#184=FACE_BOUND('',#185,.T.);
#185=EDGE_LOOP('',(#186,#187,#190,#191));
#186=ORIENTED_EDGE('',*,*,#174,.T.);
#187=ORIENTED_EDGE('',*,*,#188,.T.);
#188=EDGE_CURVE('',#170,#127,#189,.T.);
#189=LINE('',#171,#95);
#190=ORIENTED_EDGE('',*,*,#124,.F.);
#191=ORIENTED_EDGE('',*,*,#192,.F.);
#192=EDGE_CURVE('',#175,#125,#193,.T.);
#193=LINE('',#176,#95);
#194=PLANE('',#195);
#195=AXIS2_PLACEMENT_3D('',#176,#14,#46);
#196=ADVANCED_FACE('',(#197),#203,.F.);
#197=FACE_BOUND('',#198,.T.);
#198=EDGE_LOOP('',(#199,#200,#201,#202));
#199=ORIENTED_EDGE('',*,*,#141,.T.);
#200=ORIENTED_EDGE('',*,*,#160,.T.);
#201=ORIENTED_EDGE('',*,*,#179,.T.);
#202=ORIENTED_EDGE('',*,*,#192,.T.);
#203=PLANE('',#204);
#204=AXIS2_PLACEMENT_3D('',#205,#28,#35);
#205=CARTESIAN_POINT('',(1.25,-1.675,1.38));
#206=ADVANCED_FACE('',(#207),#209,.T.);
#207=FACE_BOUND('',#208,.F.);
#208=EDGE_LOOP('',(#130,#149,#168,#187));
#209=PLANE('',#210);
#210=AXIS2_PLACEMENT_3D('',#211,#28,#35);
#211=CARTESIAN_POINT('',(1.25,-1.675,1.28));
#212=MANIFOLD_SOLID_BREP('',#213);
#213=CLOSED_SHELL('',(#214,#239,#258,#277,#290,#300));
#214=ADVANCED_FACE('',(#215),#237,.T.);
#215=FACE_BOUND('',#216,.T.);
#216=EDGE_LOOP('',(#217,#224,#229,#234));
#217=ORIENTED_EDGE('',*,*,#218,.T.);
#218=EDGE_CURVE('',#219,#221,#223,.T.);
#219=VERTEX_POINT('',#220);
#220=CARTESIAN_POINT('',(0.875,-0.475,1.38));
#221=VERTEX_POINT('',#222);
#222=CARTESIAN_POINT('',(0.875,-0.475,1.28));
#223=LINE('',#220,#27);
#224=ORIENTED_EDGE('',*,*,#225,.T.);
#225=EDGE_CURVE('',#221,#226,#228,.T.);
#226=VERTEX_POINT('',#227);
#227=CARTESIAN_POINT('',(0.625,-0.475,1.28));
#228=LINE('',#222,#34);
#229=ORIENTED_EDGE('',*,*,#230,.F.);
#230=EDGE_CURVE('',#231,#226,#233,.T.);
#231=VERTEX_POINT('',#232);
#232=CARTESIAN_POINT('',(0.625,-0.475,1.38));
#233=LINE('',#232,#27);
#234=ORIENTED_EDGE('',*,*,#235,.F.);
#235=EDGE_CURVE('',#219,#231,#236,.T.);
#236=LINE('',#220,#34);
#237=PLANE('',#238);
#238=AXIS2_PLACEMENT_3D('',#220,#46,#35);
#239=ADVANCED_FACE('',(#240),#256,.T.);
#240=FACE_BOUND('',#241,.T.);
#241=EDGE_LOOP('',(#242,#243,#248,#253));
#242=ORIENTED_EDGE('',*,*,#230,.T.);
#243=ORIENTED_EDGE('',*,*,#244,.T.);
#244=EDGE_CURVE('',#226,#245,#247,.T.);
#245=VERTEX_POINT('',#246);
#246=CARTESIAN_POINT('',(0.625,-2.375,1.28));
#247=LINE('',#227,#56);
#248=ORIENTED_EDGE('',*,*,#249,.F.);
#249=EDGE_CURVE('',#250,#245,#252,.T.);
#250=VERTEX_POINT('',#251);
#251=CARTESIAN_POINT('',(0.625,-2.375,1.38));
#252=LINE('',#251,#27);
#253=ORIENTED_EDGE('',*,*,#254,.F.);
#254=EDGE_CURVE('',#231,#250,#255,.T.);
#255=LINE('',#232,#56);
#256=PLANE('',#257);
#257=AXIS2_PLACEMENT_3D('',#232,#35,#57);
#258=ADVANCED_FACE('',(#259),#275,.T.);
#259=FACE_BOUND('',#260,.T.);
#260=EDGE_LOOP('',(#261,#262,#267,#272));
#261=ORIENTED_EDGE('',*,*,#249,.T.);
#262=ORIENTED_EDGE('',*,*,#263,.T.);
#263=EDGE_CURVE('',#245,#264,#266,.T.);
#264=VERTEX_POINT('',#265);
#265=CARTESIAN_POINT('',(0.875,-2.375,1.28));
#266=LINE('',#246,#77);
#267=ORIENTED_EDGE('',*,*,#268,.F.);
#268=EDGE_CURVE('',#269,#264,#271,.T.);
#269=VERTEX_POINT('',#270);
#270=CARTESIAN_POINT('',(0.875,-2.375,1.38));
#271=LINE('',#270,#27);
#272=ORIENTED_EDGE('',*,*,#273,.F.);
#273=EDGE_CURVE('',#250,#269,#274,.T.);
#274=LINE('',#251,#77);
#275=PLANE('',#276);
#276=AXIS2_PLACEMENT_3D('',#251,#57,#14);
#277=ADVANCED_FACE('',(#278),#288,.T.);
#278=FACE_BOUND('',#279,.T.);
#279=EDGE_LOOP('',(#280,#281,#284,#285));
#280=ORIENTED_EDGE('',*,*,#268,.T.);
#281=ORIENTED_EDGE('',*,*,#282,.T.);
#282=EDGE_CURVE('',#264,#221,#283,.T.);
#283=LINE('',#265,#95);
#284=ORIENTED_EDGE('',*,*,#218,.F.);
#285=ORIENTED_EDGE('',*,*,#286,.F.);
#286=EDGE_CURVE('',#269,#219,#287,.T.);
#287=LINE('',#270,#95);
#288=PLANE('',#289);
#289=AXIS2_PLACEMENT_3D('',#270,#14,#46);
#290=ADVANCED_FACE('',(#291),#297,.F.);
#291=FACE_BOUND('',#292,.T.);
#292=EDGE_LOOP('',(#293,#294,#295,#296));
#293=ORIENTED_EDGE('',*,*,#235,.T.);
#294=ORIENTED_EDGE('',*,*,#254,.T.);
#295=ORIENTED_EDGE('',*,*,#273,.T.);
#296=ORIENTED_EDGE('',*,*,#286,.T.);
#297=PLANE('',#298);
#298=AXIS2_PLACEMENT_3D('',#299,#28,#35);
#299=CARTESIAN_POINT('',(0.75,-1.425,1.38));
#300=ADVANCED_FACE('',(#301),#303,.T.);
#301=FACE_BOUND('',#302,.F.);
#302=EDGE_LOOP('',(#224,#243,#262,#281));
#303=PLANE('',#304);
#304=AXIS2_PLACEMENT_3D('',#305,#28,#35);
#305=CARTESIAN_POINT('',(0.75,-1.425,1.28));
#306=MANIFOLD_SOLID_BREP('',#307);
#307=CLOSED_SHELL('',(#308,#333,#352,#371,#384,#394));
#308=ADVANCED_FACE('',(#309),#331,.T.);
#309=FACE_BOUND('',#310,.T.);
#310=EDGE_LOOP('',(#311,#318,#323,#328));
#311=ORIENTED_EDGE('',*,*,#312,.T.);
#312=EDGE_CURVE('',#313,#315,#317,.T.);
#313=VERTEX_POINT('',#314);
#314=CARTESIAN_POINT('',(0.375,-0.475,1.38));
#315=VERTEX_POINT('',#316);
#316=CARTESIAN_POINT('',(0.375,-0.475,1.28));
#317=LINE('',#314,#27);
#318=ORIENTED_EDGE('',*,*,#319,.T.);
#319=EDGE_CURVE('',#315,#320,#322,.T.);
#320=VERTEX_POINT('',#321);
#321=CARTESIAN_POINT('',(0.125,-0.475,1.28));
#322=LINE('',#316,#34);
#323=ORIENTED_EDGE('',*,*,#324,.F.);
#324=EDGE_CURVE('',#325,#320,#327,.T.);
#325=VERTEX_POINT('',#326);
#326=CARTESIAN_POINT('',(0.125,-0.475,1.38));
#327=LINE('',#326,#27);
#328=ORIENTED_EDGE('',*,*,#329,.F.);
#329=EDGE_CURVE('',#313,#325,#330,.T.);
#330=LINE('',#314,#34);
#331=PLANE('',#332);
#332=AXIS2_PLACEMENT_3D('',#314,#46,#35);
#333=ADVANCED_FACE('',(#334),#350,.T.);
#334=FACE_BOUND('',#335,.T.);
#335=EDGE_LOOP('',(#336,#337,#342,#347));
#336=ORIENTED_EDGE('',*,*,#324,.T.);
#337=ORIENTED_EDGE('',*,*,#338,.T.);
#338=EDGE_CURVE('',#320,#339,#341,.T.);
#339=VERTEX_POINT('',#340);
#340=CARTESIAN_POINT('',(0.125,-2.375,1.28));
#341=LINE('',#321,#56);
#342=ORIENTED_EDGE('',*,*,#343,.F.);
#343=EDGE_CURVE('',#344,#339,#346,.T.);
#344=VERTEX_POINT('',#345);
#345=CARTESIAN_POINT('',(0.125,-2.375,1.38));
#346=LINE('',#345,#27);
#347=ORIENTED_EDGE('',*,*,#348,.F.);
#348=EDGE_CURVE('',#325,#344,#349,.T.);
#349=LINE('',#326,#56);
#350=PLANE('',#351);
#351=AXIS2_PLACEMENT_3D('',#326,#35,#57);
#352=ADVANCED_FACE('',(#353),#369,.T.);
#353=FACE_BOUND('',#354,.T.);
#354=EDGE_LOOP('',(#355,#356,#361,#366));
#355=ORIENTED_EDGE('',*,*,#343,.T.);
#356=ORIENTED_EDGE('',*,*,#357,.T.);
#357=EDGE_CURVE('',#339,#358,#360,.T.);
#358=VERTEX_POINT('',#359);
#359=CARTESIAN_POINT('',(0.375,-2.375,1.28));
#360=LINE('',#340,#77);
#361=ORIENTED_EDGE('',*,*,#362,.F.);
#362=EDGE_CURVE('',#363,#358,#365,.T.);
#363=VERTEX_POINT('',#364);
#364=CARTESIAN_POINT('',(0.375,-2.375,1.38));
#365=LINE('',#364,#27);
#366=ORIENTED_EDGE('',*,*,#367,.F.);
#367=EDGE_CURVE('',#344,#363,#368,.T.);
#368=LINE('',#345,#77);
#369=PLANE('',#370);
#370=AXIS2_PLACEMENT_3D('',#345,#57,#14);
#371=ADVANCED_FACE('',(#372),#382,.T.);
#372=FACE_BOUND('',#373,.T.);
#373=EDGE_LOOP('',(#374,#375,#378,#379));
#374=ORIENTED_EDGE('',*,*,#362,.T.);
#375=ORIENTED_EDGE('',*,*,#376,.T.);
#376=EDGE_CURVE('',#358,#315,#377,.T.);
#377=LINE('',#359,#95);
#378=ORIENTED_EDGE('',*,*,#312,.F.);
#379=ORIENTED_EDGE('',*,*,#380,.F.);
#380=EDGE_CURVE('',#363,#313,#381,.T.);
#381=LINE('',#364,#95);
#382=PLANE('',#383);
#383=AXIS2_PLACEMENT_3D('',#364,#14,#46);
#384=ADVANCED_FACE('',(#385),#391,.F.);
#385=FACE_BOUND('',#386,.T.);
#386=EDGE_LOOP('',(#387,#388,#389,#390));
#387=ORIENTED_EDGE('',*,*,#329,.T.);
#388=ORIENTED_EDGE('',*,*,#348,.T.);
#389=ORIENTED_EDGE('',*,*,#367,.T.);
#390=ORIENTED_EDGE('',*,*,#380,.T.);
#391=PLANE('',#392);
#392=AXIS2_PLACEMENT_3D('',#393,#28,#35);
#393=CARTESIAN_POINT('',(0.25,-1.425,1.38));
#394=ADVANCED_FACE('',(#395),#397,.T.);
#395=FACE_BOUND('',#396,.F.);
#396=EDGE_LOOP('',(#318,#337,#356,#375));
#397=PLANE('',#398);
#398=AXIS2_PLACEMENT_3D('',#399,#28,#35);
#399=CARTESIAN_POINT('',(0.25,-1.425,1.28));
#400=MANIFOLD_SOLID_BREP('',#401);
#401=CLOSED_SHELL('',(#402,#428,#447,#466,#479,#489));
#402=ADVANCED_FACE('',(#403),#426,.T.);
#403=FACE_BOUND('',#404,.F.);
#404=EDGE_LOOP('',(#405,#413,#418,#423));
#405=ORIENTED_EDGE('',*,*,#406,.T.);
#406=EDGE_CURVE('',#407,#409,#411,.T.);
#407=VERTEX_POINT('',#408);
#408=CARTESIAN_POINT('',(2.875,-0.475,2.08));
#409=VERTEX_POINT('',#410);
#410=CARTESIAN_POINT('',(2.875,-0.475,2.18));
#411=LINE('',#408,#412);
#412=VECTOR('',#13,1.);
#413=ORIENTED_EDGE('',*,*,#414,.T.);
#414=EDGE_CURVE('',#409,#415,#417,.T.);
#415=VERTEX_POINT('',#416);
#416=CARTESIAN_POINT('',(2.625,-0.475,2.18));
#417=LINE('',#410,#34);
#418=ORIENTED_EDGE('',*,*,#419,.F.);
#419=EDGE_CURVE('',#420,#415,#422,.T.);
#420=VERTEX_POINT('',#421);
#421=CARTESIAN_POINT('',(2.625,-0.475,2.08));
#422=LINE('',#421,#412);
#423=ORIENTED_EDGE('',*,*,#424,.F.);
#424=EDGE_CURVE('',#407,#420,#425,.T.);
#425=LINE('',#408,#34);
#426=PLANE('',#427);
#427=AXIS2_PLACEMENT_3D('',#408,#46,#14);
#428=ADVANCED_FACE('',(#429),#445,.T.);
#429=FACE_BOUND('',#430,.F.);
#430=EDGE_LOOP('',(#431,#432,#437,#442));
#431=ORIENTED_EDGE('',*,*,#419,.T.);
#432=ORIENTED_EDGE('',*,*,#433,.T.);
#433=EDGE_CURVE('',#415,#434,#436,.T.);
#434=VERTEX_POINT('',#435);
#435=CARTESIAN_POINT('',(2.625,-2.875,2.18));
#436=LINE('',#416,#56);
#437=ORIENTED_EDGE('',*,*,#438,.F.);
#438=EDGE_CURVE('',#439,#434,#441,.T.);
#439=VERTEX_POINT('',#440);
#440=CARTESIAN_POINT('',(2.625,-2.875,2.08));
#441=LINE('',#440,#412);
#442=ORIENTED_EDGE('',*,*,#443,.F.);
#443=EDGE_CURVE('',#420,#439,#444,.T.);
#444=LINE('',#421,#56);
#445=PLANE('',#446);
#446=AXIS2_PLACEMENT_3D('',#421,#35,#46);
#447=ADVANCED_FACE('',(#448),#464,.T.);
#448=FACE_BOUND('',#449,.F.);
#449=EDGE_LOOP('',(#450,#451,#456,#461));
#450=ORIENTED_EDGE('',*,*,#438,.T.);
#451=ORIENTED_EDGE('',*,*,#452,.T.);
#452=EDGE_CURVE('',#434,#453,#455,.T.);
#453=VERTEX_POINT('',#454);
#454=CARTESIAN_POINT('',(2.875,-2.875,2.18));
#455=LINE('',#435,#77);
#456=ORIENTED_EDGE('',*,*,#457,.F.);
#457=EDGE_CURVE('',#458,#453,#460,.T.);
#458=VERTEX_POINT('',#459);
#459=CARTESIAN_POINT('',(2.875,-2.875,2.08));
#460=LINE('',#459,#412);
#461=ORIENTED_EDGE('',*,*,#462,.F.);
#462=EDGE_CURVE('',#439,#458,#463,.T.);
#463=LINE('',#440,#77);
#464=PLANE('',#465);
#465=AXIS2_PLACEMENT_3D('',#440,#57,#35);
#466=ADVANCED_FACE('',(#467),#477,.T.);
#467=FACE_BOUND('',#468,.F.);
#468=EDGE_LOOP('',(#469,#470,#473,#474));
#469=ORIENTED_EDGE('',*,*,#457,.T.);
#470=ORIENTED_EDGE('',*,*,#471,.T.);
#471=EDGE_CURVE('',#453,#409,#472,.T.);
#472=LINE('',#454,#95);
#473=ORIENTED_EDGE('',*,*,#406,.F.);
#474=ORIENTED_EDGE('',*,*,#475,.F.);
#475=EDGE_CURVE('',#458,#407,#476,.T.);
#476=LINE('',#459,#95);
#477=PLANE('',#478);
#478=AXIS2_PLACEMENT_3D('',#459,#14,#57);
#479=ADVANCED_FACE('',(#480),#486,.F.);
#480=FACE_BOUND('',#481,.F.);
#481=EDGE_LOOP('',(#482,#483,#484,#485));
#482=ORIENTED_EDGE('',*,*,#424,.T.);
#483=ORIENTED_EDGE('',*,*,#443,.T.);
#484=ORIENTED_EDGE('',*,*,#462,.T.);
#485=ORIENTED_EDGE('',*,*,#475,.T.);
#486=PLANE('',#487);
#487=AXIS2_PLACEMENT_3D('',#488,#13,#14);
#488=CARTESIAN_POINT('',(2.75,-1.675,2.08));
#489=ADVANCED_FACE('',(#490),#492,.T.);
#490=FACE_BOUND('',#491,.T.);
#491=EDGE_LOOP('',(#413,#432,#451,#470));
#492=PLANE('',#493);
#493=AXIS2_PLACEMENT_3D('',#494,#13,#14);
#494=CARTESIAN_POINT('',(2.75,-1.675,2.18));
#495=MANIFOLD_SOLID_BREP('',#496);
#496=CLOSED_SHELL('',(#497,#522,#541,#560,#573,#583));
#497=ADVANCED_FACE('',(#498),#520,.T.);
#498=FACE_BOUND('',#499,.F.);
#499=EDGE_LOOP('',(#500,#507,#512,#517));
#500=ORIENTED_EDGE('',*,*,#501,.T.);
#501=EDGE_CURVE('',#502,#504,#506,.T.);
#502=VERTEX_POINT('',#503);
#503=CARTESIAN_POINT('',(1.375,-0.475,2.08));
#504=VERTEX_POINT('',#505);
#505=CARTESIAN_POINT('',(1.375,-0.475,2.18));
#506=LINE('',#503,#412);
#507=ORIENTED_EDGE('',*,*,#508,.T.);
#508=EDGE_CURVE('',#504,#509,#511,.T.);
#509=VERTEX_POINT('',#510);
#510=CARTESIAN_POINT('',(1.125,-0.475,2.18));
#511=LINE('',#505,#34);
#512=ORIENTED_EDGE('',*,*,#513,.F.);
#513=EDGE_CURVE('',#514,#509,#516,.T.);
#514=VERTEX_POINT('',#515);
#515=CARTESIAN_POINT('',(1.125,-0.475,2.08));
#516=LINE('',#515,#412);
#517=ORIENTED_EDGE('',*,*,#518,.F.);
#518=EDGE_CURVE('',#502,#514,#519,.T.);
#519=LINE('',#503,#34);
#520=PLANE('',#521);
#521=AXIS2_PLACEMENT_3D('',#503,#46,#14);
#522=ADVANCED_FACE('',(#523),#539,.T.);
#523=FACE_BOUND('',#524,.F.);
#524=EDGE_LOOP('',(#525,#526,#531,#536));
#525=ORIENTED_EDGE('',*,*,#513,.T.);
#526=ORIENTED_EDGE('',*,*,#527,.T.);
#527=EDGE_CURVE('',#509,#528,#530,.T.);
#528=VERTEX_POINT('',#529);
#529=CARTESIAN_POINT('',(1.125,-2.875,2.18));
#530=LINE('',#510,#56);
#531=ORIENTED_EDGE('',*,*,#532,.F.);
#532=EDGE_CURVE('',#533,#528,#535,.T.);
#533=VERTEX_POINT('',#534);
#534=CARTESIAN_POINT('',(1.125,-2.875,2.08));
#535=LINE('',#534,#412);
#536=ORIENTED_EDGE('',*,*,#537,.F.);
#537=EDGE_CURVE('',#514,#533,#538,.T.);
#538=LINE('',#515,#56);
#539=PLANE('',#540);
#540=AXIS2_PLACEMENT_3D('',#515,#35,#46);
#541=ADVANCED_FACE('',(#542),#558,.T.);
#542=FACE_BOUND('',#543,.F.);
#543=EDGE_LOOP('',(#544,#545,#550,#555));
#544=ORIENTED_EDGE('',*,*,#532,.T.);
#545=ORIENTED_EDGE('',*,*,#546,.T.);
#546=EDGE_CURVE('',#528,#547,#549,.T.);
#547=VERTEX_POINT('',#548);
#548=CARTESIAN_POINT('',(1.375,-2.875,2.18));
#549=LINE('',#529,#77);
#550=ORIENTED_EDGE('',*,*,#551,.F.);
#551=EDGE_CURVE('',#552,#547,#554,.T.);
#552=VERTEX_POINT('',#553);
#553=CARTESIAN_POINT('',(1.375,-2.875,2.08));
#554=LINE('',#553,#412);
#555=ORIENTED_EDGE('',*,*,#556,.F.);
#556=EDGE_CURVE('',#533,#552,#557,.T.);
#557=LINE('',#534,#77);
#558=PLANE('',#559);
#559=AXIS2_PLACEMENT_3D('',#534,#57,#35);
#560=ADVANCED_FACE('',(#561),#571,.T.);
#561=FACE_BOUND('',#562,.F.);
#562=EDGE_LOOP('',(#563,#564,#567,#568));
#563=ORIENTED_EDGE('',*,*,#551,.T.);
#564=ORIENTED_EDGE('',*,*,#565,.T.);
#565=EDGE_CURVE('',#547,#504,#566,.T.);
#566=LINE('',#548,#95);
#567=ORIENTED_EDGE('',*,*,#501,.F.);
#568=ORIENTED_EDGE('',*,*,#569,.F.);
#569=EDGE_CURVE('',#552,#502,#570,.T.);
#570=LINE('',#553,#95);
#571=PLANE('',#572);
#572=AXIS2_PLACEMENT_3D('',#553,#14,#57);
#573=ADVANCED_FACE('',(#574),#580,.F.);
#574=FACE_BOUND('',#575,.F.);
#575=EDGE_LOOP('',(#576,#577,#578,#579));
#576=ORIENTED_EDGE('',*,*,#518,.T.);
#577=ORIENTED_EDGE('',*,*,#537,.T.);
#578=ORIENTED_EDGE('',*,*,#556,.T.);
#579=ORIENTED_EDGE('',*,*,#569,.T.);
#580=PLANE('',#581);
#581=AXIS2_PLACEMENT_3D('',#582,#13,#14);
#582=CARTESIAN_POINT('',(1.25,-1.675,2.08));
#583=ADVANCED_FACE('',(#584),#586,.T.);
#584=FACE_BOUND('',#585,.T.);
#585=EDGE_LOOP('',(#507,#526,#545,#564));
#586=PLANE('',#587);
#587=AXIS2_PLACEMENT_3D('',#588,#13,#14);
#588=CARTESIAN_POINT('',(1.25,-1.675,2.18));
#589=MANIFOLD_SOLID_BREP('',#590);
#590=CLOSED_SHELL('',(#591,#616,#635,#654,#667,#677));
#591=ADVANCED_FACE('',(#592),#614,.T.);
#592=FACE_BOUND('',#593,.F.);
#593=EDGE_LOOP('',(#594,#601,#606,#611));
#594=ORIENTED_EDGE('',*,*,#595,.T.);
#595=EDGE_CURVE('',#596,#598,#600,.T.);
#596=VERTEX_POINT('',#597);
#597=CARTESIAN_POINT('',(0.875,-0.475,2.08));
#598=VERTEX_POINT('',#599);
#599=CARTESIAN_POINT('',(0.875,-0.475,2.18));
#600=LINE('',#597,#412);
#601=ORIENTED_EDGE('',*,*,#602,.T.);
#602=EDGE_CURVE('',#598,#603,#605,.T.);
#603=VERTEX_POINT('',#604);
#604=CARTESIAN_POINT('',(0.625,-0.475,2.18));
#605=LINE('',#599,#34);
#606=ORIENTED_EDGE('',*,*,#607,.F.);
#607=EDGE_CURVE('',#608,#603,#610,.T.);
#608=VERTEX_POINT('',#609);
#609=CARTESIAN_POINT('',(0.625,-0.475,2.08));
#610=LINE('',#609,#412);
#611=ORIENTED_EDGE('',*,*,#612,.F.);
#612=EDGE_CURVE('',#596,#608,#613,.T.);
#613=LINE('',#597,#34);
#614=PLANE('',#615);
#615=AXIS2_PLACEMENT_3D('',#597,#46,#14);
#616=ADVANCED_FACE('',(#617),#633,.T.);
#617=FACE_BOUND('',#618,.F.);
#618=EDGE_LOOP('',(#619,#620,#625,#630));
#619=ORIENTED_EDGE('',*,*,#607,.T.);
#620=ORIENTED_EDGE('',*,*,#621,.T.);
#621=EDGE_CURVE('',#603,#622,#624,.T.);
#622=VERTEX_POINT('',#623);
#623=CARTESIAN_POINT('',(0.625,-2.375,2.18));
#624=LINE('',#604,#56);
#625=ORIENTED_EDGE('',*,*,#626,.F.);
#626=EDGE_CURVE('',#627,#622,#629,.T.);
#627=VERTEX_POINT('',#628);
#628=CARTESIAN_POINT('',(0.625,-2.375,2.08));
#629=LINE('',#628,#412);
#630=ORIENTED_EDGE('',*,*,#631,.F.);
#631=EDGE_CURVE('',#608,#627,#632,.T.);
#632=LINE('',#609,#56);
#633=PLANE('',#634);
#634=AXIS2_PLACEMENT_3D('',#609,#35,#46);
#635=ADVANCED_FACE('',(#636),#652,.T.);
#636=FACE_BOUND('',#637,.F.);
#637=EDGE_LOOP('',(#638,#639,#644,#649));
#638=ORIENTED_EDGE('',*,*,#626,.T.);
#639=ORIENTED_EDGE('',*,*,#640,.T.);
#640=EDGE_CURVE('',#622,#641,#643,.T.);
#641=VERTEX_POINT('',#642);
#642=CARTESIAN_POINT('',(0.875,-2.375,2.18));
#643=LINE('',#623,#77);
#644=ORIENTED_EDGE('',*,*,#645,.F.);
#645=EDGE_CURVE('',#646,#641,#648,.T.);
#646=VERTEX_POINT('',#647);
#647=CARTESIAN_POINT('',(0.875,-2.375,2.08));
#648=LINE('',#647,#412);
#649=ORIENTED_EDGE('',*,*,#650,.F.);
#650=EDGE_CURVE('',#627,#646,#651,.T.);
#651=LINE('',#628,#77);
#652=PLANE('',#653);
#653=AXIS2_PLACEMENT_3D('',#628,#57,#35);
#654=ADVANCED_FACE('',(#655),#665,.T.);
#655=FACE_BOUND('',#656,.F.);
#656=EDGE_LOOP('',(#657,#658,#661,#662));
#657=ORIENTED_EDGE('',*,*,#645,.T.);
#658=ORIENTED_EDGE('',*,*,#659,.T.);
#659=EDGE_CURVE('',#641,#598,#660,.T.);
#660=LINE('',#642,#95);
#661=ORIENTED_EDGE('',*,*,#595,.F.);
#662=ORIENTED_EDGE('',*,*,#663,.F.);
#663=EDGE_CURVE('',#646,#596,#664,.T.);
#664=LINE('',#647,#95);
#665=PLANE('',#666);
#666=AXIS2_PLACEMENT_3D('',#647,#14,#57);
#667=ADVANCED_FACE('',(#668),#674,.F.);
#668=FACE_BOUND('',#669,.F.);
#669=EDGE_LOOP('',(#670,#671,#672,#673));
#670=ORIENTED_EDGE('',*,*,#612,.T.);
#671=ORIENTED_EDGE('',*,*,#631,.T.);
#672=ORIENTED_EDGE('',*,*,#650,.T.);
#673=ORIENTED_EDGE('',*,*,#663,.T.);
#674=PLANE('',#675);
#675=AXIS2_PLACEMENT_3D('',#676,#13,#14);
#676=CARTESIAN_POINT('',(0.75,-1.425,2.08));
#677=ADVANCED_FACE('',(#678),#680,.T.);
#678=FACE_BOUND('',#679,.T.);
#679=EDGE_LOOP('',(#601,#620,#639,#658));
#680=PLANE('',#681);
#681=AXIS2_PLACEMENT_3D('',#682,#13,#14);
#682=CARTESIAN_POINT('',(0.75,-1.425,2.18));
#683=MANIFOLD_SOLID_BREP('',#684);
#684=CLOSED_SHELL('',(#685,#710,#729,#748,#761,#771));
#685=ADVANCED_FACE('',(#686),#708,.T.);
#686=FACE_BOUND('',#687,.F.);
#687=EDGE_LOOP('',(#688,#695,#700,#705));
#688=ORIENTED_EDGE('',*,*,#689,.T.);
#689=EDGE_CURVE('',#690,#692,#694,.T.);
#690=VERTEX_POINT('',#691);
#691=CARTESIAN_POINT('',(0.375,-0.475,2.08));
#692=VERTEX_POINT('',#693);
#693=CARTESIAN_POINT('',(0.375,-0.475,2.18));
#694=LINE('',#691,#412);
#695=ORIENTED_EDGE('',*,*,#696,.T.);
#696=EDGE_CURVE('',#692,#697,#699,.T.);
#697=VERTEX_POINT('',#698);
#698=CARTESIAN_POINT('',(0.125,-0.475,2.18));
#699=LINE('',#693,#34);
#700=ORIENTED_EDGE('',*,*,#701,.F.);
#701=EDGE_CURVE('',#702,#697,#704,.T.);
#702=VERTEX_POINT('',#703);
#703=CARTESIAN_POINT('',(0.125,-0.475,2.08));
#704=LINE('',#703,#412);
#705=ORIENTED_EDGE('',*,*,#706,.F.);
#706=EDGE_CURVE('',#690,#702,#707,.T.);
#707=LINE('',#691,#34);
#708=PLANE('',#709);
#709=AXIS2_PLACEMENT_3D('',#691,#46,#14);
#710=ADVANCED_FACE('',(#711),#727,.T.);
#711=FACE_BOUND('',#712,.F.);
#712=EDGE_LOOP('',(#713,#714,#719,#724));
#713=ORIENTED_EDGE('',*,*,#701,.T.);
#714=ORIENTED_EDGE('',*,*,#715,.T.);
#715=EDGE_CURVE('',#697,#716,#718,.T.);
#716=VERTEX_POINT('',#717);
#717=CARTESIAN_POINT('',(0.125,-2.375,2.18));
#718=LINE('',#698,#56);
#719=ORIENTED_EDGE('',*,*,#720,.F.);
#720=EDGE_CURVE('',#721,#716,#723,.T.);
#721=VERTEX_POINT('',#722);
#722=CARTESIAN_POINT('',(0.125,-2.375,2.08));
#723=LINE('',#722,#412);
#724=ORIENTED_EDGE('',*,*,#725,.F.);
#725=EDGE_CURVE('',#702,#721,#726,.T.);
#726=LINE('',#703,#56);
#727=PLANE('',#728);
#728=AXIS2_PLACEMENT_3D('',#703,#35,#46);
#729=ADVANCED_FACE('',(#730),#746,.T.);
#730=FACE_BOUND('',#731,.F.);
#731=EDGE_LOOP('',(#732,#733,#738,#743));
#732=ORIENTED_EDGE('',*,*,#720,.T.);
#733=ORIENTED_EDGE('',*,*,#734,.T.);
#734=EDGE_CURVE('',#716,#735,#737,.T.);
#735=VERTEX_POINT('',#736);
#736=CARTESIAN_POINT('',(0.375,-2.375,2.18));
#737=LINE('',#717,#77);
#738=ORIENTED_EDGE('',*,*,#739,.F.);
#739=EDGE_CURVE('',#740,#735,#742,.T.);
#740=VERTEX_POINT('',#741);
#741=CARTESIAN_POINT('',(0.375,-2.375,2.08));
#742=LINE('',#741,#412);
#743=ORIENTED_EDGE('',*,*,#744,.F.);
#744=EDGE_CURVE('',#721,#740,#745,.T.);
#745=LINE('',#722,#77);
#746=PLANE('',#747);
#747=AXIS2_PLACEMENT_3D('',#722,#57,#35);
#748=ADVANCED_FACE('',(#749),#759,.T.);
#749=FACE_BOUND('',#750,.F.);
#750=EDGE_LOOP('',(#751,#752,#755,#756));
#751=ORIENTED_EDGE('',*,*,#739,.T.);
#752=ORIENTED_EDGE('',*,*,#753,.T.);
#753=EDGE_CURVE('',#735,#692,#754,.T.);
#754=LINE('',#736,#95);
#755=ORIENTED_EDGE('',*,*,#689,.F.);
#756=ORIENTED_EDGE('',*,*,#757,.F.);
#757=EDGE_CURVE('',#740,#690,#758,.T.);
#758=LINE('',#741,#95);
#759=PLANE('',#760);
#760=AXIS2_PLACEMENT_3D('',#741,#14,#57);
#761=ADVANCED_FACE('',(#762),#768,.F.);
#762=FACE_BOUND('',#763,.F.);
#763=EDGE_LOOP('',(#764,#765,#766,#767));
#764=ORIENTED_EDGE('',*,*,#706,.T.);
#765=ORIENTED_EDGE('',*,*,#725,.T.);
#766=ORIENTED_EDGE('',*,*,#744,.T.);
#767=ORIENTED_EDGE('',*,*,#757,.T.);
#768=PLANE('',#769);
#769=AXIS2_PLACEMENT_3D('',#770,#13,#14);
#770=CARTESIAN_POINT('',(0.25,-1.425,2.08));
#771=ADVANCED_FACE('',(#772),#774,.T.);
#772=FACE_BOUND('',#773,.T.);
#773=EDGE_LOOP('',(#695,#714,#733,#752));
#774=PLANE('',#775);
#775=AXIS2_PLACEMENT_3D('',#776,#13,#14);
#776=CARTESIAN_POINT('',(0.25,-1.425,2.18));
#777=MANIFOLD_SOLID_BREP('',#778);
#778=CLOSED_SHELL('',(#779,#814,#831,#850,#864,#878,#888,#904,#936,#955,#969,#992,#1007,#1017,#1075,#1105,#1134,#1168,#1183,#1188,#1201,#1219,#1239,#1254,#1268,#1315,#1324,#1362,#1382,#1402,#1414,#1430,#1457,#1470,#1483,#1497,#1511,#1547,#1562,#1580,#1587,#1600,#1614,#1623,#1635,#1642,#1660,#1677,#1694,#1726,#1739,#1749,#1758,#1771,#1779,#1786,#1832,#1878,#1897,#1914,#1926,#1937,#1951,#1960,#1971,#1982));
#779=ADVANCED_FACE('',(#780,#789),#811,.F.);
#780=FACE_BOUND('',#781,.T.);
#781=EDGE_LOOP('',(#782));
#782=ORIENTED_EDGE('',*,*,#783,.T.);
#783=EDGE_CURVE('',#784,#784,#786,.T.);
#784=VERTEX_POINT('',#785);
#785=CARTESIAN_POINT('',(2.56,2.605,0.12));
#786=CIRCLE('',#787,0.33);
#787=AXIS2_PLACEMENT_3D('',#788,#13,#35);
#788=CARTESIAN_POINT('',(2.89,2.605,0.12));
#789=FACE_BOUND('',#790,.T.);
#790=EDGE_LOOP('',(#791,#798,#803,#808));
#791=ORIENTED_EDGE('',*,*,#792,.T.);
#792=EDGE_CURVE('',#793,#795,#797,.T.);
#793=VERTEX_POINT('',#794);
#794=CARTESIAN_POINT('',(0.,3.725,0.12));
#795=VERTEX_POINT('',#796);
#796=CARTESIAN_POINT('',(3.6,3.725,0.12));
#797=LINE('',#794,#77);
#798=ORIENTED_EDGE('',*,*,#799,.T.);
#799=EDGE_CURVE('',#795,#800,#802,.T.);
#800=VERTEX_POINT('',#801);
#801=CARTESIAN_POINT('',(3.6,2.175,0.12));
#802=LINE('',#796,#56);
#803=ORIENTED_EDGE('',*,*,#804,.T.);
#804=EDGE_CURVE('',#800,#805,#807,.T.);
#805=VERTEX_POINT('',#806);
#806=CARTESIAN_POINT('',(0.,2.175,0.12));
#807=LINE('',#801,#34);
#808=ORIENTED_EDGE('',*,*,#809,.T.);
#809=EDGE_CURVE('',#805,#793,#810,.T.);
#810=LINE('',#806,#95);
#811=PLANE('',#812);
#812=AXIS2_PLACEMENT_3D('',#813,#13,#57);
#813=CARTESIAN_POINT('',(1.8,2.95,0.12));
#814=ADVANCED_FACE('',(#815),#830,.T.);
#815=FACE_BOUND('',#816,.F.);
#816=EDGE_LOOP('',(#817,#782,#824,#825));
#817=ORIENTED_EDGE('',*,*,#818,.F.);
#818=EDGE_CURVE('',#784,#819,#821,.T.);
#819=VERTEX_POINT('',#820);
#820=CARTESIAN_POINT('',(2.64,2.605,4.E-02));
#821=LINE('',#820,#822);
#822=VECTOR('',#823,1.);
#823=DIRECTION('',(0.707106781187,-5.1E-16,-0.707106781187));
#824=ORIENTED_EDGE('',*,*,#818,.T.);
#825=ORIENTED_EDGE('',*,*,#826,.F.);
#826=EDGE_CURVE('',#819,#819,#827,.T.);
#827=CIRCLE('',#828,0.25);
#828=AXIS2_PLACEMENT_3D('',#829,#13,#35);
#829=CARTESIAN_POINT('',(2.89,2.605,4.E-02));
#830=CONICAL_SURFACE('',#828,0.25,0.785398163397);
#831=ADVANCED_FACE('',(#832),#848,.T.);
#832=FACE_BOUND('',#833,.F.);
#833=EDGE_LOOP('',(#834,#791,#839,#844));
#834=ORIENTED_EDGE('',*,*,#835,.T.);
#835=EDGE_CURVE('',#836,#793,#838,.T.);
#836=VERTEX_POINT('',#837);
#837=CARTESIAN_POINT('',(0.,3.725,0.43));
#838=LINE('',#837,#27);
#839=ORIENTED_EDGE('',*,*,#840,.F.);
#840=EDGE_CURVE('',#841,#795,#843,.T.);
#841=VERTEX_POINT('',#842);
#842=CARTESIAN_POINT('',(3.6,3.725,0.43));
#843=LINE('',#842,#27);
#844=ORIENTED_EDGE('',*,*,#845,.T.);
#845=EDGE_CURVE('',#841,#836,#846,.T.);
#846=LINE('',#847,#34);
#847=CARTESIAN_POINT('',(4.15,3.725,0.43));
#848=PLANE('',#849);
#849=AXIS2_PLACEMENT_3D('',#837,#46,#35);
#850=ADVANCED_FACE('',(#851),#862,.T.);
#851=FACE_BOUND('',#852,.F.);
#852=EDGE_LOOP('',(#853,#808,#858,#859));
#853=ORIENTED_EDGE('',*,*,#854,.T.);
#854=EDGE_CURVE('',#855,#805,#857,.T.);
#855=VERTEX_POINT('',#856);
#856=CARTESIAN_POINT('',(0.,2.175,0.43));
#857=LINE('',#856,#27);
#858=ORIENTED_EDGE('',*,*,#835,.F.);
#859=ORIENTED_EDGE('',*,*,#860,.T.);
#860=EDGE_CURVE('',#836,#855,#861,.T.);
#861=LINE('',#837,#56);
#862=PLANE('',#863);
#863=AXIS2_PLACEMENT_3D('',#856,#35,#57);
#864=ADVANCED_FACE('',(#865),#876,.T.);
#865=FACE_BOUND('',#866,.F.);
#866=EDGE_LOOP('',(#867,#798,#868,#873));
#867=ORIENTED_EDGE('',*,*,#840,.T.);
#868=ORIENTED_EDGE('',*,*,#869,.F.);
#869=EDGE_CURVE('',#870,#800,#872,.T.);
#870=VERTEX_POINT('',#871);
#871=CARTESIAN_POINT('',(3.6,2.175,0.43));
#872=LINE('',#871,#27);
#873=ORIENTED_EDGE('',*,*,#874,.F.);
#874=EDGE_CURVE('',#841,#870,#875,.T.);
#875=LINE('',#842,#56);
#876=PLANE('',#877);
#877=AXIS2_PLACEMENT_3D('',#842,#14,#46);
#878=ADVANCED_FACE('',(#879),#886,.T.);
#879=FACE_BOUND('',#880,.F.);
#880=EDGE_LOOP('',(#881,#803,#882,#883));
#881=ORIENTED_EDGE('',*,*,#869,.T.);
#882=ORIENTED_EDGE('',*,*,#854,.F.);
#883=ORIENTED_EDGE('',*,*,#884,.T.);
#884=EDGE_CURVE('',#855,#870,#885,.T.);
#885=LINE('',#856,#77);
#886=PLANE('',#887);
#887=AXIS2_PLACEMENT_3D('',#871,#57,#14);
#888=ADVANCED_FACE('',(#889),#903,.T.);
#889=FACE_BOUND('',#890,.T.);
#890=EDGE_LOOP('',(#891,#897,#902,#825));
#891=ORIENTED_EDGE('',*,*,#892,.T.);
#892=EDGE_CURVE('',#819,#893,#895,.T.);
#893=VERTEX_POINT('',#894);
#894=CARTESIAN_POINT('',(2.64,2.605,-0.52));
#895=LINE('',#896,#27);
#896=CARTESIAN_POINT('',(2.64,2.605,0.12));
#897=ORIENTED_EDGE('',*,*,#898,.T.);
#898=EDGE_CURVE('',#893,#893,#899,.T.);
#899=CIRCLE('',#900,0.25);
#900=AXIS2_PLACEMENT_3D('',#901,#13,#35);
#901=CARTESIAN_POINT('',(2.89,2.605,-0.52));
#902=ORIENTED_EDGE('',*,*,#892,.F.);
#903=CYLINDRICAL_SURFACE('',#787,0.25);
#904=ADVANCED_FACE('',(#905),#934,.F.);
#905=FACE_BOUND('',#906,.T.);
#906=EDGE_LOOP('',(#907,#914,#919,#844,#921,#926,#931));
#907=ORIENTED_EDGE('',*,*,#908,.T.);
#908=EDGE_CURVE('',#909,#911,#913,.T.);
#909=VERTEX_POINT('',#910);
#910=CARTESIAN_POINT('',(3.15,3.725,1.73));
#911=VERTEX_POINT('',#912);
#912=CARTESIAN_POINT('',(4.15,3.725,1.73));
#913=LINE('',#910,#77);
#914=ORIENTED_EDGE('',*,*,#915,.T.);
#915=EDGE_CURVE('',#911,#916,#917,.T.);
#916=VERTEX_POINT('',#847);
#917=LINE('',#918,#27);
#918=CARTESIAN_POINT('',(4.15,3.725,1.82));
#919=ORIENTED_EDGE('',*,*,#920,.T.);
#920=EDGE_CURVE('',#916,#841,#846,.T.);
#921=ORIENTED_EDGE('',*,*,#922,.F.);
#922=EDGE_CURVE('',#923,#836,#925,.T.);
#923=VERTEX_POINT('',#924);
#924=CARTESIAN_POINT('',(0.,3.725,1.82));
#925=LINE('',#924,#27);
#926=ORIENTED_EDGE('',*,*,#927,.F.);
#927=EDGE_CURVE('',#928,#923,#930,.T.);
#928=VERTEX_POINT('',#929);
#929=CARTESIAN_POINT('',(3.15,3.725,1.82));
#930=LINE('',#918,#34);
#931=ORIENTED_EDGE('',*,*,#932,.F.);
#932=EDGE_CURVE('',#909,#928,#933,.T.);
#933=LINE('',#910,#412);
#934=PLANE('',#935);
#935=AXIS2_PLACEMENT_3D('',#918,#57,#14);
#936=ADVANCED_FACE('',(#937),#953,.F.);
#937=FACE_BOUND('',#938,.T.);
#938=EDGE_LOOP('',(#939,#859,#940,#946,#950));
#939=ORIENTED_EDGE('',*,*,#922,.T.);
#940=ORIENTED_EDGE('',*,*,#941,.F.);
#941=EDGE_CURVE('',#942,#855,#944,.T.);
#942=VERTEX_POINT('',#943);
#943=CARTESIAN_POINT('',(0.,2.175,0.47));
#944=LINE('',#945,#27);
#945=CARTESIAN_POINT('',(0.,2.175,1.82));
#946=ORIENTED_EDGE('',*,*,#947,.T.);
#947=EDGE_CURVE('',#942,#948,#949,.T.);
#948=VERTEX_POINT('',#945);
#949=LINE('',#943,#412);
#950=ORIENTED_EDGE('',*,*,#951,.F.);
#951=EDGE_CURVE('',#923,#948,#952,.T.);
#952=LINE('',#924,#56);
#953=PLANE('',#954);
#954=AXIS2_PLACEMENT_3D('',#924,#14,#46);
#955=ADVANCED_FACE('',(#956),#966,.F.);
#956=FACE_BOUND('',#957,.T.);
#957=EDGE_LOOP('',(#958,#959,#964,#873));
#958=ORIENTED_EDGE('',*,*,#920,.F.);
#959=ORIENTED_EDGE('',*,*,#960,.F.);
#960=EDGE_CURVE('',#961,#916,#963,.T.);
#961=VERTEX_POINT('',#962);
#962=CARTESIAN_POINT('',(4.15,2.175,0.43));
#963=LINE('',#962,#95);
#964=ORIENTED_EDGE('',*,*,#965,.F.);
#965=EDGE_CURVE('',#870,#961,#885,.T.);
#966=PLANE('',#967);
#967=AXIS2_PLACEMENT_3D('',#968,#13,#57);
#968=CARTESIAN_POINT('',(2.075,2.95,0.43));
#969=ADVANCED_FACE('',(#970),#990,.F.);
#970=FACE_BOUND('',#971,.T.);
#971=EDGE_LOOP('',(#972,#977,#883,#978,#979,#985));
#972=ORIENTED_EDGE('',*,*,#973,.F.);
#973=EDGE_CURVE('',#942,#974,#976,.T.);
#974=VERTEX_POINT('',#975);
#975=CARTESIAN_POINT('',(3.17,2.175,0.47));
#976=LINE('',#943,#77);
#977=ORIENTED_EDGE('',*,*,#941,.T.);
#978=ORIENTED_EDGE('',*,*,#965,.T.);
#979=ORIENTED_EDGE('',*,*,#980,.F.);
#980=EDGE_CURVE('',#981,#961,#983,.T.);
#981=VERTEX_POINT('',#982);
#982=CARTESIAN_POINT('',(4.15,2.175,1.45));
#983=LINE('',#984,#27);
#984=CARTESIAN_POINT('',(4.15,2.175,1.82));
#985=ORIENTED_EDGE('',*,*,#986,.T.);
#986=EDGE_CURVE('',#981,#974,#987,.T.);
#987=CIRCLE('',#988,0.98);
#988=AXIS2_PLACEMENT_3D('',#989,#46,#35);
#989=CARTESIAN_POINT('',(3.17,2.175,1.45));
#990=PLANE('',#991);
#991=AXIS2_PLACEMENT_3D('',#945,#46,#35);
#992=ADVANCED_FACE('',(#993),#1006,.T.);
#993=FACE_BOUND('',#994,.F.);
#994=EDGE_LOOP('',(#995,#897,#1000,#1001));
#995=ORIENTED_EDGE('',*,*,#996,.F.);
#996=EDGE_CURVE('',#893,#997,#999,.T.);
#997=VERTEX_POINT('',#998);
#998=CARTESIAN_POINT('',(2.72,2.605,-0.6));
#999=LINE('',#894,#822);
#1000=ORIENTED_EDGE('',*,*,#996,.T.);
#1001=ORIENTED_EDGE('',*,*,#1002,.F.);
#1002=EDGE_CURVE('',#997,#997,#1003,.T.);
#1003=CIRCLE('',#1004,0.17);
#1004=AXIS2_PLACEMENT_3D('',#1005,#13,#35);
#1005=CARTESIAN_POINT('',(2.89,2.605,-0.6));
#1006=CONICAL_SURFACE('',#900,0.25,0.785398163397);
#1007=ADVANCED_FACE('',(#1008),#934,.F.);
#1008=FACE_BOUND('',#1009,.T.);
#1009=EDGE_LOOP('',(#1010,#1013,#1015,#1016));
#1010=ORIENTED_EDGE('',*,*,#1011,.F.);
#1011=EDGE_CURVE('',#1012,#928,#930,.T.);
#1012=VERTEX_POINT('',#918);
#1013=ORIENTED_EDGE('',*,*,#1014,.T.);
#1014=EDGE_CURVE('',#1012,#911,#917,.T.);
#1015=ORIENTED_EDGE('',*,*,#908,.F.);
#1016=ORIENTED_EDGE('',*,*,#932,.T.);
#1017=ADVANCED_FACE('',(#1018),#1072,.T.);
#1018=FACE_BOUND('',#1019,.F.);
#1019=EDGE_LOOP('',(#1020,#1028,#1033,#1038,#1044,#926,#1047,#1051,#1056,#1062,#1066));
#1020=ORIENTED_EDGE('',*,*,#1021,.T.);
#1021=EDGE_CURVE('',#1022,#1024,#1026,.T.);
#1022=VERTEX_POINT('',#1023);
#1023=CARTESIAN_POINT('',(2.4,3.725,2.79));
#1024=VERTEX_POINT('',#1025);
#1025=CARTESIAN_POINT('',(2.4,3.725,2.19));
#1026=LINE('',#1027,#27);
#1027=CARTESIAN_POINT('',(2.4,3.725,2.99));
#1028=ORIENTED_EDGE('',*,*,#1029,.T.);
#1029=EDGE_CURVE('',#1024,#1030,#1032,.T.);
#1030=VERTEX_POINT('',#1031);
#1031=CARTESIAN_POINT('',(1.2,3.725,2.19));
#1032=LINE('',#1025,#34);
#1033=ORIENTED_EDGE('',*,*,#1034,.F.);
#1034=EDGE_CURVE('',#1035,#1030,#1037,.T.);
#1035=VERTEX_POINT('',#1036);
#1036=CARTESIAN_POINT('',(1.2,3.725,2.99));
#1037=LINE('',#1036,#27);
#1038=ORIENTED_EDGE('',*,*,#1039,.T.);
#1039=EDGE_CURVE('',#1035,#1040,#1042,.T.);
#1040=VERTEX_POINT('',#1041);
#1041=CARTESIAN_POINT('',(0.,3.725,2.99));
#1042=LINE('',#1043,#34);
#1043=CARTESIAN_POINT('',(3.17,3.725,2.99));
#1044=ORIENTED_EDGE('',*,*,#1045,.T.);
#1045=EDGE_CURVE('',#1040,#923,#1046,.T.);
#1046=LINE('',#1041,#27);
#1047=ORIENTED_EDGE('',*,*,#1048,.T.);
#1048=EDGE_CURVE('',#928,#1049,#933,.T.);
#1049=VERTEX_POINT('',#1050);
#1050=CARTESIAN_POINT('',(3.15,3.725,2.66));
#1051=ORIENTED_EDGE('',*,*,#1052,.T.);
#1052=EDGE_CURVE('',#1049,#1053,#1055,.T.);
#1053=VERTEX_POINT('',#1054);
#1054=CARTESIAN_POINT('',(3.903416661932,3.725,2.66));
#1055=LINE('',#1050,#77);
#1056=ORIENTED_EDGE('',*,*,#1057,.F.);
#1057=EDGE_CURVE('',#1058,#1053,#1059,.T.);
#1058=VERTEX_POINT('',#1043);
#1059=CIRCLE('',#1060,0.98);
#1060=AXIS2_PLACEMENT_3D('',#1061,#46,#35);
#1061=CARTESIAN_POINT('',(3.17,3.725,2.01));
#1062=ORIENTED_EDGE('',*,*,#1063,.T.);
#1063=EDGE_CURVE('',#1058,#1064,#1042,.T.);
#1064=VERTEX_POINT('',#1065);
#1065=CARTESIAN_POINT('',(2.6,3.725,2.99));
#1066=ORIENTED_EDGE('',*,*,#1067,.T.);
#1067=EDGE_CURVE('',#1064,#1022,#1068,.T.);
#1068=LINE('',#1069,#1070);
#1069=CARTESIAN_POINT('',(2.063926689938,3.725,2.453926689938));
#1070=VECTOR('',#1071,1.);
#1071=DIRECTION('',(-0.707106781187,-3.2E-16,-0.707106781187));
#1072=PLANE('',#1073);
#1073=AXIS2_PLACEMENT_3D('',#1074,#46,#28);
#1074=CARTESIAN_POINT('',(1.915706759753,3.725,1.73));
#1075=ADVANCED_FACE('',(#1076),#1103,.F.);
#1076=FACE_BOUND('',#1077,.T.);
#1077=EDGE_LOOP('',(#1078,#1084,#1088,#1089,#1090,#1091,#1097));
#1078=ORIENTED_EDGE('',*,*,#1079,.F.);
#1079=EDGE_CURVE('',#1080,#1081,#1083,.T.);
#1080=VERTEX_POINT('',#984);
#1081=VERTEX_POINT('',#1082);
#1082=CARTESIAN_POINT('',(4.15,3.035,1.82));
#1083=LINE('',#984,#95);
#1084=ORIENTED_EDGE('',*,*,#1085,.F.);
#1085=EDGE_CURVE('',#981,#1080,#1086,.T.);
#1086=LINE('',#1087,#412);
#1087=CARTESIAN_POINT('',(4.15,2.175,0.47));
#1088=ORIENTED_EDGE('',*,*,#980,.T.);
#1089=ORIENTED_EDGE('',*,*,#960,.T.);
#1090=ORIENTED_EDGE('',*,*,#915,.F.);
#1091=ORIENTED_EDGE('',*,*,#1092,.F.);
#1092=EDGE_CURVE('',#1093,#911,#1095,.T.);
#1093=VERTEX_POINT('',#1094);
#1094=CARTESIAN_POINT('',(4.15,3.125,1.73));
#1095=LINE('',#1096,#95);
#1096=CARTESIAN_POINT('',(4.15,2.6,1.73));
#1097=ORIENTED_EDGE('',*,*,#1098,.F.);
#1098=EDGE_CURVE('',#1081,#1093,#1099,.T.);
#1099=LINE('',#1100,#1101);
#1100=CARTESIAN_POINT('',(4.15,2.84,2.015));
#1101=VECTOR('',#1102,1.);
#1102=DIRECTION('',(0.,0.707106781187,-0.707106781187));
#1103=PLANE('',#1104);
#1104=AXIS2_PLACEMENT_3D('',#984,#35,#57);
#1105=ADVANCED_FACE('',(#1106),#1132,.F.);
#1106=FACE_BOUND('',#1107,.T.);
#1107=EDGE_LOOP('',(#1108,#1115,#1044,#1118,#1119,#1120,#1125,#1129));
#1108=ORIENTED_EDGE('',*,*,#1109,.F.);
#1109=EDGE_CURVE('',#1110,#1112,#1114,.T.);
#1110=VERTEX_POINT('',#1111);
#1111=CARTESIAN_POINT('',(0.,1.125,2.99));
#1112=VERTEX_POINT('',#1113);
#1113=CARTESIAN_POINT('',(0.,1.125,2.33));
#1114=LINE('',#1111,#27);
#1115=ORIENTED_EDGE('',*,*,#1116,.T.);
#1116=EDGE_CURVE('',#1110,#1040,#1117,.T.);
#1117=LINE('',#1111,#95);
#1118=ORIENTED_EDGE('',*,*,#951,.T.);
#1119=ORIENTED_EDGE('',*,*,#947,.F.);
#1120=ORIENTED_EDGE('',*,*,#1121,.F.);
#1121=EDGE_CURVE('',#1122,#942,#1124,.T.);
#1122=VERTEX_POINT('',#1123);
#1123=CARTESIAN_POINT('',(0.,1.125,0.47));
#1124=LINE('',#1123,#95);
#1125=ORIENTED_EDGE('',*,*,#1126,.F.);
#1126=EDGE_CURVE('',#1127,#1122,#1114,.T.);
#1127=VERTEX_POINT('',#1128);
#1128=CARTESIAN_POINT('',(0.,1.125,1.13));
#1129=ORIENTED_EDGE('',*,*,#1130,.F.);
#1130=EDGE_CURVE('',#1112,#1127,#1131,.T.);
#1131=LINE('',#1113,#27);
#1132=PLANE('',#1133);
#1133=AXIS2_PLACEMENT_3D('',#1111,#14,#13);
#1134=ADVANCED_FACE('',(#1135),#1166,.F.);
#1135=FACE_BOUND('',#1136,.T.);
#1136=EDGE_LOOP('',(#1137,#1142,#1143,#1144,#1149,#1153,#1158,#1163));
#1137=ORIENTED_EDGE('',*,*,#1138,.F.);
#1138=EDGE_CURVE('',#1122,#1139,#1141,.T.);
#1139=VERTEX_POINT('',#1140);
#1140=CARTESIAN_POINT('',(1.1,1.125,0.47));
#1141=LINE('',#1123,#77);
#1142=ORIENTED_EDGE('',*,*,#1121,.T.);
#1143=ORIENTED_EDGE('',*,*,#973,.T.);
#1144=ORIENTED_EDGE('',*,*,#1145,.F.);
#1145=EDGE_CURVE('',#1146,#974,#1148,.T.);
#1146=VERTEX_POINT('',#1147);
#1147=CARTESIAN_POINT('',(3.17,1.125,0.47));
#1148=LINE('',#1147,#95);
#1149=ORIENTED_EDGE('',*,*,#1150,.F.);
#1150=EDGE_CURVE('',#1151,#1146,#1141,.T.);
#1151=VERTEX_POINT('',#1152);
#1152=CARTESIAN_POINT('',(2.5,1.125,0.47));
#1153=ORIENTED_EDGE('',*,*,#1154,.T.);
#1154=EDGE_CURVE('',#1151,#1155,#1157,.T.);
#1155=VERTEX_POINT('',#1156);
#1156=CARTESIAN_POINT('',(2.5,1.675,0.47));
#1157=LINE('',#1152,#95);
#1158=ORIENTED_EDGE('',*,*,#1159,.T.);
#1159=EDGE_CURVE('',#1155,#1160,#1162,.T.);
#1160=VERTEX_POINT('',#1161);
#1161=CARTESIAN_POINT('',(1.1,1.675,0.47));
#1162=LINE('',#1156,#34);
#1163=ORIENTED_EDGE('',*,*,#1164,.T.);
#1164=EDGE_CURVE('',#1160,#1139,#1165,.T.);
#1165=LINE('',#1161,#56);
#1166=PLANE('',#1167);
#1167=AXIS2_PLACEMENT_3D('',#1123,#13,#35);
#1168=ADVANCED_FACE('',(#1169),#1181,.T.);
#1169=FACE_BOUND('',#1170,.F.);
#1170=EDGE_LOOP('',(#1171,#1178,#985,#1144));
#1171=ORIENTED_EDGE('',*,*,#1172,.F.);
#1172=EDGE_CURVE('',#1173,#1146,#1175,.T.);
#1173=VERTEX_POINT('',#1174);
#1174=CARTESIAN_POINT('',(4.15,1.125,1.45));
#1175=CIRCLE('',#1176,0.98);
#1176=AXIS2_PLACEMENT_3D('',#1177,#46,#35);
#1177=CARTESIAN_POINT('',(3.17,1.125,1.45));
#1178=ORIENTED_EDGE('',*,*,#1179,.T.);
#1179=EDGE_CURVE('',#1173,#981,#1180,.T.);
#1180=LINE('',#1174,#95);
#1181=CYLINDRICAL_SURFACE('',#1182,0.98);
#1182=AXIS2_PLACEMENT_3D('',#1177,#57,#35);
#1183=ADVANCED_FACE('',(#1184),#1186,.F.);
#1184=FACE_BOUND('',#1185,.T.);
#1185=EDGE_LOOP('',(#1001));
#1186=PLANE('',#1187);
#1187=AXIS2_PLACEMENT_3D('',#1005,#13,#57);
#1188=ADVANCED_FACE('',(#1189),#1072,.T.);
#1189=FACE_BOUND('',#1190,.F.);
#1190=EDGE_LOOP('',(#1191,#1195,#1196,#1010,#1197));
#1191=ORIENTED_EDGE('',*,*,#1192,.F.);
#1192=EDGE_CURVE('',#1053,#1193,#1059,.T.);
#1193=VERTEX_POINT('',#1194);
#1194=CARTESIAN_POINT('',(4.15,3.725,2.01));
#1195=ORIENTED_EDGE('',*,*,#1052,.F.);
#1196=ORIENTED_EDGE('',*,*,#1048,.F.);
#1197=ORIENTED_EDGE('',*,*,#1198,.T.);
#1198=EDGE_CURVE('',#1012,#1193,#1199,.T.);
#1199=LINE('',#1200,#412);
#1200=CARTESIAN_POINT('',(4.15,3.725,1.45));
#1201=ADVANCED_FACE('',(#1202),#1217,.T.);
#1202=FACE_BOUND('',#1203,.F.);
#1203=EDGE_LOOP('',(#1013,#1204,#1208,#1213,#1215,#1216));
#1204=ORIENTED_EDGE('',*,*,#1205,.T.);
#1205=EDGE_CURVE('',#911,#1206,#913,.T.);
#1206=VERTEX_POINT('',#1207);
#1207=CARTESIAN_POINT('',(4.45,3.725,1.73));
#1208=ORIENTED_EDGE('',*,*,#1209,.T.);
#1209=EDGE_CURVE('',#1206,#1210,#1212,.T.);
#1210=VERTEX_POINT('',#1211);
#1211=CARTESIAN_POINT('',(4.45,3.725,2.66));
#1212=LINE('',#1207,#412);
#1213=ORIENTED_EDGE('',*,*,#1214,.F.);
#1214=EDGE_CURVE('',#1053,#1210,#1055,.T.);
#1215=ORIENTED_EDGE('',*,*,#1192,.T.);
#1216=ORIENTED_EDGE('',*,*,#1198,.F.);
#1217=PLANE('',#1218);
#1218=AXIS2_PLACEMENT_3D('',#910,#46,#28);
#1219=ADVANCED_FACE('',(#1220),#1237,.T.);
#1220=FACE_BOUND('',#1221,.F.);
#1221=EDGE_LOOP('',(#1222,#1230,#1233,#1234));
#1222=ORIENTED_EDGE('',*,*,#1223,.T.);
#1223=EDGE_CURVE('',#1224,#1226,#1228,.T.);
#1224=VERTEX_POINT('',#1225);
#1225=CARTESIAN_POINT('',(2.4,2.775,2.79));
#1226=VERTEX_POINT('',#1227);
#1227=CARTESIAN_POINT('',(2.4,2.775,2.19));
#1228=LINE('',#1229,#27);
#1229=CARTESIAN_POINT('',(2.4,2.775,2.99));
#1230=ORIENTED_EDGE('',*,*,#1231,.T.);
#1231=EDGE_CURVE('',#1226,#1024,#1232,.T.);
#1232=LINE('',#1227,#95);
#1233=ORIENTED_EDGE('',*,*,#1021,.F.);
#1234=ORIENTED_EDGE('',*,*,#1235,.F.);
#1235=EDGE_CURVE('',#1224,#1022,#1236,.T.);
#1236=LINE('',#1225,#95);
#1237=PLANE('',#1238);
#1238=AXIS2_PLACEMENT_3D('',#1229,#35,#57);
#1239=ADVANCED_FACE('',(#1240),#1251,.F.);
#1240=FACE_BOUND('',#1241,.T.);
#1241=EDGE_LOOP('',(#1242,#1248,#1066,#1234));
#1242=ORIENTED_EDGE('',*,*,#1243,.F.);
#1243=EDGE_CURVE('',#1244,#1224,#1246,.T.);
#1244=VERTEX_POINT('',#1245);
#1245=CARTESIAN_POINT('',(2.6,2.775,2.99));
#1246=LINE('',#1247,#1070);
#1247=CARTESIAN_POINT('',(2.2,2.775,2.59));
#1248=ORIENTED_EDGE('',*,*,#1249,.T.);
#1249=EDGE_CURVE('',#1244,#1064,#1250,.T.);
#1250=LINE('',#1245,#95);
#1251=PLANE('',#1252);
#1252=AXIS2_PLACEMENT_3D('',#1253,#823,#57);
#1253=CARTESIAN_POINT('',(2.5,2.775,2.89));
#1254=ADVANCED_FACE('',(#1255),#1265,.T.);
#1255=FACE_BOUND('',#1256,.T.);
#1256=EDGE_LOOP('',(#1257,#1230,#1028,#1262));
#1257=ORIENTED_EDGE('',*,*,#1258,.T.);
#1258=EDGE_CURVE('',#1259,#1226,#1261,.T.);
#1259=VERTEX_POINT('',#1260);
#1260=CARTESIAN_POINT('',(1.2,2.775,2.19));
#1261=LINE('',#1260,#77);
#1262=ORIENTED_EDGE('',*,*,#1263,.T.);
#1263=EDGE_CURVE('',#1030,#1259,#1264,.T.);
#1264=LINE('',#1031,#56);
#1265=PLANE('',#1266);
#1266=AXIS2_PLACEMENT_3D('',#1267,#13,#57);
#1267=CARTESIAN_POINT('',(1.8,3.25,2.19));
#1268=ADVANCED_FACE('',(#1269),#1313,.F.);
#1269=FACE_BOUND('',#1270,.T.);
#1270=EDGE_LOOP('',(#1062,#1271,#1272,#1277,#1282,#1038,#1285,#1286,#1292,#1297,#1302,#1307,#1310));
#1271=ORIENTED_EDGE('',*,*,#1249,.F.);
#1272=ORIENTED_EDGE('',*,*,#1273,.F.);
#1273=EDGE_CURVE('',#1274,#1244,#1275,.T.);
#1274=VERTEX_POINT('',#1229);
#1275=LINE('',#1276,#77);
#1276=CARTESIAN_POINT('',(2.185,2.775,2.99));
#1277=ORIENTED_EDGE('',*,*,#1278,.F.);
#1278=EDGE_CURVE('',#1279,#1274,#1281,.T.);
#1279=VERTEX_POINT('',#1280);
#1280=CARTESIAN_POINT('',(1.2,2.775,2.99));
#1281=LINE('',#1280,#77);
#1282=ORIENTED_EDGE('',*,*,#1283,.F.);
#1283=EDGE_CURVE('',#1035,#1279,#1284,.T.);
#1284=LINE('',#1036,#56);
#1285=ORIENTED_EDGE('',*,*,#1116,.F.);
#1286=ORIENTED_EDGE('',*,*,#1287,.F.);
#1287=EDGE_CURVE('',#1288,#1110,#1290,.T.);
#1288=VERTEX_POINT('',#1289);
#1289=CARTESIAN_POINT('',(1.1,1.125,2.99));
#1290=LINE('',#1291,#34);
#1291=CARTESIAN_POINT('',(3.17,1.125,2.99));
#1292=ORIENTED_EDGE('',*,*,#1293,.F.);
#1293=EDGE_CURVE('',#1294,#1288,#1296,.T.);
#1294=VERTEX_POINT('',#1295);
#1295=CARTESIAN_POINT('',(1.1,1.675,2.99));
#1296=LINE('',#1295,#56);
#1297=ORIENTED_EDGE('',*,*,#1298,.F.);
#1298=EDGE_CURVE('',#1299,#1294,#1301,.T.);
#1299=VERTEX_POINT('',#1300);
#1300=CARTESIAN_POINT('',(2.5,1.675,2.99));
#1301=LINE('',#1300,#34);
#1302=ORIENTED_EDGE('',*,*,#1303,.F.);
#1303=EDGE_CURVE('',#1304,#1299,#1306,.T.);
#1304=VERTEX_POINT('',#1305);
#1305=CARTESIAN_POINT('',(2.5,1.125,2.99));
#1306=LINE('',#1305,#95);
#1307=ORIENTED_EDGE('',*,*,#1308,.F.);
#1308=EDGE_CURVE('',#1309,#1304,#1290,.T.);
#1309=VERTEX_POINT('',#1291);
#1310=ORIENTED_EDGE('',*,*,#1311,.T.);
#1311=EDGE_CURVE('',#1309,#1058,#1312,.T.);
#1312=LINE('',#1291,#95);
#1313=PLANE('',#1314);
#1314=AXIS2_PLACEMENT_3D('',#1291,#28,#14);
#1315=ADVANCED_FACE('',(#1316),#1322,.T.);
#1316=FACE_BOUND('',#1317,.F.);
#1317=EDGE_LOOP('',(#1318,#1262,#1319,#1282));
#1318=ORIENTED_EDGE('',*,*,#1034,.T.);
#1319=ORIENTED_EDGE('',*,*,#1320,.F.);
#1320=EDGE_CURVE('',#1279,#1259,#1321,.T.);
#1321=LINE('',#1280,#27);
#1322=PLANE('',#1323);
#1323=AXIS2_PLACEMENT_3D('',#1036,#14,#46);
#1324=ADVANCED_FACE('',(#1325),#1360,.T.);
#1325=FACE_BOUND('',#1326,.F.);
#1326=EDGE_LOOP('',(#1327,#1336,#1341,#1310,#1346,#1347,#1353));
#1327=ORIENTED_EDGE('',*,*,#1328,.T.);
#1328=EDGE_CURVE('',#1329,#1331,#1333,.T.);
#1329=VERTEX_POINT('',#1330);
#1330=CARTESIAN_POINT('',(3.981110350076,3.025,2.56));
#1331=VERTEX_POINT('',#1332);
#1332=CARTESIAN_POINT('',(4.15,3.025,2.01));
#1333=CIRCLE('',#1334,0.98);
#1334=AXIS2_PLACEMENT_3D('',#1335,#46,#35);
#1335=CARTESIAN_POINT('',(3.17,3.025,2.01));
#1336=ORIENTED_EDGE('',*,*,#1337,.F.);
#1337=EDGE_CURVE('',#1338,#1331,#1340,.T.);
#1338=VERTEX_POINT('',#1339);
#1339=CARTESIAN_POINT('',(4.15,1.125,2.01));
#1340=LINE('',#1339,#95);
#1341=ORIENTED_EDGE('',*,*,#1342,.F.);
#1342=EDGE_CURVE('',#1309,#1338,#1343,.T.);
#1343=CIRCLE('',#1344,0.98);
#1344=AXIS2_PLACEMENT_3D('',#1345,#46,#35);
#1345=CARTESIAN_POINT('',(3.17,1.125,2.01));
#1346=ORIENTED_EDGE('',*,*,#1057,.T.);
#1347=ORIENTED_EDGE('',*,*,#1348,.T.);
#1348=EDGE_CURVE('',#1053,#1349,#1351,.T.);
#1349=VERTEX_POINT('',#1350);
#1350=CARTESIAN_POINT('',(3.903416661932,3.125,2.66));
#1351=LINE('',#1352,#56);
#1352=CARTESIAN_POINT('',(3.903416661932,1.125,2.66));
#1353=ORIENTED_EDGE('',*,*,#1354,.F.);
#1354=EDGE_CURVE('',#1329,#1349,#1355,.T.);
#1355=ELLIPSE('',#1356,1.385929291126,0.98);
#1356=AXIS2_PLACEMENT_3D('',#1357,#1358,#1359);
#1357=CARTESIAN_POINT('',(3.17,2.475,2.01));
#1358=DIRECTION('',(1.6E-16,-0.707106781187,0.707106781187));
#1359=DIRECTION('',(-1.6E-16,-0.707106781187,-0.707106781187));
#1360=CYLINDRICAL_SURFACE('',#1361,0.98);
#1361=AXIS2_PLACEMENT_3D('',#1345,#57,#35);
#1362=ADVANCED_FACE('',(#1363),#1380,.F.);
#1363=FACE_BOUND('',#1364,.T.);
#1364=EDGE_LOOP('',(#1365,#1336,#1371,#1178,#1374,#1375,#1376));
#1365=ORIENTED_EDGE('',*,*,#1366,.F.);
#1366=EDGE_CURVE('',#1331,#1367,#1369,.T.);
#1367=VERTEX_POINT('',#1368);
#1368=CARTESIAN_POINT('',(4.15,3.025,1.83));
#1369=LINE('',#1370,#27);
#1370=CARTESIAN_POINT('',(4.15,3.025,2.055));
#1371=ORIENTED_EDGE('',*,*,#1372,.F.);
#1372=EDGE_CURVE('',#1173,#1338,#1373,.T.);
#1373=LINE('',#1174,#412);
#1374=ORIENTED_EDGE('',*,*,#1085,.T.);
#1375=ORIENTED_EDGE('',*,*,#1079,.T.);
#1376=ORIENTED_EDGE('',*,*,#1377,.F.);
#1377=EDGE_CURVE('',#1367,#1081,#1378,.T.);
#1378=LINE('',#1379,#1101);
#1379=CARTESIAN_POINT('',(4.15,2.67,2.185));
#1380=PLANE('',#1381);
#1381=AXIS2_PLACEMENT_3D('',#1174,#35,#28);
#1382=ADVANCED_FACE('',(#1383),#1399,.T.);
#1383=FACE_BOUND('',#1384,.F.);
#1384=EDGE_LOOP('',(#1376,#1385,#1390,#1396,#1097));
#1385=ORIENTED_EDGE('',*,*,#1386,.T.);
#1386=EDGE_CURVE('',#1367,#1387,#1389,.T.);
#1387=VERTEX_POINT('',#1388);
#1388=CARTESIAN_POINT('',(4.45,3.025,1.83));
#1389=LINE('',#1368,#77);
#1390=ORIENTED_EDGE('',*,*,#1391,.T.);
#1391=EDGE_CURVE('',#1387,#1392,#1394,.T.);
#1392=VERTEX_POINT('',#1393);
#1393=CARTESIAN_POINT('',(4.45,3.125,1.73));
#1394=LINE('',#1395,#1101);
#1395=CARTESIAN_POINT('',(4.45,3.04625,1.80875));
#1396=ORIENTED_EDGE('',*,*,#1397,.F.);
#1397=EDGE_CURVE('',#1093,#1392,#1398,.T.);
#1398=LINE('',#1094,#77);
#1399=PLANE('',#1400);
#1400=AXIS2_PLACEMENT_3D('',#1401,#1359,#35);
#1401=CARTESIAN_POINT('',(4.15,3.075,1.78));
#1402=ADVANCED_FACE('',(#1403),#1411,.T.);
#1403=FACE_BOUND('',#1404,.F.);
#1404=EDGE_LOOP('',(#1091,#1405,#1406,#1410));
#1405=ORIENTED_EDGE('',*,*,#1397,.T.);
#1406=ORIENTED_EDGE('',*,*,#1407,.T.);
#1407=EDGE_CURVE('',#1392,#1206,#1408,.T.);
#1408=LINE('',#1409,#95);
#1409=CARTESIAN_POINT('',(4.45,3.025,1.73));
#1410=ORIENTED_EDGE('',*,*,#1205,.F.);
#1411=PLANE('',#1412);
#1412=AXIS2_PLACEMENT_3D('',#1413,#28,#57);
#1413=CARTESIAN_POINT('',(3.15,3.025,1.73));
#1414=ADVANCED_FACE('',(#1415),#1427,.F.);
#1415=FACE_BOUND('',#1416,.T.);
#1416=EDGE_LOOP('',(#1417,#1422,#1423,#1424));
#1417=ORIENTED_EDGE('',*,*,#1418,.F.);
#1418=EDGE_CURVE('',#1288,#1419,#1421,.T.);
#1419=VERTEX_POINT('',#1420);
#1420=CARTESIAN_POINT('',(1.1,1.125,2.33));
#1421=LINE('',#1289,#27);
#1422=ORIENTED_EDGE('',*,*,#1287,.T.);
#1423=ORIENTED_EDGE('',*,*,#1109,.T.);
#1424=ORIENTED_EDGE('',*,*,#1425,.T.);
#1425=EDGE_CURVE('',#1112,#1419,#1426,.T.);
#1426=LINE('',#1113,#77);
#1427=PLANE('',#1428);
#1428=AXIS2_PLACEMENT_3D('',#1429,#46,#28);
#1429=CARTESIAN_POINT('',(1.915706759753,1.125,1.73));
#1430=ADVANCED_FACE('',(#1431),#1455,.T.);
#1431=FACE_BOUND('',#1432,.F.);
#1432=EDGE_LOOP('',(#1433,#1438,#1443,#1448,#1452,#1129));
#1433=ORIENTED_EDGE('',*,*,#1434,.T.);
#1434=EDGE_CURVE('',#1112,#1435,#1437,.T.);
#1435=VERTEX_POINT('',#1436);
#1436=CARTESIAN_POINT('',(0.,-0.475,2.33));
#1437=LINE('',#1113,#56);
#1438=ORIENTED_EDGE('',*,*,#1439,.T.);
#1439=EDGE_CURVE('',#1435,#1440,#1442,.T.);
#1440=VERTEX_POINT('',#1441);
#1441=CARTESIAN_POINT('',(0.,-0.475,2.08));
#1442=LINE('',#1436,#27);
#1443=ORIENTED_EDGE('',*,*,#1444,.F.);
#1444=EDGE_CURVE('',#1445,#1440,#1447,.T.);
#1445=VERTEX_POINT('',#1446);
#1446=CARTESIAN_POINT('',(0.,-0.475,1.38));
#1447=LINE('',#1446,#412);
#1448=ORIENTED_EDGE('',*,*,#1449,.T.);
#1449=EDGE_CURVE('',#1445,#1450,#1442,.T.);
#1450=VERTEX_POINT('',#1451);
#1451=CARTESIAN_POINT('',(0.,-0.475,1.13));
#1452=ORIENTED_EDGE('',*,*,#1453,.F.);
#1453=EDGE_CURVE('',#1127,#1450,#1454,.T.);
#1454=LINE('',#1128,#56);
#1455=PLANE('',#1456);
#1456=AXIS2_PLACEMENT_3D('',#1113,#35,#13);
#1457=ADVANCED_FACE('',(#1458),#1427,.F.);
#1458=FACE_BOUND('',#1459,.T.);
#1459=EDGE_LOOP('',(#1460,#1461,#1466,#1469));
#1460=ORIENTED_EDGE('',*,*,#1138,.T.);
#1461=ORIENTED_EDGE('',*,*,#1462,.F.);
#1462=EDGE_CURVE('',#1463,#1139,#1465,.T.);
#1463=VERTEX_POINT('',#1464);
#1464=CARTESIAN_POINT('',(1.1,1.125,1.13));
#1465=LINE('',#1464,#27);
#1466=ORIENTED_EDGE('',*,*,#1467,.F.);
#1467=EDGE_CURVE('',#1127,#1463,#1468,.T.);
#1468=LINE('',#1128,#77);
#1469=ORIENTED_EDGE('',*,*,#1126,.T.);
#1470=ADVANCED_FACE('',(#1471),#1481,.T.);
#1471=FACE_BOUND('',#1472,.F.);
#1472=EDGE_LOOP('',(#1473,#1163,#1461,#1478));
#1473=ORIENTED_EDGE('',*,*,#1474,.T.);
#1474=EDGE_CURVE('',#1475,#1160,#1477,.T.);
#1475=VERTEX_POINT('',#1476);
#1476=CARTESIAN_POINT('',(1.1,1.675,1.13));
#1477=LINE('',#1476,#27);
#1478=ORIENTED_EDGE('',*,*,#1479,.F.);
#1479=EDGE_CURVE('',#1475,#1463,#1480,.T.);
#1480=LINE('',#1476,#56);
#1481=PLANE('',#1482);
#1482=AXIS2_PLACEMENT_3D('',#1476,#14,#46);
#1483=ADVANCED_FACE('',(#1484),#1495,.T.);
#1484=FACE_BOUND('',#1485,.F.);
#1485=EDGE_LOOP('',(#1486,#1158,#1491,#1492));
#1486=ORIENTED_EDGE('',*,*,#1487,.T.);
#1487=EDGE_CURVE('',#1488,#1155,#1490,.T.);
#1488=VERTEX_POINT('',#1489);
#1489=CARTESIAN_POINT('',(2.5,1.675,1.13));
#1490=LINE('',#1489,#27);
#1491=ORIENTED_EDGE('',*,*,#1474,.F.);
#1492=ORIENTED_EDGE('',*,*,#1493,.F.);
#1493=EDGE_CURVE('',#1488,#1475,#1494,.T.);
#1494=LINE('',#1489,#34);
#1495=PLANE('',#1496);
#1496=AXIS2_PLACEMENT_3D('',#1489,#57,#14);
#1497=ADVANCED_FACE('',(#1498),#1509,.T.);
#1498=FACE_BOUND('',#1499,.F.);
#1499=EDGE_LOOP('',(#1500,#1153,#1505,#1506));
#1500=ORIENTED_EDGE('',*,*,#1501,.T.);
#1501=EDGE_CURVE('',#1502,#1151,#1504,.T.);
#1502=VERTEX_POINT('',#1503);
#1503=CARTESIAN_POINT('',(2.5,1.125,1.13));
#1504=LINE('',#1503,#27);
#1505=ORIENTED_EDGE('',*,*,#1487,.F.);
#1506=ORIENTED_EDGE('',*,*,#1507,.F.);
#1507=EDGE_CURVE('',#1502,#1488,#1508,.T.);
#1508=LINE('',#1503,#95);
#1509=PLANE('',#1510);
#1510=AXIS2_PLACEMENT_3D('',#1503,#35,#57);
#1511=ADVANCED_FACE('',(#1512),#1427,.F.);
#1512=FACE_BOUND('',#1513,.T.);
#1513=EDGE_LOOP('',(#1341,#1514,#1515,#1520,#1524,#1531,#1536,#1543,#1500,#1545,#1171,#1546));
#1514=ORIENTED_EDGE('',*,*,#1308,.T.);
#1515=ORIENTED_EDGE('',*,*,#1516,.T.);
#1516=EDGE_CURVE('',#1304,#1517,#1519,.T.);
#1517=VERTEX_POINT('',#1518);
#1518=CARTESIAN_POINT('',(2.5,1.125,2.33));
#1519=LINE('',#1305,#27);
#1520=ORIENTED_EDGE('',*,*,#1521,.T.);
#1521=EDGE_CURVE('',#1517,#1522,#1426,.T.);
#1522=VERTEX_POINT('',#1523);
#1523=CARTESIAN_POINT('',(3.095,1.125,2.33));
#1524=ORIENTED_EDGE('',*,*,#1525,.T.);
#1525=EDGE_CURVE('',#1522,#1526,#1528,.T.);
#1526=VERTEX_POINT('',#1527);
#1527=CARTESIAN_POINT('',(3.345,1.125,2.08));
#1528=CIRCLE('',#1529,0.25);
#1529=AXIS2_PLACEMENT_3D('',#1530,#46,#35);
#1530=CARTESIAN_POINT('',(3.095,1.125,2.08));
#1531=ORIENTED_EDGE('',*,*,#1532,.T.);
#1532=EDGE_CURVE('',#1526,#1533,#1535,.T.);
#1533=VERTEX_POINT('',#1534);
#1534=CARTESIAN_POINT('',(3.345,1.125,1.38));
#1535=LINE('',#1527,#27);
#1536=ORIENTED_EDGE('',*,*,#1537,.T.);
#1537=EDGE_CURVE('',#1533,#1538,#1540,.T.);
#1538=VERTEX_POINT('',#1539);
#1539=CARTESIAN_POINT('',(3.095,1.125,1.13));
#1540=CIRCLE('',#1541,0.25);
#1541=AXIS2_PLACEMENT_3D('',#1542,#46,#35);
#1542=CARTESIAN_POINT('',(3.095,1.125,1.38));
#1543=ORIENTED_EDGE('',*,*,#1544,.F.);
#1544=EDGE_CURVE('',#1502,#1538,#1468,.T.);
#1545=ORIENTED_EDGE('',*,*,#1150,.T.);
#1546=ORIENTED_EDGE('',*,*,#1372,.T.);
#1547=ADVANCED_FACE('',(#1548),#1560,.T.);
#1548=FACE_BOUND('',#1549,.F.);
#1549=EDGE_LOOP('',(#1550,#1551,#1552,#1557));
#1550=ORIENTED_EDGE('',*,*,#1348,.F.);
#1551=ORIENTED_EDGE('',*,*,#1214,.T.);
#1552=ORIENTED_EDGE('',*,*,#1553,.T.);
#1553=EDGE_CURVE('',#1210,#1554,#1556,.T.);
#1554=VERTEX_POINT('',#1555);
#1555=CARTESIAN_POINT('',(4.45,3.125,2.66));
#1556=LINE('',#1211,#56);
#1557=ORIENTED_EDGE('',*,*,#1558,.F.);
#1558=EDGE_CURVE('',#1349,#1554,#1559,.T.);
#1559=LINE('',#1350,#77);
#1560=PLANE('',#1561);
#1561=AXIS2_PLACEMENT_3D('',#1050,#13,#46);
#1562=ADVANCED_FACE('',(#1563),#1577,.F.);
#1563=FACE_BOUND('',#1564,.T.);
#1564=EDGE_LOOP('',(#1565,#1390,#1406,#1208,#1552,#1571));
#1565=ORIENTED_EDGE('',*,*,#1566,.T.);
#1566=EDGE_CURVE('',#1567,#1387,#1569,.T.);
#1567=VERTEX_POINT('',#1568);
#1568=CARTESIAN_POINT('',(4.45,3.025,2.56));
#1569=LINE('',#1570,#27);
#1570=CARTESIAN_POINT('',(4.45,3.025,2.66));
#1571=ORIENTED_EDGE('',*,*,#1572,.F.);
#1572=EDGE_CURVE('',#1567,#1554,#1573,.T.);
#1573=LINE('',#1574,#1575);
#1574=CARTESIAN_POINT('',(4.45,3.04625,2.58125));
#1575=VECTOR('',#1576,1.);
#1576=DIRECTION('',(6.8E-16,0.707106781187,0.707106781187));
#1577=PLANE('',#1578);
#1578=AXIS2_PLACEMENT_3D('',#1579,#35,#28);
#1579=CARTESIAN_POINT('',(4.45,3.375,2.195));
#1580=ADVANCED_FACE('',(#1581),#1585,.T.);
#1581=FACE_BOUND('',#1582,.F.);
#1582=EDGE_LOOP('',(#1583,#1242,#1272,#1277,#1584,#1257));
#1583=ORIENTED_EDGE('',*,*,#1223,.F.);
#1584=ORIENTED_EDGE('',*,*,#1320,.T.);
#1585=PLANE('',#1586);
#1586=AXIS2_PLACEMENT_3D('',#1280,#46,#35);
#1587=ADVANCED_FACE('',(#1588),#1598,.T.);
#1588=FACE_BOUND('',#1589,.F.);
#1589=EDGE_LOOP('',(#1515,#1590,#1595,#1302));
#1590=ORIENTED_EDGE('',*,*,#1591,.T.);
#1591=EDGE_CURVE('',#1517,#1592,#1594,.T.);
#1592=VERTEX_POINT('',#1593);
#1593=CARTESIAN_POINT('',(2.5,1.675,2.33));
#1594=LINE('',#1518,#95);
#1595=ORIENTED_EDGE('',*,*,#1596,.F.);
#1596=EDGE_CURVE('',#1299,#1592,#1597,.T.);
#1597=LINE('',#1300,#27);
#1598=PLANE('',#1599);
#1599=AXIS2_PLACEMENT_3D('',#1305,#35,#57);
#1600=ADVANCED_FACE('',(#1601),#1612,.T.);
#1601=FACE_BOUND('',#1602,.F.);
#1602=EDGE_LOOP('',(#1603,#1604,#1609,#1297));
#1603=ORIENTED_EDGE('',*,*,#1596,.T.);
#1604=ORIENTED_EDGE('',*,*,#1605,.T.);
#1605=EDGE_CURVE('',#1592,#1606,#1608,.T.);
#1606=VERTEX_POINT('',#1607);
#1607=CARTESIAN_POINT('',(1.1,1.675,2.33));
#1608=LINE('',#1593,#34);
#1609=ORIENTED_EDGE('',*,*,#1610,.F.);
#1610=EDGE_CURVE('',#1294,#1606,#1611,.T.);
#1611=LINE('',#1295,#27);
#1612=PLANE('',#1613);
#1613=AXIS2_PLACEMENT_3D('',#1300,#57,#14);
#1614=ADVANCED_FACE('',(#1615),#1621,.T.);
#1615=FACE_BOUND('',#1616,.F.);
#1616=EDGE_LOOP('',(#1617,#1618,#1417,#1292));
#1617=ORIENTED_EDGE('',*,*,#1610,.T.);
#1618=ORIENTED_EDGE('',*,*,#1619,.T.);
#1619=EDGE_CURVE('',#1606,#1419,#1620,.T.);
#1620=LINE('',#1607,#56);
#1621=PLANE('',#1622);
#1622=AXIS2_PLACEMENT_3D('',#1295,#14,#46);
#1623=ADVANCED_FACE('',(#1624),#1632,.T.);
#1624=FACE_BOUND('',#1625,.F.);
#1625=EDGE_LOOP('',(#1626,#1627,#1565,#1631,#1365));
#1626=ORIENTED_EDGE('',*,*,#1328,.F.);
#1627=ORIENTED_EDGE('',*,*,#1628,.T.);
#1628=EDGE_CURVE('',#1329,#1567,#1629,.T.);
#1629=LINE('',#1630,#77);
#1630=CARTESIAN_POINT('',(3.903416661932,3.025,2.56));
#1631=ORIENTED_EDGE('',*,*,#1386,.F.);
#1632=PLANE('',#1633);
#1633=AXIS2_PLACEMENT_3D('',#1634,#57,#13);
#1634=CARTESIAN_POINT('',(3.15,3.025,2.66));
#1635=ADVANCED_FACE('',(#1636),#1639,.T.);
#1636=FACE_BOUND('',#1637,.T.);
#1637=EDGE_LOOP('',(#1353,#1627,#1638,#1557));
#1638=ORIENTED_EDGE('',*,*,#1572,.T.);
#1639=PLANE('',#1640);
#1640=AXIS2_PLACEMENT_3D('',#1641,#1358,#14);
#1641=CARTESIAN_POINT('',(3.903416661932,3.075,2.61));
#1642=ADVANCED_FACE('',(#1643),#1658,.F.);
#1643=FACE_BOUND('',#1644,.T.);
#1644=EDGE_LOOP('',(#1433,#1645,#1650,#1653,#1654,#1657));
#1645=ORIENTED_EDGE('',*,*,#1646,.T.);
#1646=EDGE_CURVE('',#1435,#1647,#1649,.T.);
#1647=VERTEX_POINT('',#1648);
#1648=CARTESIAN_POINT('',(3.095,-0.475,2.33));
#1649=LINE('',#1436,#77);
#1650=ORIENTED_EDGE('',*,*,#1651,.F.);
#1651=EDGE_CURVE('',#1522,#1647,#1652,.T.);
#1652=LINE('',#1523,#56);
#1653=ORIENTED_EDGE('',*,*,#1521,.F.);
#1654=ORIENTED_EDGE('',*,*,#1655,.F.);
#1655=EDGE_CURVE('',#1419,#1517,#1656,.T.);
#1656=LINE('',#1420,#77);
#1657=ORIENTED_EDGE('',*,*,#1425,.F.);
#1658=PLANE('',#1659);
#1659=AXIS2_PLACEMENT_3D('',#1113,#28,#35);
#1660=ADVANCED_FACE('',(#1661),#1675,.T.);
#1661=FACE_BOUND('',#1662,.F.);
#1662=EDGE_LOOP('',(#1663,#1664,#1669,#1543,#1672,#1466));
#1663=ORIENTED_EDGE('',*,*,#1453,.T.);
#1664=ORIENTED_EDGE('',*,*,#1665,.T.);
#1665=EDGE_CURVE('',#1450,#1666,#1668,.T.);
#1666=VERTEX_POINT('',#1667);
#1667=CARTESIAN_POINT('',(3.095,-0.475,1.13));
#1668=LINE('',#1451,#77);
#1669=ORIENTED_EDGE('',*,*,#1670,.F.);
#1670=EDGE_CURVE('',#1538,#1666,#1671,.T.);
#1671=LINE('',#1539,#56);
#1672=ORIENTED_EDGE('',*,*,#1673,.F.);
#1673=EDGE_CURVE('',#1463,#1502,#1674,.T.);
#1674=LINE('',#1464,#77);
#1675=PLANE('',#1676);
#1676=AXIS2_PLACEMENT_3D('',#1128,#28,#35);
#1677=ADVANCED_FACE('',(#1678),#1691,.F.);
#1678=FACE_BOUND('',#1679,.T.);
#1679=EDGE_LOOP('',(#1680,#1438,#1681,#1686));
#1680=ORIENTED_EDGE('',*,*,#1646,.F.);
#1681=ORIENTED_EDGE('',*,*,#1682,.T.);
#1682=EDGE_CURVE('',#1440,#1683,#1685,.T.);
#1683=VERTEX_POINT('',#1684);
#1684=CARTESIAN_POINT('',(3.345,-0.475,2.08));
#1685=LINE('',#1441,#77);
#1686=ORIENTED_EDGE('',*,*,#1687,.F.);
#1687=EDGE_CURVE('',#1647,#1683,#1688,.T.);
#1688=CIRCLE('',#1689,0.25);
#1689=AXIS2_PLACEMENT_3D('',#1690,#46,#35);
#1690=CARTESIAN_POINT('',(3.095,-0.475,2.08));
#1691=PLANE('',#1692);
#1692=AXIS2_PLACEMENT_3D('',#1693,#46,#28);
#1693=CARTESIAN_POINT('',(1.629106230553,-0.475,1.73));
#1694=ADVANCED_FACE('',(#1695),#1724,.F.);
#1695=FACE_BOUND('',#1696,.T.);
#1696=EDGE_LOOP('',(#1697,#1702,#1708,#1714,#1721,#1443));
#1697=ORIENTED_EDGE('',*,*,#1698,.T.);
#1698=EDGE_CURVE('',#1445,#1699,#1701,.T.);
#1699=VERTEX_POINT('',#1700);
#1700=CARTESIAN_POINT('',(0.,-3.125,1.38));
#1701=LINE('',#1446,#56);
#1702=ORIENTED_EDGE('',*,*,#1703,.F.);
#1703=EDGE_CURVE('',#1704,#1699,#1706,.T.);
#1704=VERTEX_POINT('',#1705);
#1705=CARTESIAN_POINT('',(0.,-3.325,1.58));
#1706=LINE('',#1707,#1101);
#1707=CARTESIAN_POINT('',(-2.2E-16,-2.5125,0.7675));
#1708=ORIENTED_EDGE('',*,*,#1709,.T.);
#1709=EDGE_CURVE('',#1704,#1710,#1712,.T.);
#1710=VERTEX_POINT('',#1711);
#1711=CARTESIAN_POINT('',(0.,-3.325,1.88));
#1712=LINE('',#1713,#412);
#1713=CARTESIAN_POINT('',(0.,-3.325,1.38));
#1714=ORIENTED_EDGE('',*,*,#1715,.F.);
#1715=EDGE_CURVE('',#1716,#1710,#1718,.T.);
#1716=VERTEX_POINT('',#1717);
#1717=CARTESIAN_POINT('',(0.,-3.125,2.08));
#1718=LINE('',#1719,#1720);
#1719=CARTESIAN_POINT('',(0.,-2.6875,2.5175));
#1720=VECTOR('',#1359,1.);
#1721=ORIENTED_EDGE('',*,*,#1722,.F.);
#1722=EDGE_CURVE('',#1440,#1716,#1723,.T.);
#1723=LINE('',#1441,#56);
#1724=PLANE('',#1725);
#1725=AXIS2_PLACEMENT_3D('',#1446,#14,#28);
#1726=ADVANCED_FACE('',(#1727),#1691,.F.);
#1727=FACE_BOUND('',#1728,.T.);
#1728=EDGE_LOOP('',(#1729,#1448,#1664,#1734));
#1729=ORIENTED_EDGE('',*,*,#1730,.T.);
#1730=EDGE_CURVE('',#1731,#1445,#1733,.T.);
#1731=VERTEX_POINT('',#1732);
#1732=CARTESIAN_POINT('',(3.345,-0.475,1.38));
#1733=LINE('',#1732,#34);
#1734=ORIENTED_EDGE('',*,*,#1735,.F.);
#1735=EDGE_CURVE('',#1731,#1666,#1736,.T.);
#1736=CIRCLE('',#1737,0.25);
#1737=AXIS2_PLACEMENT_3D('',#1738,#46,#35);
#1738=CARTESIAN_POINT('',(3.095,-0.475,1.38));
#1739=ADVANCED_FACE('',(#1740),#1746,.F.);
#1740=FACE_BOUND('',#1741,.F.);
#1741=EDGE_LOOP('',(#1742,#1743,#1744,#1745));
#1742=ORIENTED_EDGE('',*,*,#1673,.T.);
#1743=ORIENTED_EDGE('',*,*,#1507,.T.);
#1744=ORIENTED_EDGE('',*,*,#1493,.T.);
#1745=ORIENTED_EDGE('',*,*,#1479,.T.);
#1746=PLANE('',#1747);
#1747=AXIS2_PLACEMENT_3D('',#1748,#13,#57);
#1748=CARTESIAN_POINT('',(1.8,1.4,1.13));
#1749=ADVANCED_FACE('',(#1750),#1757,.T.);
#1750=FACE_BOUND('',#1751,.T.);
#1751=EDGE_LOOP('',(#1752,#1755,#1669,#1756));
#1752=ORIENTED_EDGE('',*,*,#1753,.T.);
#1753=EDGE_CURVE('',#1533,#1731,#1754,.T.);
#1754=LINE('',#1534,#56);
#1755=ORIENTED_EDGE('',*,*,#1735,.T.);
#1756=ORIENTED_EDGE('',*,*,#1537,.F.);
#1757=CYLINDRICAL_SURFACE('',#1541,0.25);
#1758=ADVANCED_FACE('',(#1759),#1769,.F.);
#1759=FACE_BOUND('',#1760,.T.);
#1760=EDGE_LOOP('',(#1761,#1764,#1767,#1768));
#1761=ORIENTED_EDGE('',*,*,#1762,.T.);
#1762=EDGE_CURVE('',#1526,#1683,#1763,.T.);
#1763=LINE('',#1527,#56);
#1764=ORIENTED_EDGE('',*,*,#1765,.T.);
#1765=EDGE_CURVE('',#1683,#1731,#1766,.T.);
#1766=LINE('',#1684,#27);
#1767=ORIENTED_EDGE('',*,*,#1753,.F.);
#1768=ORIENTED_EDGE('',*,*,#1532,.F.);
#1769=PLANE('',#1770);
#1770=AXIS2_PLACEMENT_3D('',#1527,#35,#13);
#1771=ADVANCED_FACE('',(#1772),#1778,.T.);
#1772=FACE_BOUND('',#1773,.T.);
#1773=EDGE_LOOP('',(#1774,#1775,#1776,#1777));
#1774=ORIENTED_EDGE('',*,*,#1651,.T.);
#1775=ORIENTED_EDGE('',*,*,#1687,.T.);
#1776=ORIENTED_EDGE('',*,*,#1762,.F.);
#1777=ORIENTED_EDGE('',*,*,#1525,.F.);
#1778=CYLINDRICAL_SURFACE('',#1529,0.25);
#1779=ADVANCED_FACE('',(#1780),#1783,.T.);
#1780=FACE_BOUND('',#1781,.T.);
#1781=EDGE_LOOP('',(#1782,#1590,#1604,#1618));
#1782=ORIENTED_EDGE('',*,*,#1655,.T.);
#1783=PLANE('',#1784);
#1784=AXIS2_PLACEMENT_3D('',#1785,#13,#57);
#1785=CARTESIAN_POINT('',(1.8,1.4,2.33));
#1786=ADVANCED_FACE('',(#1787),#1830,.F.);
#1787=FACE_BOUND('',#1788,.T.);
#1788=EDGE_LOOP('',(#1789,#1799,#1804,#1811,#1816,#1823,#1825,#1826,#1827));
#1789=ORIENTED_EDGE('',*,*,#1790,.T.);
#1790=EDGE_CURVE('',#1791,#1793,#1795,.T.);
#1791=VERTEX_POINT('',#1792);
#1792=CARTESIAN_POINT('',(3.045,-3.125,2.08));
#1793=VERTEX_POINT('',#1794);
#1794=CARTESIAN_POINT('',(3.345,-2.525,2.08));
#1795=LINE('',#1796,#1797);
#1796=CARTESIAN_POINT('',(3.3205,-2.574,2.08));
#1797=VECTOR('',#1798,1.);
#1798=DIRECTION('',(0.4472135955,0.894427191,-4.E-16));
#1799=ORIENTED_EDGE('',*,*,#1800,.F.);
#1800=EDGE_CURVE('',#1801,#1793,#1803,.T.);
#1801=VERTEX_POINT('',#1802);
#1802=CARTESIAN_POINT('',(3.345,-2.075,2.08));
#1803=LINE('',#1684,#56);
#1804=ORIENTED_EDGE('',*,*,#1805,.T.);
#1805=EDGE_CURVE('',#1801,#1806,#1808,.T.);
#1806=VERTEX_POINT('',#1807);
#1807=CARTESIAN_POINT('',(3.045,-1.775,2.08));
#1808=CIRCLE('',#1809,0.3);
#1809=AXIS2_PLACEMENT_3D('',#1810,#28,#14);
#1810=CARTESIAN_POINT('',(3.345,-1.775,2.08));
#1811=ORIENTED_EDGE('',*,*,#1812,.T.);
#1812=EDGE_CURVE('',#1806,#1813,#1815,.T.);
#1813=VERTEX_POINT('',#1814);
#1814=CARTESIAN_POINT('',(3.045,-0.875,2.08));
#1815=LINE('',#1807,#95);
#1816=ORIENTED_EDGE('',*,*,#1817,.T.);
#1817=EDGE_CURVE('',#1813,#1818,#1820,.T.);
#1818=VERTEX_POINT('',#1819);
#1819=CARTESIAN_POINT('',(3.345,-0.575,2.08));
#1820=CIRCLE('',#1821,0.3);
#1821=AXIS2_PLACEMENT_3D('',#1822,#28,#14);
#1822=CARTESIAN_POINT('',(3.345,-0.875,2.08));
#1823=ORIENTED_EDGE('',*,*,#1824,.F.);
#1824=EDGE_CURVE('',#1683,#1818,#1803,.T.);
#1825=ORIENTED_EDGE('',*,*,#1682,.F.);
#1826=ORIENTED_EDGE('',*,*,#1722,.T.);
#1827=ORIENTED_EDGE('',*,*,#1828,.T.);
#1828=EDGE_CURVE('',#1716,#1791,#1829,.T.);
#1829=LINE('',#1717,#77);
#1830=PLANE('',#1831);
#1831=AXIS2_PLACEMENT_3D('',#1441,#28,#35);
#1832=ADVANCED_FACE('',(#1833),#1876,.F.);
#1833=FACE_BOUND('',#1834,.T.);
#1834=EDGE_LOOP('',(#1835,#1843,#1847,#1848,#1849,#1854,#1861,#1867,#1874));
#1835=ORIENTED_EDGE('',*,*,#1836,.F.);
#1836=EDGE_CURVE('',#1837,#1839,#1841,.T.);
#1837=VERTEX_POINT('',#1838);
#1838=CARTESIAN_POINT('',(3.045,-3.125,1.38));
#1839=VERTEX_POINT('',#1840);
#1840=CARTESIAN_POINT('',(3.345,-2.525,1.38));
#1841=LINE('',#1842,#1797);
#1842=CARTESIAN_POINT('',(3.655,-1.905,1.38));
#1843=ORIENTED_EDGE('',*,*,#1844,.T.);
#1844=EDGE_CURVE('',#1837,#1699,#1845,.T.);
#1845=LINE('',#1846,#34);
#1846=CARTESIAN_POINT('',(2.945,-3.125,1.38));
#1847=ORIENTED_EDGE('',*,*,#1698,.F.);
#1848=ORIENTED_EDGE('',*,*,#1730,.F.);
#1849=ORIENTED_EDGE('',*,*,#1850,.T.);
#1850=EDGE_CURVE('',#1731,#1851,#1853,.T.);
#1851=VERTEX_POINT('',#1852);
#1852=CARTESIAN_POINT('',(3.345,-0.575,1.38));
#1853=LINE('',#1732,#56);
#1854=ORIENTED_EDGE('',*,*,#1855,.F.);
#1855=EDGE_CURVE('',#1856,#1851,#1858,.T.);
#1856=VERTEX_POINT('',#1857);
#1857=CARTESIAN_POINT('',(3.045,-0.875,1.38));
#1858=CIRCLE('',#1859,0.3);
#1859=AXIS2_PLACEMENT_3D('',#1860,#28,#14);
#1860=CARTESIAN_POINT('',(3.345,-0.875,1.38));
#1861=ORIENTED_EDGE('',*,*,#1862,.F.);
#1862=EDGE_CURVE('',#1863,#1856,#1865,.T.);
#1863=VERTEX_POINT('',#1864);
#1864=CARTESIAN_POINT('',(3.045,-1.775,1.38));
#1865=LINE('',#1866,#95);
#1866=CARTESIAN_POINT('',(3.045,-1.125,1.38));
#1867=ORIENTED_EDGE('',*,*,#1868,.F.);
#1868=EDGE_CURVE('',#1869,#1863,#1871,.T.);
#1869=VERTEX_POINT('',#1870);
#1870=CARTESIAN_POINT('',(3.345,-2.075,1.38));
#1871=CIRCLE('',#1872,0.3);
#1872=AXIS2_PLACEMENT_3D('',#1873,#28,#14);
#1873=CARTESIAN_POINT('',(3.345,-1.775,1.38));
#1874=ORIENTED_EDGE('',*,*,#1875,.T.);
#1875=EDGE_CURVE('',#1869,#1839,#1853,.T.);
#1876=PLANE('',#1877);
#1877=AXIS2_PLACEMENT_3D('',#1732,#13,#14);
#1878=ADVANCED_FACE('',(#1879),#1894,.T.);
#1879=FACE_BOUND('',#1880,.T.);
#1880=EDGE_LOOP('',(#1881,#1889,#1892,#1893));
#1881=ORIENTED_EDGE('',*,*,#1882,.F.);
#1882=EDGE_CURVE('',#1883,#1837,#1885,.T.);
#1883=VERTEX_POINT('',#1884);
#1884=CARTESIAN_POINT('',(2.945,-3.325,1.58));
#1885=LINE('',#1886,#1887);
#1886=CARTESIAN_POINT('',(2.967222222222,-3.280555555556,1.535555555556));
#1887=VECTOR('',#1888,1.);
#1888=DIRECTION('',(0.333333333333,0.666666666667,-0.666666666667));
#1889=ORIENTED_EDGE('',*,*,#1890,.T.);
#1890=EDGE_CURVE('',#1883,#1704,#1891,.T.);
#1891=LINE('',#1884,#34);
#1892=ORIENTED_EDGE('',*,*,#1703,.T.);
#1893=ORIENTED_EDGE('',*,*,#1844,.F.);
#1894=PLANE('',#1895);
#1895=AXIS2_PLACEMENT_3D('',#1896,#1359,#35);
#1896=CARTESIAN_POINT('',(2.945,-3.225,1.48));
#1897=ADVANCED_FACE('',(#1898),#1911,.F.);
#1898=FACE_BOUND('',#1899,.T.);
#1899=EDGE_LOOP('',(#1900,#1906,#1909,#1910));
#1900=ORIENTED_EDGE('',*,*,#1901,.F.);
#1901=EDGE_CURVE('',#1902,#1883,#1904,.T.);
#1902=VERTEX_POINT('',#1903);
#1903=CARTESIAN_POINT('',(2.945,-3.325,1.88));
#1904=LINE('',#1905,#27);
#1905=CARTESIAN_POINT('',(2.945,-3.325,2.08));
#1906=ORIENTED_EDGE('',*,*,#1907,.F.);
#1907=EDGE_CURVE('',#1710,#1902,#1908,.T.);
#1908=LINE('',#1711,#77);
#1909=ORIENTED_EDGE('',*,*,#1709,.F.);
#1910=ORIENTED_EDGE('',*,*,#1890,.F.);
#1911=PLANE('',#1912);
#1912=AXIS2_PLACEMENT_3D('',#1913,#46,#28);
#1913=CARTESIAN_POINT('',(1.6725,-3.325,1.73));
#1914=ADVANCED_FACE('',(#1915),#1923,.T.);
#1915=FACE_BOUND('',#1916,.F.);
#1916=EDGE_LOOP('',(#1714,#1827,#1917,#1906));
#1917=ORIENTED_EDGE('',*,*,#1918,.T.);
#1918=EDGE_CURVE('',#1791,#1902,#1919,.T.);
#1919=LINE('',#1920,#1921);
#1920=CARTESIAN_POINT('',(2.881388888889,-3.452222222222,1.752777777778));
#1921=VECTOR('',#1922,1.);
#1922=DIRECTION('',(-0.333333333333,-0.666666666667,-0.666666666667));
#1923=PLANE('',#1924);
#1924=AXIS2_PLACEMENT_3D('',#1925,#1358,#35);
#1925=CARTESIAN_POINT('',(0.,-3.225,1.98));
#1926=ADVANCED_FACE('',(#1927),#1935,.F.);
#1927=FACE_BOUND('',#1928,.T.);
#1928=EDGE_LOOP('',(#1929,#1930,#1931,#1934));
#1929=ORIENTED_EDGE('',*,*,#1765,.F.);
#1930=ORIENTED_EDGE('',*,*,#1824,.T.);
#1931=ORIENTED_EDGE('',*,*,#1932,.T.);
#1932=EDGE_CURVE('',#1818,#1851,#1933,.T.);
#1933=LINE('',#1819,#27);
#1934=ORIENTED_EDGE('',*,*,#1850,.F.);
#1935=PLANE('',#1936);
#1936=AXIS2_PLACEMENT_3D('',#1684,#35,#13);
#1937=ADVANCED_FACE('',(#1938),#1947,.T.);
#1938=FACE_BOUND('',#1939,.T.);
#1939=EDGE_LOOP('',(#1940,#1917,#1941,#1942,#1943,#1944));
#1940=ORIENTED_EDGE('',*,*,#1790,.F.);
#1941=ORIENTED_EDGE('',*,*,#1901,.T.);
#1942=ORIENTED_EDGE('',*,*,#1882,.T.);
#1943=ORIENTED_EDGE('',*,*,#1836,.T.);
#1944=ORIENTED_EDGE('',*,*,#1945,.F.);
#1945=EDGE_CURVE('',#1793,#1839,#1946,.T.);
#1946=LINE('',#1794,#27);
#1947=PLANE('',#1948);
#1948=AXIS2_PLACEMENT_3D('',#1949,#1950,#28);
#1949=CARTESIAN_POINT('',(3.145,-2.925,2.08));
#1950=DIRECTION('',(0.894427191,-0.4472135955,1.1E-16));
#1951=ADVANCED_FACE('',(#1952),#1935,.F.);
#1952=FACE_BOUND('',#1953,.T.);
#1953=EDGE_LOOP('',(#1954,#1955,#1958,#1959));
#1954=ORIENTED_EDGE('',*,*,#1875,.F.);
#1955=ORIENTED_EDGE('',*,*,#1956,.F.);
#1956=EDGE_CURVE('',#1801,#1869,#1957,.T.);
#1957=LINE('',#1802,#27);
#1958=ORIENTED_EDGE('',*,*,#1800,.T.);
#1959=ORIENTED_EDGE('',*,*,#1945,.T.);
#1960=ADVANCED_FACE('',(#1961),#1969,.F.);
#1961=FACE_BOUND('',#1962,.T.);
#1962=EDGE_LOOP('',(#1963,#1964,#1965,#1966));
#1963=ORIENTED_EDGE('',*,*,#1805,.F.);
#1964=ORIENTED_EDGE('',*,*,#1956,.T.);
#1965=ORIENTED_EDGE('',*,*,#1868,.T.);
#1966=ORIENTED_EDGE('',*,*,#1967,.F.);
#1967=EDGE_CURVE('',#1806,#1863,#1968,.T.);
#1968=LINE('',#1807,#27);
#1969=CYLINDRICAL_SURFACE('',#1970,0.3);
#1970=AXIS2_PLACEMENT_3D('',#1810,#13,#14);
#1971=ADVANCED_FACE('',(#1972),#1980,.F.);
#1972=FACE_BOUND('',#1973,.T.);
#1973=EDGE_LOOP('',(#1974,#1975,#1976,#1977));
#1974=ORIENTED_EDGE('',*,*,#1812,.F.);
#1975=ORIENTED_EDGE('',*,*,#1967,.T.);
#1976=ORIENTED_EDGE('',*,*,#1862,.T.);
#1977=ORIENTED_EDGE('',*,*,#1978,.F.);
#1978=EDGE_CURVE('',#1813,#1856,#1979,.T.);
#1979=LINE('',#1814,#27);
#1980=PLANE('',#1981);
#1981=AXIS2_PLACEMENT_3D('',#1807,#35,#57);
#1982=ADVANCED_FACE('',(#1983),#1989,.F.);
#1983=FACE_BOUND('',#1984,.T.);
#1984=EDGE_LOOP('',(#1985,#1986,#1987,#1988));
#1985=ORIENTED_EDGE('',*,*,#1817,.F.);
#1986=ORIENTED_EDGE('',*,*,#1978,.T.);
#1987=ORIENTED_EDGE('',*,*,#1855,.T.);
#1988=ORIENTED_EDGE('',*,*,#1932,.F.);
#1989=CYLINDRICAL_SURFACE('',#1990,0.3);
#1990=AXIS2_PLACEMENT_3D('',#1822,#13,#14);
#1991=MANIFOLD_SOLID_BREP('',#1992);
#1992=CLOSED_SHELL('',(#1993,#2018,#2037,#2055,#2070,#2078));
#1993=ADVANCED_FACE('',(#1994),#2016,.T.);
#1994=FACE_BOUND('',#1995,.F.);
#1995=EDGE_LOOP('',(#1996,#2003,#2008,#2013));
#1996=ORIENTED_EDGE('',*,*,#1997,.T.);
#1997=EDGE_CURVE('',#1998,#2000,#2002,.T.);
#1998=VERTEX_POINT('',#1999);
#1999=CARTESIAN_POINT('',(3.425,3.305,0.12));
#2000=VERTEX_POINT('',#2001);
#2001=CARTESIAN_POINT('',(3.225,3.305,0.12));
#2002=LINE('',#1999,#34);
#2003=ORIENTED_EDGE('',*,*,#2004,.T.);
#2004=EDGE_CURVE('',#2000,#2005,#2007,.T.);
#2005=VERTEX_POINT('',#2006);
#2006=CARTESIAN_POINT('',(3.225,4.105,0.12));
#2007=LINE('',#2001,#95);
#2008=ORIENTED_EDGE('',*,*,#2009,.F.);
#2009=EDGE_CURVE('',#2010,#2005,#2012,.T.);
#2010=VERTEX_POINT('',#2011);
#2011=CARTESIAN_POINT('',(3.425,4.105,0.12));
#2012=LINE('',#2011,#34);
#2013=ORIENTED_EDGE('',*,*,#2014,.F.);
#2014=EDGE_CURVE('',#1998,#2010,#2015,.T.);
#2015=LINE('',#1999,#95);
#2016=PLANE('',#2017);
#2017=AXIS2_PLACEMENT_3D('',#1999,#13,#57);
#2018=ADVANCED_FACE('',(#2019),#2035,.T.);
#2019=FACE_BOUND('',#2020,.F.);
#2020=EDGE_LOOP('',(#2021,#2022,#2027,#2032));
#2021=ORIENTED_EDGE('',*,*,#2009,.T.);
#2022=ORIENTED_EDGE('',*,*,#2023,.T.);
#2023=EDGE_CURVE('',#2005,#2024,#2026,.T.);
#2024=VERTEX_POINT('',#2025);
#2025=CARTESIAN_POINT('',(3.225,4.105,0.));
#2026=LINE('',#2006,#27);
#2027=ORIENTED_EDGE('',*,*,#2028,.F.);
#2028=EDGE_CURVE('',#2029,#2024,#2031,.T.);
#2029=VERTEX_POINT('',#2030);
#2030=CARTESIAN_POINT('',(3.425,4.105,0.));
#2031=LINE('',#2030,#34);
#2032=ORIENTED_EDGE('',*,*,#2033,.F.);
#2033=EDGE_CURVE('',#2010,#2029,#2034,.T.);
#2034=LINE('',#2011,#27);
#2035=PLANE('',#2036);
#2036=AXIS2_PLACEMENT_3D('',#2011,#46,#13);
#2037=ADVANCED_FACE('',(#2038),#2053,.F.);
#2038=FACE_BOUND('',#2039,.T.);
#2039=EDGE_LOOP('',(#2040,#2047,#2027,#2050));
#2040=ORIENTED_EDGE('',*,*,#2041,.T.);
#2041=EDGE_CURVE('',#2042,#2044,#2046,.T.);
#2042=VERTEX_POINT('',#2043);
#2043=CARTESIAN_POINT('',(3.425,3.425,0.));
#2044=VERTEX_POINT('',#2045);
#2045=CARTESIAN_POINT('',(3.225,3.425,0.));
#2046=LINE('',#2043,#34);
#2047=ORIENTED_EDGE('',*,*,#2048,.T.);
#2048=EDGE_CURVE('',#2044,#2024,#2049,.T.);
#2049=LINE('',#2045,#95);
#2050=ORIENTED_EDGE('',*,*,#2051,.F.);
#2051=EDGE_CURVE('',#2042,#2029,#2052,.T.);
#2052=LINE('',#2043,#95);
#2053=PLANE('',#2054);
#2054=AXIS2_PLACEMENT_3D('',#2043,#13,#57);
#2055=ADVANCED_FACE('',(#2056),#2069,.T.);
#2056=FACE_BOUND('',#2057,.T.);
#2057=EDGE_LOOP('',(#1996,#2058,#2063,#2064));
#2058=ORIENTED_EDGE('',*,*,#2059,.T.);
#2059=EDGE_CURVE('',#2000,#2044,#2060,.T.);
#2060=CIRCLE('',#2061,0.12);
#2061=AXIS2_PLACEMENT_3D('',#2062,#14,#46);
#2062=CARTESIAN_POINT('',(3.225,3.425,0.12));
#2063=ORIENTED_EDGE('',*,*,#2041,.F.);
#2064=ORIENTED_EDGE('',*,*,#2065,.F.);
#2065=EDGE_CURVE('',#1998,#2042,#2066,.T.);
#2066=CIRCLE('',#2067,0.12);
#2067=AXIS2_PLACEMENT_3D('',#2068,#14,#46);
#2068=CARTESIAN_POINT('',(3.425,3.425,0.12));
#2069=CYLINDRICAL_SURFACE('',#2067,0.12);
#2070=ADVANCED_FACE('',(#2071),#2075,.F.);
#2071=FACE_BOUND('',#2072,.F.);
#2072=EDGE_LOOP('',(#2073,#2074,#2050,#2064));
#2073=ORIENTED_EDGE('',*,*,#2014,.T.);
#2074=ORIENTED_EDGE('',*,*,#2033,.T.);
#2075=PLANE('',#2076);
#2076=AXIS2_PLACEMENT_3D('',#2077,#35,#28);
#2077=CARTESIAN_POINT('',(3.425,3.717714614865,6.250323372777E-02));
#2078=ADVANCED_FACE('',(#2079),#2083,.T.);
#2079=FACE_BOUND('',#2080,.T.);
#2080=EDGE_LOOP('',(#2003,#2022,#2081,#2082));
#2081=ORIENTED_EDGE('',*,*,#2048,.F.);
#2082=ORIENTED_EDGE('',*,*,#2059,.F.);
#2083=PLANE('',#2084);
#2084=AXIS2_PLACEMENT_3D('',#2085,#35,#28);
#2085=CARTESIAN_POINT('',(3.225,3.717714614865,6.250323372777E-02));
#2086=MANIFOLD_SOLID_BREP('',#2087);
#2087=CLOSED_SHELL('',(#2088,#2113,#2132,#2150,#2165,#2173));
#2088=ADVANCED_FACE('',(#2089),#2111,.T.);
#2089=FACE_BOUND('',#2090,.F.);
#2090=EDGE_LOOP('',(#2091,#2098,#2103,#2108));
#2091=ORIENTED_EDGE('',*,*,#2092,.T.);
#2092=EDGE_CURVE('',#2093,#2095,#2097,.T.);
#2093=VERTEX_POINT('',#2094);
#2094=CARTESIAN_POINT('',(3.175,3.305,0.12));
#2095=VERTEX_POINT('',#2096);
#2096=CARTESIAN_POINT('',(2.975,3.305,0.12));
#2097=LINE('',#2094,#34);
#2098=ORIENTED_EDGE('',*,*,#2099,.T.);
#2099=EDGE_CURVE('',#2095,#2100,#2102,.T.);
#2100=VERTEX_POINT('',#2101);
#2101=CARTESIAN_POINT('',(2.975,4.105,0.12));
#2102=LINE('',#2096,#95);
#2103=ORIENTED_EDGE('',*,*,#2104,.F.);
#2104=EDGE_CURVE('',#2105,#2100,#2107,.T.);
#2105=VERTEX_POINT('',#2106);
#2106=CARTESIAN_POINT('',(3.175,4.105,0.12));
#2107=LINE('',#2106,#34);
#2108=ORIENTED_EDGE('',*,*,#2109,.F.);
#2109=EDGE_CURVE('',#2093,#2105,#2110,.T.);
#2110=LINE('',#2094,#95);
#2111=PLANE('',#2112);
#2112=AXIS2_PLACEMENT_3D('',#2094,#13,#57);
#2113=ADVANCED_FACE('',(#2114),#2130,.T.);
#2114=FACE_BOUND('',#2115,.F.);
#2115=EDGE_LOOP('',(#2116,#2117,#2122,#2127));
#2116=ORIENTED_EDGE('',*,*,#2104,.T.);
#2117=ORIENTED_EDGE('',*,*,#2118,.T.);
#2118=EDGE_CURVE('',#2100,#2119,#2121,.T.);
#2119=VERTEX_POINT('',#2120);
#2120=CARTESIAN_POINT('',(2.975,4.105,0.));
#2121=LINE('',#2101,#27);
#2122=ORIENTED_EDGE('',*,*,#2123,.F.);
#2123=EDGE_CURVE('',#2124,#2119,#2126,.T.);
#2124=VERTEX_POINT('',#2125);
#2125=CARTESIAN_POINT('',(3.175,4.105,0.));
#2126=LINE('',#2125,#34);
#2127=ORIENTED_EDGE('',*,*,#2128,.F.);
#2128=EDGE_CURVE('',#2105,#2124,#2129,.T.);
#2129=LINE('',#2106,#27);
#2130=PLANE('',#2131);
#2131=AXIS2_PLACEMENT_3D('',#2106,#46,#13);
#2132=ADVANCED_FACE('',(#2133),#2148,.F.);
#2133=FACE_BOUND('',#2134,.T.);
#2134=EDGE_LOOP('',(#2135,#2142,#2122,#2145));
#2135=ORIENTED_EDGE('',*,*,#2136,.T.);
#2136=EDGE_CURVE('',#2137,#2139,#2141,.T.);
#2137=VERTEX_POINT('',#2138);
#2138=CARTESIAN_POINT('',(3.175,3.425,0.));
#2139=VERTEX_POINT('',#2140);
#2140=CARTESIAN_POINT('',(2.975,3.425,0.));
#2141=LINE('',#2138,#34);
#2142=ORIENTED_EDGE('',*,*,#2143,.T.);
#2143=EDGE_CURVE('',#2139,#2119,#2144,.T.);
#2144=LINE('',#2140,#95);
#2145=ORIENTED_EDGE('',*,*,#2146,.F.);
#2146=EDGE_CURVE('',#2137,#2124,#2147,.T.);
#2147=LINE('',#2138,#95);
#2148=PLANE('',#2149);
#2149=AXIS2_PLACEMENT_3D('',#2138,#13,#57);
#2150=ADVANCED_FACE('',(#2151),#2164,.T.);
#2151=FACE_BOUND('',#2152,.T.);
#2152=EDGE_LOOP('',(#2091,#2153,#2158,#2159));
#2153=ORIENTED_EDGE('',*,*,#2154,.T.);
#2154=EDGE_CURVE('',#2095,#2139,#2155,.T.);
#2155=CIRCLE('',#2156,0.12);
#2156=AXIS2_PLACEMENT_3D('',#2157,#14,#46);
#2157=CARTESIAN_POINT('',(2.975,3.425,0.12));
#2158=ORIENTED_EDGE('',*,*,#2136,.F.);
#2159=ORIENTED_EDGE('',*,*,#2160,.F.);
#2160=EDGE_CURVE('',#2093,#2137,#2161,.T.);
#2161=CIRCLE('',#2162,0.12);
#2162=AXIS2_PLACEMENT_3D('',#2163,#14,#46);
#2163=CARTESIAN_POINT('',(3.175,3.425,0.12));
#2164=CYLINDRICAL_SURFACE('',#2162,0.12);
#2165=ADVANCED_FACE('',(#2166),#2170,.F.);
#2166=FACE_BOUND('',#2167,.F.);
#2167=EDGE_LOOP('',(#2168,#2169,#2145,#2159));
#2168=ORIENTED_EDGE('',*,*,#2109,.T.);
#2169=ORIENTED_EDGE('',*,*,#2128,.T.);
#2170=PLANE('',#2171);
#2171=AXIS2_PLACEMENT_3D('',#2172,#35,#28);
#2172=CARTESIAN_POINT('',(3.175,3.717714614865,6.250323372777E-02));
#2173=ADVANCED_FACE('',(#2174),#2178,.T.);
#2174=FACE_BOUND('',#2175,.T.);
#2175=EDGE_LOOP('',(#2098,#2117,#2176,#2177));
#2176=ORIENTED_EDGE('',*,*,#2143,.F.);
#2177=ORIENTED_EDGE('',*,*,#2154,.F.);
#2178=PLANE('',#2179);
#2179=AXIS2_PLACEMENT_3D('',#2180,#35,#28);
#2180=CARTESIAN_POINT('',(2.975,3.717714614865,6.250323372777E-02));
#2181=MANIFOLD_SOLID_BREP('',#2182);
#2182=CLOSED_SHELL('',(#2183,#2208,#2227,#2245,#2260,#2268));
#2183=ADVANCED_FACE('',(#2184),#2206,.T.);
#2184=FACE_BOUND('',#2185,.F.);
#2185=EDGE_LOOP('',(#2186,#2193,#2198,#2203));
#2186=ORIENTED_EDGE('',*,*,#2187,.T.);
#2187=EDGE_CURVE('',#2188,#2190,#2192,.T.);
#2188=VERTEX_POINT('',#2189);
#2189=CARTESIAN_POINT('',(2.625,3.305,0.12));
#2190=VERTEX_POINT('',#2191);
#2191=CARTESIAN_POINT('',(2.425,3.305,0.12));
#2192=LINE('',#2189,#34);
#2193=ORIENTED_EDGE('',*,*,#2194,.T.);
#2194=EDGE_CURVE('',#2190,#2195,#2197,.T.);
#2195=VERTEX_POINT('',#2196);
#2196=CARTESIAN_POINT('',(2.425,4.105,0.12));
#2197=LINE('',#2191,#95);
#2198=ORIENTED_EDGE('',*,*,#2199,.F.);
#2199=EDGE_CURVE('',#2200,#2195,#2202,.T.);
#2200=VERTEX_POINT('',#2201);
#2201=CARTESIAN_POINT('',(2.625,4.105,0.12));
#2202=LINE('',#2201,#34);
#2203=ORIENTED_EDGE('',*,*,#2204,.F.);
#2204=EDGE_CURVE('',#2188,#2200,#2205,.T.);
#2205=LINE('',#2189,#95);
#2206=PLANE('',#2207);
#2207=AXIS2_PLACEMENT_3D('',#2189,#13,#57);
#2208=ADVANCED_FACE('',(#2209),#2225,.T.);
#2209=FACE_BOUND('',#2210,.F.);
#2210=EDGE_LOOP('',(#2211,#2212,#2217,#2222));
#2211=ORIENTED_EDGE('',*,*,#2199,.T.);
#2212=ORIENTED_EDGE('',*,*,#2213,.T.);
#2213=EDGE_CURVE('',#2195,#2214,#2216,.T.);
#2214=VERTEX_POINT('',#2215);
#2215=CARTESIAN_POINT('',(2.425,4.105,0.));
#2216=LINE('',#2196,#27);
#2217=ORIENTED_EDGE('',*,*,#2218,.F.);
#2218=EDGE_CURVE('',#2219,#2214,#2221,.T.);
#2219=VERTEX_POINT('',#2220);
#2220=CARTESIAN_POINT('',(2.625,4.105,0.));
#2221=LINE('',#2220,#34);
#2222=ORIENTED_EDGE('',*,*,#2223,.F.);
#2223=EDGE_CURVE('',#2200,#2219,#2224,.T.);
#2224=LINE('',#2201,#27);
#2225=PLANE('',#2226);
#2226=AXIS2_PLACEMENT_3D('',#2201,#46,#13);
#2227=ADVANCED_FACE('',(#2228),#2243,.F.);
#2228=FACE_BOUND('',#2229,.T.);
#2229=EDGE_LOOP('',(#2230,#2237,#2217,#2240));
#2230=ORIENTED_EDGE('',*,*,#2231,.T.);
#2231=EDGE_CURVE('',#2232,#2234,#2236,.T.);
#2232=VERTEX_POINT('',#2233);
#2233=CARTESIAN_POINT('',(2.625,3.425,0.));
#2234=VERTEX_POINT('',#2235);
#2235=CARTESIAN_POINT('',(2.425,3.425,0.));
#2236=LINE('',#2233,#34);
#2237=ORIENTED_EDGE('',*,*,#2238,.T.);
#2238=EDGE_CURVE('',#2234,#2214,#2239,.T.);
#2239=LINE('',#2235,#95);
#2240=ORIENTED_EDGE('',*,*,#2241,.F.);
#2241=EDGE_CURVE('',#2232,#2219,#2242,.T.);
#2242=LINE('',#2233,#95);
#2243=PLANE('',#2244);
#2244=AXIS2_PLACEMENT_3D('',#2233,#13,#57);
#2245=ADVANCED_FACE('',(#2246),#2259,.T.);
#2246=FACE_BOUND('',#2247,.T.);
#2247=EDGE_LOOP('',(#2186,#2248,#2253,#2254));
#2248=ORIENTED_EDGE('',*,*,#2249,.T.);
#2249=EDGE_CURVE('',#2190,#2234,#2250,.T.);
#2250=CIRCLE('',#2251,0.12);
#2251=AXIS2_PLACEMENT_3D('',#2252,#14,#46);
#2252=CARTESIAN_POINT('',(2.425,3.425,0.12));
#2253=ORIENTED_EDGE('',*,*,#2231,.F.);
#2254=ORIENTED_EDGE('',*,*,#2255,.F.);
#2255=EDGE_CURVE('',#2188,#2232,#2256,.T.);
#2256=CIRCLE('',#2257,0.12);
#2257=AXIS2_PLACEMENT_3D('',#2258,#14,#46);
#2258=CARTESIAN_POINT('',(2.625,3.425,0.12));
#2259=CYLINDRICAL_SURFACE('',#2257,0.12);
#2260=ADVANCED_FACE('',(#2261),#2265,.F.);
#2261=FACE_BOUND('',#2262,.F.);
#2262=EDGE_LOOP('',(#2263,#2264,#2240,#2254));
#2263=ORIENTED_EDGE('',*,*,#2204,.T.);
#2264=ORIENTED_EDGE('',*,*,#2223,.T.);
#2265=PLANE('',#2266);
#2266=AXIS2_PLACEMENT_3D('',#2267,#35,#28);
#2267=CARTESIAN_POINT('',(2.625,3.717714614865,6.250323372777E-02));
#2268=ADVANCED_FACE('',(#2269),#2273,.T.);
#2269=FACE_BOUND('',#2270,.T.);
#2270=EDGE_LOOP('',(#2193,#2212,#2271,#2272));
#2271=ORIENTED_EDGE('',*,*,#2238,.F.);
#2272=ORIENTED_EDGE('',*,*,#2249,.F.);
#2273=PLANE('',#2274);
#2274=AXIS2_PLACEMENT_3D('',#2275,#35,#28);
#2275=CARTESIAN_POINT('',(2.425,3.717714614865,6.250323372777E-02));
#2276=MANIFOLD_SOLID_BREP('',#2277);
#2277=CLOSED_SHELL('',(#2278,#2303,#2322,#2340,#2355,#2363));
#2278=ADVANCED_FACE('',(#2279),#2301,.T.);
#2279=FACE_BOUND('',#2280,.F.);
#2280=EDGE_LOOP('',(#2281,#2288,#2293,#2298));
#2281=ORIENTED_EDGE('',*,*,#2282,.T.);
#2282=EDGE_CURVE('',#2283,#2285,#2287,.T.);
#2283=VERTEX_POINT('',#2284);
#2284=CARTESIAN_POINT('',(2.375,3.305,0.12));
#2285=VERTEX_POINT('',#2286);
#2286=CARTESIAN_POINT('',(2.175,3.305,0.12));
#2287=LINE('',#2284,#34);
#2288=ORIENTED_EDGE('',*,*,#2289,.T.);
#2289=EDGE_CURVE('',#2285,#2290,#2292,.T.);
#2290=VERTEX_POINT('',#2291);
#2291=CARTESIAN_POINT('',(2.175,4.105,0.12));
#2292=LINE('',#2286,#95);
#2293=ORIENTED_EDGE('',*,*,#2294,.F.);
#2294=EDGE_CURVE('',#2295,#2290,#2297,.T.);
#2295=VERTEX_POINT('',#2296);
#2296=CARTESIAN_POINT('',(2.375,4.105,0.12));
#2297=LINE('',#2296,#34);
#2298=ORIENTED_EDGE('',*,*,#2299,.F.);
#2299=EDGE_CURVE('',#2283,#2295,#2300,.T.);
#2300=LINE('',#2284,#95);
#2301=PLANE('',#2302);
#2302=AXIS2_PLACEMENT_3D('',#2284,#13,#57);
#2303=ADVANCED_FACE('',(#2304),#2320,.T.);
#2304=FACE_BOUND('',#2305,.F.);
#2305=EDGE_LOOP('',(#2306,#2307,#2312,#2317));
#2306=ORIENTED_EDGE('',*,*,#2294,.T.);
#2307=ORIENTED_EDGE('',*,*,#2308,.T.);
#2308=EDGE_CURVE('',#2290,#2309,#2311,.T.);
#2309=VERTEX_POINT('',#2310);
#2310=CARTESIAN_POINT('',(2.175,4.105,0.));
#2311=LINE('',#2291,#27);
#2312=ORIENTED_EDGE('',*,*,#2313,.F.);
#2313=EDGE_CURVE('',#2314,#2309,#2316,.T.);
#2314=VERTEX_POINT('',#2315);
#2315=CARTESIAN_POINT('',(2.375,4.105,0.));
#2316=LINE('',#2315,#34);
#2317=ORIENTED_EDGE('',*,*,#2318,.F.);
#2318=EDGE_CURVE('',#2295,#2314,#2319,.T.);
#2319=LINE('',#2296,#27);
#2320=PLANE('',#2321);
#2321=AXIS2_PLACEMENT_3D('',#2296,#46,#13);
#2322=ADVANCED_FACE('',(#2323),#2338,.F.);
#2323=FACE_BOUND('',#2324,.T.);
#2324=EDGE_LOOP('',(#2325,#2332,#2312,#2335));
#2325=ORIENTED_EDGE('',*,*,#2326,.T.);
#2326=EDGE_CURVE('',#2327,#2329,#2331,.T.);
#2327=VERTEX_POINT('',#2328);
#2328=CARTESIAN_POINT('',(2.375,3.425,0.));
#2329=VERTEX_POINT('',#2330);
#2330=CARTESIAN_POINT('',(2.175,3.425,0.));
#2331=LINE('',#2328,#34);
#2332=ORIENTED_EDGE('',*,*,#2333,.T.);
#2333=EDGE_CURVE('',#2329,#2309,#2334,.T.);
#2334=LINE('',#2330,#95);
#2335=ORIENTED_EDGE('',*,*,#2336,.F.);
#2336=EDGE_CURVE('',#2327,#2314,#2337,.T.);
#2337=LINE('',#2328,#95);
#2338=PLANE('',#2339);
#2339=AXIS2_PLACEMENT_3D('',#2328,#13,#57);
#2340=ADVANCED_FACE('',(#2341),#2354,.T.);
#2341=FACE_BOUND('',#2342,.T.);
#2342=EDGE_LOOP('',(#2281,#2343,#2348,#2349));
#2343=ORIENTED_EDGE('',*,*,#2344,.T.);
#2344=EDGE_CURVE('',#2285,#2329,#2345,.T.);
#2345=CIRCLE('',#2346,0.12);
#2346=AXIS2_PLACEMENT_3D('',#2347,#14,#46);
#2347=CARTESIAN_POINT('',(2.175,3.425,0.12));
#2348=ORIENTED_EDGE('',*,*,#2326,.F.);
#2349=ORIENTED_EDGE('',*,*,#2350,.F.);
#2350=EDGE_CURVE('',#2283,#2327,#2351,.T.);
#2351=CIRCLE('',#2352,0.12);
#2352=AXIS2_PLACEMENT_3D('',#2353,#14,#46);
#2353=CARTESIAN_POINT('',(2.375,3.425,0.12));
#2354=CYLINDRICAL_SURFACE('',#2352,0.12);
#2355=ADVANCED_FACE('',(#2356),#2360,.F.);
#2356=FACE_BOUND('',#2357,.F.);
#2357=EDGE_LOOP('',(#2358,#2359,#2335,#2349));
#2358=ORIENTED_EDGE('',*,*,#2299,.T.);
#2359=ORIENTED_EDGE('',*,*,#2318,.T.);
#2360=PLANE('',#2361);
#2361=AXIS2_PLACEMENT_3D('',#2362,#35,#28);
#2362=CARTESIAN_POINT('',(2.375,3.717714614865,6.250323372777E-02));
#2363=ADVANCED_FACE('',(#2364),#2368,.T.);
#2364=FACE_BOUND('',#2365,.T.);
#2365=EDGE_LOOP('',(#2288,#2307,#2366,#2367));
#2366=ORIENTED_EDGE('',*,*,#2333,.F.);
#2367=ORIENTED_EDGE('',*,*,#2344,.F.);
#2368=PLANE('',#2369);
#2369=AXIS2_PLACEMENT_3D('',#2370,#35,#28);
#2370=CARTESIAN_POINT('',(2.175,3.717714614865,6.250323372777E-02));
#2371=MANIFOLD_SOLID_BREP('',#2372);
#2372=CLOSED_SHELL('',(#2373,#2398,#2417,#2435,#2450,#2458));
#2373=ADVANCED_FACE('',(#2374),#2396,.T.);
#2374=FACE_BOUND('',#2375,.F.);
#2375=EDGE_LOOP('',(#2376,#2383,#2388,#2393));
#2376=ORIENTED_EDGE('',*,*,#2377,.T.);
#2377=EDGE_CURVE('',#2378,#2380,#2382,.T.);
#2378=VERTEX_POINT('',#2379);
#2379=CARTESIAN_POINT('',(1.85,3.305,0.12));
#2380=VERTEX_POINT('',#2381);
#2381=CARTESIAN_POINT('',(1.65,3.305,0.12));
#2382=LINE('',#2379,#34);
#2383=ORIENTED_EDGE('',*,*,#2384,.T.);
#2384=EDGE_CURVE('',#2380,#2385,#2387,.T.);
#2385=VERTEX_POINT('',#2386);
#2386=CARTESIAN_POINT('',(1.65,4.105,0.12));
#2387=LINE('',#2381,#95);
#2388=ORIENTED_EDGE('',*,*,#2389,.F.);
#2389=EDGE_CURVE('',#2390,#2385,#2392,.T.);
#2390=VERTEX_POINT('',#2391);
#2391=CARTESIAN_POINT('',(1.85,4.105,0.12));
#2392=LINE('',#2391,#34);
#2393=ORIENTED_EDGE('',*,*,#2394,.F.);
#2394=EDGE_CURVE('',#2378,#2390,#2395,.T.);
#2395=LINE('',#2379,#95);
#2396=PLANE('',#2397);
#2397=AXIS2_PLACEMENT_3D('',#2379,#13,#57);
#2398=ADVANCED_FACE('',(#2399),#2415,.T.);
#2399=FACE_BOUND('',#2400,.F.);
#2400=EDGE_LOOP('',(#2401,#2402,#2407,#2412));
#2401=ORIENTED_EDGE('',*,*,#2389,.T.);
#2402=ORIENTED_EDGE('',*,*,#2403,.T.);
#2403=EDGE_CURVE('',#2385,#2404,#2406,.T.);
#2404=VERTEX_POINT('',#2405);
#2405=CARTESIAN_POINT('',(1.65,4.105,0.));
#2406=LINE('',#2386,#27);
#2407=ORIENTED_EDGE('',*,*,#2408,.F.);
#2408=EDGE_CURVE('',#2409,#2404,#2411,.T.);
#2409=VERTEX_POINT('',#2410);
#2410=CARTESIAN_POINT('',(1.85,4.105,0.));
#2411=LINE('',#2410,#34);
#2412=ORIENTED_EDGE('',*,*,#2413,.F.);
#2413=EDGE_CURVE('',#2390,#2409,#2414,.T.);
#2414=LINE('',#2391,#27);
#2415=PLANE('',#2416);
#2416=AXIS2_PLACEMENT_3D('',#2391,#46,#13);
#2417=ADVANCED_FACE('',(#2418),#2433,.F.);
#2418=FACE_BOUND('',#2419,.T.);
#2419=EDGE_LOOP('',(#2420,#2427,#2407,#2430));
#2420=ORIENTED_EDGE('',*,*,#2421,.T.);
#2421=EDGE_CURVE('',#2422,#2424,#2426,.T.);
#2422=VERTEX_POINT('',#2423);
#2423=CARTESIAN_POINT('',(1.85,3.425,0.));
#2424=VERTEX_POINT('',#2425);
#2425=CARTESIAN_POINT('',(1.65,3.425,0.));
#2426=LINE('',#2423,#34);
#2427=ORIENTED_EDGE('',*,*,#2428,.T.);
#2428=EDGE_CURVE('',#2424,#2404,#2429,.T.);
#2429=LINE('',#2425,#95);
#2430=ORIENTED_EDGE('',*,*,#2431,.F.);
#2431=EDGE_CURVE('',#2422,#2409,#2432,.T.);
#2432=LINE('',#2423,#95);
#2433=PLANE('',#2434);
#2434=AXIS2_PLACEMENT_3D('',#2423,#13,#57);
#2435=ADVANCED_FACE('',(#2436),#2449,.T.);
#2436=FACE_BOUND('',#2437,.T.);
#2437=EDGE_LOOP('',(#2376,#2438,#2443,#2444));
#2438=ORIENTED_EDGE('',*,*,#2439,.T.);
#2439=EDGE_CURVE('',#2380,#2424,#2440,.T.);
#2440=CIRCLE('',#2441,0.12);
#2441=AXIS2_PLACEMENT_3D('',#2442,#14,#46);
#2442=CARTESIAN_POINT('',(1.65,3.425,0.12));
#2443=ORIENTED_EDGE('',*,*,#2421,.F.);
#2444=ORIENTED_EDGE('',*,*,#2445,.F.);
#2445=EDGE_CURVE('',#2378,#2422,#2446,.T.);
#2446=CIRCLE('',#2447,0.12);
#2447=AXIS2_PLACEMENT_3D('',#2448,#14,#46);
#2448=CARTESIAN_POINT('',(1.85,3.425,0.12));
#2449=CYLINDRICAL_SURFACE('',#2447,0.12);
#2450=ADVANCED_FACE('',(#2451),#2455,.F.);
#2451=FACE_BOUND('',#2452,.F.);
#2452=EDGE_LOOP('',(#2453,#2454,#2430,#2444));
#2453=ORIENTED_EDGE('',*,*,#2394,.T.);
#2454=ORIENTED_EDGE('',*,*,#2413,.T.);
#2455=PLANE('',#2456);
#2456=AXIS2_PLACEMENT_3D('',#2457,#35,#28);
#2457=CARTESIAN_POINT('',(1.85,3.717714614865,6.250323372777E-02));
#2458=ADVANCED_FACE('',(#2459),#2463,.T.);
#2459=FACE_BOUND('',#2460,.T.);
#2460=EDGE_LOOP('',(#2383,#2402,#2461,#2462));
#2461=ORIENTED_EDGE('',*,*,#2428,.F.);
#2462=ORIENTED_EDGE('',*,*,#2439,.F.);
#2463=PLANE('',#2464);
#2464=AXIS2_PLACEMENT_3D('',#2465,#35,#28);
#2465=CARTESIAN_POINT('',(1.65,3.717714614865,6.250323372777E-02));
#2466=MANIFOLD_SOLID_BREP('',#2467);
#2467=CLOSED_SHELL('',(#2468,#2493,#2512,#2530,#2545,#2553));
#2468=ADVANCED_FACE('',(#2469),#2491,.T.);
#2469=FACE_BOUND('',#2470,.F.);
#2470=EDGE_LOOP('',(#2471,#2478,#2483,#2488));
#2471=ORIENTED_EDGE('',*,*,#2472,.T.);
#2472=EDGE_CURVE('',#2473,#2475,#2477,.T.);
#2473=VERTEX_POINT('',#2474);
#2474=CARTESIAN_POINT('',(1.35,3.305,0.12));
#2475=VERTEX_POINT('',#2476);
#2476=CARTESIAN_POINT('',(1.15,3.305,0.12));
#2477=LINE('',#2474,#34);
#2478=ORIENTED_EDGE('',*,*,#2479,.T.);
#2479=EDGE_CURVE('',#2475,#2480,#2482,.T.);
#2480=VERTEX_POINT('',#2481);
#2481=CARTESIAN_POINT('',(1.15,4.105,0.12));
#2482=LINE('',#2476,#95);
#2483=ORIENTED_EDGE('',*,*,#2484,.F.);
#2484=EDGE_CURVE('',#2485,#2480,#2487,.T.);
#2485=VERTEX_POINT('',#2486);
#2486=CARTESIAN_POINT('',(1.35,4.105,0.12));
#2487=LINE('',#2486,#34);
#2488=ORIENTED_EDGE('',*,*,#2489,.F.);
#2489=EDGE_CURVE('',#2473,#2485,#2490,.T.);
#2490=LINE('',#2474,#95);
#2491=PLANE('',#2492);
#2492=AXIS2_PLACEMENT_3D('',#2474,#13,#57);
#2493=ADVANCED_FACE('',(#2494),#2510,.T.);
#2494=FACE_BOUND('',#2495,.F.);
#2495=EDGE_LOOP('',(#2496,#2497,#2502,#2507));
#2496=ORIENTED_EDGE('',*,*,#2484,.T.);
#2497=ORIENTED_EDGE('',*,*,#2498,.T.);
#2498=EDGE_CURVE('',#2480,#2499,#2501,.T.);
#2499=VERTEX_POINT('',#2500);
#2500=CARTESIAN_POINT('',(1.15,4.105,0.));
#2501=LINE('',#2481,#27);
#2502=ORIENTED_EDGE('',*,*,#2503,.F.);
#2503=EDGE_CURVE('',#2504,#2499,#2506,.T.);
#2504=VERTEX_POINT('',#2505);
#2505=CARTESIAN_POINT('',(1.35,4.105,0.));
#2506=LINE('',#2505,#34);
#2507=ORIENTED_EDGE('',*,*,#2508,.F.);
#2508=EDGE_CURVE('',#2485,#2504,#2509,.T.);
#2509=LINE('',#2486,#27);
#2510=PLANE('',#2511);
#2511=AXIS2_PLACEMENT_3D('',#2486,#46,#13);
#2512=ADVANCED_FACE('',(#2513),#2528,.F.);
#2513=FACE_BOUND('',#2514,.T.);
#2514=EDGE_LOOP('',(#2515,#2522,#2502,#2525));
#2515=ORIENTED_EDGE('',*,*,#2516,.T.);
#2516=EDGE_CURVE('',#2517,#2519,#2521,.T.);
#2517=VERTEX_POINT('',#2518);
#2518=CARTESIAN_POINT('',(1.35,3.425,0.));
#2519=VERTEX_POINT('',#2520);
#2520=CARTESIAN_POINT('',(1.15,3.425,0.));
#2521=LINE('',#2518,#34);
#2522=ORIENTED_EDGE('',*,*,#2523,.T.);
#2523=EDGE_CURVE('',#2519,#2499,#2524,.T.);
#2524=LINE('',#2520,#95);
#2525=ORIENTED_EDGE('',*,*,#2526,.F.);
#2526=EDGE_CURVE('',#2517,#2504,#2527,.T.);
#2527=LINE('',#2518,#95);
#2528=PLANE('',#2529);
#2529=AXIS2_PLACEMENT_3D('',#2518,#13,#57);
#2530=ADVANCED_FACE('',(#2531),#2544,.T.);
#2531=FACE_BOUND('',#2532,.T.);
#2532=EDGE_LOOP('',(#2471,#2533,#2538,#2539));
#2533=ORIENTED_EDGE('',*,*,#2534,.T.);
#2534=EDGE_CURVE('',#2475,#2519,#2535,.T.);
#2535=CIRCLE('',#2536,0.12);
#2536=AXIS2_PLACEMENT_3D('',#2537,#14,#46);
#2537=CARTESIAN_POINT('',(1.15,3.425,0.12));
#2538=ORIENTED_EDGE('',*,*,#2516,.F.);
#2539=ORIENTED_EDGE('',*,*,#2540,.F.);
#2540=EDGE_CURVE('',#2473,#2517,#2541,.T.);
#2541=CIRCLE('',#2542,0.12);
#2542=AXIS2_PLACEMENT_3D('',#2543,#14,#46);
#2543=CARTESIAN_POINT('',(1.35,3.425,0.12));
#2544=CYLINDRICAL_SURFACE('',#2542,0.12);
#2545=ADVANCED_FACE('',(#2546),#2550,.F.);
#2546=FACE_BOUND('',#2547,.F.);
#2547=EDGE_LOOP('',(#2548,#2549,#2525,#2539));
#2548=ORIENTED_EDGE('',*,*,#2489,.T.);
#2549=ORIENTED_EDGE('',*,*,#2508,.T.);
#2550=PLANE('',#2551);
#2551=AXIS2_PLACEMENT_3D('',#2552,#35,#28);
#2552=CARTESIAN_POINT('',(1.35,3.717714614865,6.250323372777E-02));
#2553=ADVANCED_FACE('',(#2554),#2558,.T.);
#2554=FACE_BOUND('',#2555,.T.);
#2555=EDGE_LOOP('',(#2478,#2497,#2556,#2557));
#2556=ORIENTED_EDGE('',*,*,#2523,.F.);
#2557=ORIENTED_EDGE('',*,*,#2534,.F.);
#2558=PLANE('',#2559);
#2559=AXIS2_PLACEMENT_3D('',#2560,#35,#28);
#2560=CARTESIAN_POINT('',(1.15,3.717714614865,6.250323372777E-02));
#2561=MANIFOLD_SOLID_BREP('',#2562);
#2562=CLOSED_SHELL('',(#2563,#2588,#2607,#2625,#2640,#2648));
#2563=ADVANCED_FACE('',(#2564),#2586,.T.);
#2564=FACE_BOUND('',#2565,.F.);
#2565=EDGE_LOOP('',(#2566,#2573,#2578,#2583));
#2566=ORIENTED_EDGE('',*,*,#2567,.T.);
#2567=EDGE_CURVE('',#2568,#2570,#2572,.T.);
#2568=VERTEX_POINT('',#2569);
#2569=CARTESIAN_POINT('',(0.85,3.305,0.12));
#2570=VERTEX_POINT('',#2571);
#2571=CARTESIAN_POINT('',(0.65,3.305,0.12));
#2572=LINE('',#2569,#34);
#2573=ORIENTED_EDGE('',*,*,#2574,.T.);
#2574=EDGE_CURVE('',#2570,#2575,#2577,.T.);
#2575=VERTEX_POINT('',#2576);
#2576=CARTESIAN_POINT('',(0.65,4.105,0.12));
#2577=LINE('',#2571,#95);
#2578=ORIENTED_EDGE('',*,*,#2579,.F.);
#2579=EDGE_CURVE('',#2580,#2575,#2582,.T.);
#2580=VERTEX_POINT('',#2581);
#2581=CARTESIAN_POINT('',(0.85,4.105,0.12));
#2582=LINE('',#2581,#34);
#2583=ORIENTED_EDGE('',*,*,#2584,.F.);
#2584=EDGE_CURVE('',#2568,#2580,#2585,.T.);
#2585=LINE('',#2569,#95);
#2586=PLANE('',#2587);
#2587=AXIS2_PLACEMENT_3D('',#2569,#13,#57);
#2588=ADVANCED_FACE('',(#2589),#2605,.T.);
#2589=FACE_BOUND('',#2590,.F.);
#2590=EDGE_LOOP('',(#2591,#2592,#2597,#2602));
#2591=ORIENTED_EDGE('',*,*,#2579,.T.);
#2592=ORIENTED_EDGE('',*,*,#2593,.T.);
#2593=EDGE_CURVE('',#2575,#2594,#2596,.T.);
#2594=VERTEX_POINT('',#2595);
#2595=CARTESIAN_POINT('',(0.65,4.105,0.));
#2596=LINE('',#2576,#27);
#2597=ORIENTED_EDGE('',*,*,#2598,.F.);
#2598=EDGE_CURVE('',#2599,#2594,#2601,.T.);
#2599=VERTEX_POINT('',#2600);
#2600=CARTESIAN_POINT('',(0.85,4.105,0.));
#2601=LINE('',#2600,#34);
#2602=ORIENTED_EDGE('',*,*,#2603,.F.);
#2603=EDGE_CURVE('',#2580,#2599,#2604,.T.);
#2604=LINE('',#2581,#27);
#2605=PLANE('',#2606);
#2606=AXIS2_PLACEMENT_3D('',#2581,#46,#13);
#2607=ADVANCED_FACE('',(#2608),#2623,.F.);
#2608=FACE_BOUND('',#2609,.T.);
#2609=EDGE_LOOP('',(#2610,#2617,#2597,#2620));
#2610=ORIENTED_EDGE('',*,*,#2611,.T.);
#2611=EDGE_CURVE('',#2612,#2614,#2616,.T.);
#2612=VERTEX_POINT('',#2613);
#2613=CARTESIAN_POINT('',(0.85,3.425,0.));
#2614=VERTEX_POINT('',#2615);
#2615=CARTESIAN_POINT('',(0.65,3.425,0.));
#2616=LINE('',#2613,#34);
#2617=ORIENTED_EDGE('',*,*,#2618,.T.);
#2618=EDGE_CURVE('',#2614,#2594,#2619,.T.);
#2619=LINE('',#2615,#95);
#2620=ORIENTED_EDGE('',*,*,#2621,.F.);
#2621=EDGE_CURVE('',#2612,#2599,#2622,.T.);
#2622=LINE('',#2613,#95);
#2623=PLANE('',#2624);
#2624=AXIS2_PLACEMENT_3D('',#2613,#13,#57);
#2625=ADVANCED_FACE('',(#2626),#2639,.T.);
#2626=FACE_BOUND('',#2627,.T.);
#2627=EDGE_LOOP('',(#2566,#2628,#2633,#2634));
#2628=ORIENTED_EDGE('',*,*,#2629,.T.);
#2629=EDGE_CURVE('',#2570,#2614,#2630,.T.);
#2630=CIRCLE('',#2631,0.12);
#2631=AXIS2_PLACEMENT_3D('',#2632,#14,#46);
#2632=CARTESIAN_POINT('',(0.65,3.425,0.12));
#2633=ORIENTED_EDGE('',*,*,#2611,.F.);
#2634=ORIENTED_EDGE('',*,*,#2635,.F.);
#2635=EDGE_CURVE('',#2568,#2612,#2636,.T.);
#2636=CIRCLE('',#2637,0.12);
#2637=AXIS2_PLACEMENT_3D('',#2638,#14,#46);
#2638=CARTESIAN_POINT('',(0.85,3.425,0.12));
#2639=CYLINDRICAL_SURFACE('',#2637,0.12);
#2640=ADVANCED_FACE('',(#2641),#2645,.F.);
#2641=FACE_BOUND('',#2642,.F.);
#2642=EDGE_LOOP('',(#2643,#2644,#2620,#2634));
#2643=ORIENTED_EDGE('',*,*,#2584,.T.);
#2644=ORIENTED_EDGE('',*,*,#2603,.T.);
#2645=PLANE('',#2646);
#2646=AXIS2_PLACEMENT_3D('',#2647,#35,#28);
#2647=CARTESIAN_POINT('',(0.85,3.717714614865,6.250323372777E-02));
#2648=ADVANCED_FACE('',(#2649),#2653,.T.);
#2649=FACE_BOUND('',#2650,.T.);
#2650=EDGE_LOOP('',(#2573,#2592,#2651,#2652));
#2651=ORIENTED_EDGE('',*,*,#2618,.F.);
#2652=ORIENTED_EDGE('',*,*,#2629,.F.);
#2653=PLANE('',#2654);
#2654=AXIS2_PLACEMENT_3D('',#2655,#35,#28);
#2655=CARTESIAN_POINT('',(0.65,3.717714614865,6.250323372777E-02));
#2656=MANIFOLD_SOLID_BREP('',#2657);
#2657=CLOSED_SHELL('',(#2658,#2683,#2702,#2720,#2735,#2743));
#2658=ADVANCED_FACE('',(#2659),#2681,.T.);
#2659=FACE_BOUND('',#2660,.F.);
#2660=EDGE_LOOP('',(#2661,#2668,#2673,#2678));
#2661=ORIENTED_EDGE('',*,*,#2662,.T.);
#2662=EDGE_CURVE('',#2663,#2665,#2667,.T.);
#2663=VERTEX_POINT('',#2664);
#2664=CARTESIAN_POINT('',(0.35,3.305,0.12));
#2665=VERTEX_POINT('',#2666);
#2666=CARTESIAN_POINT('',(0.15,3.305,0.12));
#2667=LINE('',#2664,#34);
#2668=ORIENTED_EDGE('',*,*,#2669,.T.);
#2669=EDGE_CURVE('',#2665,#2670,#2672,.T.);
#2670=VERTEX_POINT('',#2671);
#2671=CARTESIAN_POINT('',(0.15,4.105,0.12));
#2672=LINE('',#2666,#95);
#2673=ORIENTED_EDGE('',*,*,#2674,.F.);
#2674=EDGE_CURVE('',#2675,#2670,#2677,.T.);
#2675=VERTEX_POINT('',#2676);
#2676=CARTESIAN_POINT('',(0.35,4.105,0.12));
#2677=LINE('',#2676,#34);
#2678=ORIENTED_EDGE('',*,*,#2679,.F.);
#2679=EDGE_CURVE('',#2663,#2675,#2680,.T.);
#2680=LINE('',#2664,#95);
#2681=PLANE('',#2682);
#2682=AXIS2_PLACEMENT_3D('',#2664,#13,#57);
#2683=ADVANCED_FACE('',(#2684),#2700,.T.);
#2684=FACE_BOUND('',#2685,.F.);
#2685=EDGE_LOOP('',(#2686,#2687,#2692,#2697));
#2686=ORIENTED_EDGE('',*,*,#2674,.T.);
#2687=ORIENTED_EDGE('',*,*,#2688,.T.);
#2688=EDGE_CURVE('',#2670,#2689,#2691,.T.);
#2689=VERTEX_POINT('',#2690);
#2690=CARTESIAN_POINT('',(0.15,4.105,0.));
#2691=LINE('',#2671,#27);
#2692=ORIENTED_EDGE('',*,*,#2693,.F.);
#2693=EDGE_CURVE('',#2694,#2689,#2696,.T.);
#2694=VERTEX_POINT('',#2695);
#2695=CARTESIAN_POINT('',(0.35,4.105,0.));
#2696=LINE('',#2695,#34);
#2697=ORIENTED_EDGE('',*,*,#2698,.F.);
#2698=EDGE_CURVE('',#2675,#2694,#2699,.T.);
#2699=LINE('',#2676,#27);
#2700=PLANE('',#2701);
#2701=AXIS2_PLACEMENT_3D('',#2676,#46,#13);
#2702=ADVANCED_FACE('',(#2703),#2718,.F.);
#2703=FACE_BOUND('',#2704,.T.);
#2704=EDGE_LOOP('',(#2705,#2712,#2692,#2715));
#2705=ORIENTED_EDGE('',*,*,#2706,.T.);
#2706=EDGE_CURVE('',#2707,#2709,#2711,.T.);
#2707=VERTEX_POINT('',#2708);
#2708=CARTESIAN_POINT('',(0.35,3.425,0.));
#2709=VERTEX_POINT('',#2710);
#2710=CARTESIAN_POINT('',(0.15,3.425,0.));
#2711=LINE('',#2708,#34);
#2712=ORIENTED_EDGE('',*,*,#2713,.T.);
#2713=EDGE_CURVE('',#2709,#2689,#2714,.T.);
#2714=LINE('',#2710,#95);
#2715=ORIENTED_EDGE('',*,*,#2716,.F.);
#2716=EDGE_CURVE('',#2707,#2694,#2717,.T.);
#2717=LINE('',#2708,#95);
#2718=PLANE('',#2719);
#2719=AXIS2_PLACEMENT_3D('',#2708,#13,#57);
#2720=ADVANCED_FACE('',(#2721),#2734,.T.);
#2721=FACE_BOUND('',#2722,.T.);
#2722=EDGE_LOOP('',(#2661,#2723,#2728,#2729));
#2723=ORIENTED_EDGE('',*,*,#2724,.T.);
#2724=EDGE_CURVE('',#2665,#2709,#2725,.T.);
#2725=CIRCLE('',#2726,0.12);
#2726=AXIS2_PLACEMENT_3D('',#2727,#14,#46);
#2727=CARTESIAN_POINT('',(0.15,3.425,0.12));
#2728=ORIENTED_EDGE('',*,*,#2706,.F.);
#2729=ORIENTED_EDGE('',*,*,#2730,.F.);
#2730=EDGE_CURVE('',#2663,#2707,#2731,.T.);
#2731=CIRCLE('',#2732,0.12);
#2732=AXIS2_PLACEMENT_3D('',#2733,#14,#46);
#2733=CARTESIAN_POINT('',(0.35,3.425,0.12));
#2734=CYLINDRICAL_SURFACE('',#2732,0.12);
#2735=ADVANCED_FACE('',(#2736),#2740,.F.);
#2736=FACE_BOUND('',#2737,.F.);
#2737=EDGE_LOOP('',(#2738,#2739,#2715,#2729));
#2738=ORIENTED_EDGE('',*,*,#2679,.T.);
#2739=ORIENTED_EDGE('',*,*,#2698,.T.);
#2740=PLANE('',#2741);
#2741=AXIS2_PLACEMENT_3D('',#2742,#35,#28);
#2742=CARTESIAN_POINT('',(0.35,3.717714614865,6.250323372777E-02));
#2743=ADVANCED_FACE('',(#2744),#2748,.T.);
#2744=FACE_BOUND('',#2745,.T.);
#2745=EDGE_LOOP('',(#2668,#2687,#2746,#2747));
#2746=ORIENTED_EDGE('',*,*,#2713,.F.);
#2747=ORIENTED_EDGE('',*,*,#2724,.F.);
#2748=PLANE('',#2749);
#2749=AXIS2_PLACEMENT_3D('',#2750,#35,#28);
#2750=CARTESIAN_POINT('',(0.15,3.717714614865,6.250323372777E-02));
#2751=MANIFOLD_SOLID_BREP('',#2752);
#2752=CLOSED_SHELL('',(#2753,#2917,#2960,#2975,#2992,#3007,#3030,#3045,#3064,#3079,#3107,#3121,#3148,#3163,#3200,#3210,#3220,#3232,#3252,#3275,#3306,#3330,#3341,#3359,#3379,#3410,#3435,#3444,#3493,#3508,#3611,#3627,#3715,#3734,#3774,#3791,#3802,#3812,#3824,#3836,#3853,#3875,#3886,#3897,#3912,#3921,#3934,#3945,#3967,#3980,#3989,#3996,#4005,#4119,#4170,#4193,#4201,#4207,#4218,#4226,#4238,#4317,#4326,#4384,#4396,#4476,#4593,#4607,#4625,#4725,#4741,#4753,#4762,#4769,#4774,#4784,#4795,#4804,#4815,#4824,#4834,#4844,#4852,#4863,#4873,#4884,#4893,#4904,#4914,#4925,#4933,#4939,#4950,#4962,#4974,#4988,#4999,#5012,#5020,#5029,#5040,#5052,#5063,#5072,#5080,#5091,#5101,#5111,#5242,#5252,#5262,#5272,#5282,#5289,#5298,#5325,#5334,#5342,#5353,#5377,#5401,#5426,#5438,#5447,#5462,#5479,#5502,#5511,#5525,#5543,#5565,#5575,#5586,#5599,#5607,#5630,#5638,#5649,#5660,#5673,#5691,#5703,#5715,#5726,#5747,#5758,#5771,#5792,#5805,#5815,#5825,#5859,#5868,#5875,#5908,#5919,#5925,#5935,#5945,#5956,#5965));
#2753=ADVANCED_FACE('',(#2754,#2841),#2915,.T.);
#2754=FACE_BOUND('',#2755,.F.);
#2755=EDGE_LOOP('',(#2756,#2764,#2770,#2775,#2781,#2787,#2791,#2797,#2804,#2810,#2817,#2823,#2830,#2836));
#2756=ORIENTED_EDGE('',*,*,#2757,.T.);
#2757=EDGE_CURVE('',#2758,#2760,#2762,.T.);
#2758=VERTEX_POINT('',#2759);
#2759=CARTESIAN_POINT('',(2.,-1.875,0.45));
#2760=VERTEX_POINT('',#2761);
#2761=CARTESIAN_POINT('',(3.19,-1.875,0.45));
#2762=LINE('',#2763,#77);
#2763=CARTESIAN_POINT('',(2.235,-1.875,0.45));
#2764=ORIENTED_EDGE('',*,*,#2765,.F.);
#2765=EDGE_CURVE('',#2766,#2760,#2768,.T.);
#2766=VERTEX_POINT('',#2767);
#2767=CARTESIAN_POINT('',(3.19,-3.375,0.45));
#2768=LINE('',#2769,#95);
#2769=CARTESIAN_POINT('',(3.19,-3.675,0.45));
#2770=ORIENTED_EDGE('',*,*,#2771,.T.);
#2771=EDGE_CURVE('',#2766,#2772,#2774,.T.);
#2772=VERTEX_POINT('',#2773);
#2773=CARTESIAN_POINT('',(0.,-3.375,0.45));
#2774=LINE('',#2767,#34);
#2775=ORIENTED_EDGE('',*,*,#2776,.T.);
#2776=EDGE_CURVE('',#2772,#2777,#2779,.T.);
#2777=VERTEX_POINT('',#2778);
#2778=CARTESIAN_POINT('',(0.,2.145,0.45));
#2779=LINE('',#2780,#95);
#2780=CARTESIAN_POINT('',(0.,-3.675,0.45));
#2781=ORIENTED_EDGE('',*,*,#2782,.T.);
#2782=EDGE_CURVE('',#2777,#2783,#2785,.T.);
#2783=VERTEX_POINT('',#2784);
#2784=CARTESIAN_POINT('',(3.19,2.145,0.45));
#2785=LINE('',#2786,#77);
#2786=CARTESIAN_POINT('',(2.235,2.145,0.45));
#2787=ORIENTED_EDGE('',*,*,#2788,.F.);
#2788=EDGE_CURVE('',#2789,#2783,#2768,.T.);
#2789=VERTEX_POINT('',#2790);
#2790=CARTESIAN_POINT('',(3.19,0.225,0.45));
#2791=ORIENTED_EDGE('',*,*,#2792,.T.);
#2792=EDGE_CURVE('',#2789,#2793,#2795,.T.);
#2793=VERTEX_POINT('',#2794);
#2794=CARTESIAN_POINT('',(3.,0.225,0.45));
#2795=LINE('',#2796,#34);
#2796=CARTESIAN_POINT('',(1.425,0.225,0.45));
#2797=ORIENTED_EDGE('',*,*,#2798,.F.);
#2798=EDGE_CURVE('',#2799,#2793,#2801,.T.);
#2799=VERTEX_POINT('',#2800);
#2800=CARTESIAN_POINT('',(2.85,7.5E-02,0.45));
#2801=CIRCLE('',#2802,0.15);
#2802=AXIS2_PLACEMENT_3D('',#2803,#28,#57);
#2803=CARTESIAN_POINT('',(3.,7.5E-02,0.45));
#2804=ORIENTED_EDGE('',*,*,#2805,.T.);
#2805=EDGE_CURVE('',#2799,#2806,#2808,.T.);
#2806=VERTEX_POINT('',#2807);
#2807=CARTESIAN_POINT('',(2.85,-2.5E-02,0.45));
#2808=LINE('',#2809,#56);
#2809=CARTESIAN_POINT('',(2.85,-1.925,0.45));
#2810=ORIENTED_EDGE('',*,*,#2811,.F.);
#2811=EDGE_CURVE('',#2812,#2806,#2814,.T.);
#2812=VERTEX_POINT('',#2813);
#2813=CARTESIAN_POINT('',(2.7,-0.175,0.45));
#2814=CIRCLE('',#2815,0.15);
#2815=AXIS2_PLACEMENT_3D('',#2816,#13,#57);
#2816=CARTESIAN_POINT('',(2.7,-2.5E-02,0.45));
#2817=ORIENTED_EDGE('',*,*,#2818,.T.);
#2818=EDGE_CURVE('',#2812,#2819,#2821,.T.);
#2819=VERTEX_POINT('',#2820);
#2820=CARTESIAN_POINT('',(2.,-0.175,0.45));
#2821=LINE('',#2822,#34);
#2822=CARTESIAN_POINT('',(0.925,-0.175,0.45));
#2823=ORIENTED_EDGE('',*,*,#2824,.F.);
#2824=EDGE_CURVE('',#2825,#2819,#2827,.T.);
#2825=VERTEX_POINT('',#2826);
#2826=CARTESIAN_POINT('',(1.85,-0.325,0.45));
#2827=CIRCLE('',#2828,0.15);
#2828=AXIS2_PLACEMENT_3D('',#2829,#28,#57);
#2829=CARTESIAN_POINT('',(2.,-0.325,0.45));
#2830=ORIENTED_EDGE('',*,*,#2831,.T.);
#2831=EDGE_CURVE('',#2825,#2832,#2834,.T.);
#2832=VERTEX_POINT('',#2833);
#2833=CARTESIAN_POINT('',(1.85,-1.725,0.45));
#2834=LINE('',#2835,#56);
#2835=CARTESIAN_POINT('',(1.85,-2.775,0.45));
#2836=ORIENTED_EDGE('',*,*,#2837,.F.);
#2837=EDGE_CURVE('',#2758,#2832,#2838,.T.);
#2838=CIRCLE('',#2839,0.15);
#2839=AXIS2_PLACEMENT_3D('',#2840,#28,#57);
#2840=CARTESIAN_POINT('',(2.,-1.725,0.45));
#2841=FACE_BOUND('',#2842,.F.);
#2842=EDGE_LOOP('',(#2843,#2851,#2857,#2861,#2865,#2869,#2873,#2877,#2881,#2887,#2893,#2897,#2901,#2905,#2909,#2913));
#2843=ORIENTED_EDGE('',*,*,#2844,.T.);
#2844=EDGE_CURVE('',#2845,#2847,#2849,.T.);
#2845=VERTEX_POINT('',#2846);
#2846=CARTESIAN_POINT('',(1.16,1.625,0.45));
#2847=VERTEX_POINT('',#2848);
#2848=CARTESIAN_POINT('',(1.16,1.125,0.45));
#2849=LINE('',#2850,#56);
#2850=CARTESIAN_POINT('',(1.16,-1.025,0.45));
#2851=ORIENTED_EDGE('',*,*,#2852,.T.);
#2852=EDGE_CURVE('',#2847,#2853,#2855,.T.);
#2853=VERTEX_POINT('',#2854);
#2854=CARTESIAN_POINT('',(1.21,1.125,0.45));
#2855=LINE('',#2856,#77);
#2856=CARTESIAN_POINT('',(0.58,1.125,0.45));
#2857=ORIENTED_EDGE('',*,*,#2858,.T.);
#2858=EDGE_CURVE('',#2853,#2859,#2855,.T.);
#2859=VERTEX_POINT('',#2860);
#2860=CARTESIAN_POINT('',(1.272132034356,1.125,0.45));
#2861=ORIENTED_EDGE('',*,*,#2862,.T.);
#2862=EDGE_CURVE('',#2859,#2863,#2855,.T.);
#2863=VERTEX_POINT('',#2864);
#2864=CARTESIAN_POINT('',(1.66,1.125,0.45));
#2865=ORIENTED_EDGE('',*,*,#2866,.T.);
#2866=EDGE_CURVE('',#2863,#2867,#2855,.T.);
#2867=VERTEX_POINT('',#2868);
#2868=CARTESIAN_POINT('',(1.88,1.125,0.45));
#2869=ORIENTED_EDGE('',*,*,#2870,.T.);
#2870=EDGE_CURVE('',#2867,#2871,#2855,.T.);
#2871=VERTEX_POINT('',#2872);
#2872=CARTESIAN_POINT('',(2.267867965644,1.125,0.45));
#2873=ORIENTED_EDGE('',*,*,#2874,.T.);
#2874=EDGE_CURVE('',#2871,#2875,#2855,.T.);
#2875=VERTEX_POINT('',#2876);
#2876=CARTESIAN_POINT('',(2.33,1.125,0.45));
#2877=ORIENTED_EDGE('',*,*,#2878,.T.);
#2878=EDGE_CURVE('',#2875,#2879,#2855,.T.);
#2879=VERTEX_POINT('',#2880);
#2880=CARTESIAN_POINT('',(2.38,1.125,0.45));
#2881=ORIENTED_EDGE('',*,*,#2882,.T.);
#2882=EDGE_CURVE('',#2879,#2883,#2885,.T.);
#2883=VERTEX_POINT('',#2884);
#2884=CARTESIAN_POINT('',(2.38,1.625,0.45));
#2885=LINE('',#2886,#95);
#2886=CARTESIAN_POINT('',(2.38,-1.275,0.45));
#2887=ORIENTED_EDGE('',*,*,#2888,.T.);
#2888=EDGE_CURVE('',#2883,#2889,#2891,.T.);
#2889=VERTEX_POINT('',#2890);
#2890=CARTESIAN_POINT('',(2.33,1.625,0.45));
#2891=LINE('',#2892,#34);
#2892=CARTESIAN_POINT('',(1.19,1.625,0.45));
#2893=ORIENTED_EDGE('',*,*,#2894,.T.);
#2894=EDGE_CURVE('',#2889,#2895,#2891,.T.);
#2895=VERTEX_POINT('',#2896);
#2896=CARTESIAN_POINT('',(2.267867965644,1.625,0.45));
#2897=ORIENTED_EDGE('',*,*,#2898,.T.);
#2898=EDGE_CURVE('',#2895,#2899,#2891,.T.);
#2899=VERTEX_POINT('',#2900);
#2900=CARTESIAN_POINT('',(1.88,1.625,0.45));
#2901=ORIENTED_EDGE('',*,*,#2902,.T.);
#2902=EDGE_CURVE('',#2899,#2903,#2891,.T.);
#2903=VERTEX_POINT('',#2904);
#2904=CARTESIAN_POINT('',(1.66,1.625,0.45));
#2905=ORIENTED_EDGE('',*,*,#2906,.T.);
#2906=EDGE_CURVE('',#2903,#2907,#2891,.T.);
#2907=VERTEX_POINT('',#2908);
#2908=CARTESIAN_POINT('',(1.272132034356,1.625,0.45));
#2909=ORIENTED_EDGE('',*,*,#2910,.T.);
#2910=EDGE_CURVE('',#2907,#2911,#2891,.T.);
#2911=VERTEX_POINT('',#2912);
#2912=CARTESIAN_POINT('',(1.21,1.625,0.45));
#2913=ORIENTED_EDGE('',*,*,#2914,.T.);
#2914=EDGE_CURVE('',#2911,#2845,#2891,.T.);
#2915=PLANE('',#2916);
#2916=AXIS2_PLACEMENT_3D('',#2780,#13,#35);
#2917=ADVANCED_FACE('',(#2918),#2958,.T.);
#2918=FACE_BOUND('',#2919,.F.);
#2919=EDGE_LOOP('',(#2920,#2928,#2935,#2940,#2945,#2951,#2954,#2955));
#2920=ORIENTED_EDGE('',*,*,#2921,.F.);
#2921=EDGE_CURVE('',#2922,#2924,#2926,.T.);
#2922=VERTEX_POINT('',#2923);
#2923=CARTESIAN_POINT('',(3.19,-1.875,0.15));
#2924=VERTEX_POINT('',#2925);
#2925=CARTESIAN_POINT('',(2.,-1.875,0.15));
#2926=LINE('',#2927,#34);
#2927=CARTESIAN_POINT('',(4.47,-1.875,0.15));
#2928=ORIENTED_EDGE('',*,*,#2929,.F.);
#2929=EDGE_CURVE('',#2930,#2922,#2932,.T.);
#2930=VERTEX_POINT('',#2931);
#2931=CARTESIAN_POINT('',(4.47,-1.875,1.43));
#2932=CIRCLE('',#2933,1.28);
#2933=AXIS2_PLACEMENT_3D('',#2934,#46,#35);
#2934=CARTESIAN_POINT('',(3.19,-1.875,1.43));
#2935=ORIENTED_EDGE('',*,*,#2936,.T.);
#2936=EDGE_CURVE('',#2930,#2937,#2939,.T.);
#2937=VERTEX_POINT('',#2938);
#2938=CARTESIAN_POINT('',(4.47,-1.875,1.5));
#2939=LINE('',#2927,#412);
#2940=ORIENTED_EDGE('',*,*,#2941,.T.);
#2941=EDGE_CURVE('',#2937,#2942,#2944,.T.);
#2942=VERTEX_POINT('',#2943);
#2943=CARTESIAN_POINT('',(4.17,-1.875,1.5));
#2944=LINE('',#2938,#34);
#2945=ORIENTED_EDGE('',*,*,#2946,.F.);
#2946=EDGE_CURVE('',#2947,#2942,#2949,.T.);
#2947=VERTEX_POINT('',#2948);
#2948=CARTESIAN_POINT('',(4.17,-1.875,1.43));
#2949=LINE('',#2950,#412);
#2950=CARTESIAN_POINT('',(4.17,-1.875,0.79));
#2951=ORIENTED_EDGE('',*,*,#2952,.T.);
#2952=EDGE_CURVE('',#2947,#2760,#2953,.T.);
#2953=CIRCLE('',#2933,0.98);
#2954=ORIENTED_EDGE('',*,*,#2757,.F.);
#2955=ORIENTED_EDGE('',*,*,#2956,.F.);
#2956=EDGE_CURVE('',#2924,#2758,#2957,.T.);
#2957=LINE('',#2925,#412);
#2958=PLANE('',#2959);
#2959=AXIS2_PLACEMENT_3D('',#2927,#46,#14);
#2960=ADVANCED_FACE('',(#2961),#2973,.F.);
#2961=FACE_BOUND('',#2962,.T.);
#2962=EDGE_LOOP('',(#2963,#2970,#2836,#2955));
#2963=ORIENTED_EDGE('',*,*,#2964,.T.);
#2964=EDGE_CURVE('',#2924,#2965,#2967,.T.);
#2965=VERTEX_POINT('',#2966);
#2966=CARTESIAN_POINT('',(1.85,-1.725,0.15));
#2967=CIRCLE('',#2968,0.15);
#2968=AXIS2_PLACEMENT_3D('',#2969,#28,#57);
#2969=CARTESIAN_POINT('',(2.,-1.725,0.15));
#2970=ORIENTED_EDGE('',*,*,#2971,.T.);
#2971=EDGE_CURVE('',#2965,#2832,#2972,.T.);
#2972=LINE('',#2966,#412);
#2973=CYLINDRICAL_SURFACE('',#2974,0.15);
#2974=AXIS2_PLACEMENT_3D('',#2969,#13,#57);
#2975=ADVANCED_FACE('',(#2976),#2989,.F.);
#2976=FACE_BOUND('',#2977,.T.);
#2977=EDGE_LOOP('',(#2978,#2985,#2951,#2764));
#2978=ORIENTED_EDGE('',*,*,#2979,.F.);
#2979=EDGE_CURVE('',#2980,#2766,#2982,.T.);
#2980=VERTEX_POINT('',#2981);
#2981=CARTESIAN_POINT('',(4.17,-3.375,1.43));
#2982=CIRCLE('',#2983,0.98);
#2983=AXIS2_PLACEMENT_3D('',#2984,#46,#14);
#2984=CARTESIAN_POINT('',(3.19,-3.375,1.43));
#2985=ORIENTED_EDGE('',*,*,#2986,.T.);
#2986=EDGE_CURVE('',#2980,#2947,#2987,.T.);
#2987=LINE('',#2988,#95);
#2988=CARTESIAN_POINT('',(4.17,-3.675,1.43));
#2989=CYLINDRICAL_SURFACE('',#2990,0.98);
#2990=AXIS2_PLACEMENT_3D('',#2991,#57,#35);
#2991=CARTESIAN_POINT('',(3.19,-3.675,1.43));
#2992=ADVANCED_FACE('',(#2993),#3005,.T.);
#2993=FACE_BOUND('',#2994,.F.);
#2994=EDGE_LOOP('',(#2995,#2970,#3001,#3002));
#2995=ORIENTED_EDGE('',*,*,#2996,.F.);
#2996=EDGE_CURVE('',#2965,#2997,#2999,.T.);
#2997=VERTEX_POINT('',#2998);
#2998=CARTESIAN_POINT('',(1.85,-0.325,0.15));
#2999=LINE('',#3000,#95);
#3000=CARTESIAN_POINT('',(1.85,-1.875,0.15));
#3001=ORIENTED_EDGE('',*,*,#2831,.F.);
#3002=ORIENTED_EDGE('',*,*,#3003,.F.);
#3003=EDGE_CURVE('',#2997,#2825,#3004,.T.);
#3004=LINE('',#2998,#412);
#3005=PLANE('',#3006);
#3006=AXIS2_PLACEMENT_3D('',#3000,#14,#57);
#3007=ADVANCED_FACE('',(#3008),#3026,.F.);
#3008=FACE_BOUND('',#3009,.T.);
#3009=EDGE_LOOP('',(#3010,#2770,#3017,#3023));
#3010=ORIENTED_EDGE('',*,*,#3011,.F.);
#3011=EDGE_CURVE('',#2766,#3012,#3014,.T.);
#3012=VERTEX_POINT('',#3013);
#3013=CARTESIAN_POINT('',(3.19,-3.675,0.35));
#3014=LINE('',#2767,#3015);
#3015=VECTOR('',#3016,1.);
#3016=DIRECTION('',(9.E-17,-0.948683298051,-0.316227766017));
#3017=ORIENTED_EDGE('',*,*,#3018,.T.);
#3018=EDGE_CURVE('',#2772,#3019,#3021,.T.);
#3019=VERTEX_POINT('',#3020);
#3020=CARTESIAN_POINT('',(0.,-3.675,0.35));
#3021=LINE('',#3022,#3015);
#3022=CARTESIAN_POINT('',(0.,-3.585,0.38));
#3023=ORIENTED_EDGE('',*,*,#3024,.F.);
#3024=EDGE_CURVE('',#3012,#3019,#3025,.T.);
#3025=LINE('',#3013,#34);
#3026=PLANE('',#3027);
#3027=AXIS2_PLACEMENT_3D('',#3028,#3029,#14);
#3028=CARTESIAN_POINT('',(3.19,-3.525,0.4));
#3029=DIRECTION('',(0.,0.316227766017,-0.948683298051));
#3030=ADVANCED_FACE('',(#3031),#3043,.F.);
#3031=FACE_BOUND('',#3032,.T.);
#3032=EDGE_LOOP('',(#3033,#3040,#2823,#3002));
#3033=ORIENTED_EDGE('',*,*,#3034,.T.);
#3034=EDGE_CURVE('',#2997,#3035,#3037,.T.);
#3035=VERTEX_POINT('',#3036);
#3036=CARTESIAN_POINT('',(2.,-0.175,0.15));
#3037=CIRCLE('',#3038,0.15);
#3038=AXIS2_PLACEMENT_3D('',#3039,#28,#57);
#3039=CARTESIAN_POINT('',(2.,-0.325,0.15));
#3040=ORIENTED_EDGE('',*,*,#3041,.T.);
#3041=EDGE_CURVE('',#3035,#2819,#3042,.T.);
#3042=LINE('',#3036,#412);
#3043=CYLINDRICAL_SURFACE('',#3044,0.15);
#3044=AXIS2_PLACEMENT_3D('',#3039,#13,#35);
#3045=ADVANCED_FACE('',(#3046),#3062,.F.);
#3046=FACE_BOUND('',#3047,.T.);
#3047=EDGE_LOOP('',(#3048,#2775,#3049,#3054,#3059));
#3048=ORIENTED_EDGE('',*,*,#3018,.F.);
#3049=ORIENTED_EDGE('',*,*,#3050,.F.);
#3050=EDGE_CURVE('',#3051,#2777,#3053,.T.);
#3051=VERTEX_POINT('',#3052);
#3052=CARTESIAN_POINT('',(0.,2.145,0.15));
#3053=LINE('',#3052,#412);
#3054=ORIENTED_EDGE('',*,*,#3055,.F.);
#3055=EDGE_CURVE('',#3056,#3051,#3058,.T.);
#3056=VERTEX_POINT('',#3057);
#3057=CARTESIAN_POINT('',(0.,-3.675,0.15));
#3058=LINE('',#3057,#95);
#3059=ORIENTED_EDGE('',*,*,#3060,.F.);
#3060=EDGE_CURVE('',#3019,#3056,#3061,.T.);
#3061=LINE('',#2780,#27);
#3062=PLANE('',#3063);
#3063=AXIS2_PLACEMENT_3D('',#2780,#14,#13);
#3064=ADVANCED_FACE('',(#3065),#3077,.T.);
#3065=FACE_BOUND('',#3066,.F.);
#3066=EDGE_LOOP('',(#3067,#3040,#3073,#3074));
#3067=ORIENTED_EDGE('',*,*,#3068,.F.);
#3068=EDGE_CURVE('',#3035,#3069,#3071,.T.);
#3069=VERTEX_POINT('',#3070);
#3070=CARTESIAN_POINT('',(2.7,-0.175,0.15));
#3071=LINE('',#3072,#77);
#3072=CARTESIAN_POINT('',(1.85,-0.175,0.15));
#3073=ORIENTED_EDGE('',*,*,#2818,.F.);
#3074=ORIENTED_EDGE('',*,*,#3075,.F.);
#3075=EDGE_CURVE('',#3069,#2812,#3076,.T.);
#3076=LINE('',#3070,#412);
#3077=PLANE('',#3078);
#3078=AXIS2_PLACEMENT_3D('',#3072,#57,#35);
#3079=ADVANCED_FACE('',(#3080),#3105,.T.);
#3080=FACE_BOUND('',#3081,.F.);
#3081=EDGE_LOOP('',(#3082,#3091,#3097,#3100,#3049,#3101));
#3082=ORIENTED_EDGE('',*,*,#3083,.F.);
#3083=EDGE_CURVE('',#3084,#3086,#3088,.T.);
#3084=VERTEX_POINT('',#3085);
#3085=CARTESIAN_POINT('',(4.461180553659,2.145,1.28));
#3086=VERTEX_POINT('',#3087);
#3087=CARTESIAN_POINT('',(3.19,2.145,0.15));
#3088=CIRCLE('',#3089,1.28);
#3089=AXIS2_PLACEMENT_3D('',#3090,#46,#35);
#3090=CARTESIAN_POINT('',(3.19,2.145,1.43));
#3091=ORIENTED_EDGE('',*,*,#3092,.T.);
#3092=EDGE_CURVE('',#3084,#3093,#3095,.T.);
#3093=VERTEX_POINT('',#3094);
#3094=CARTESIAN_POINT('',(4.158452373635,2.145,1.28));
#3095=LINE('',#3096,#34);
#3096=CARTESIAN_POINT('',(4.47,2.145,1.28));
#3097=ORIENTED_EDGE('',*,*,#3098,.T.);
#3098=EDGE_CURVE('',#3093,#2783,#3099,.T.);
#3099=CIRCLE('',#3089,0.98);
#3100=ORIENTED_EDGE('',*,*,#2782,.F.);
#3101=ORIENTED_EDGE('',*,*,#3102,.F.);
#3102=EDGE_CURVE('',#3086,#3051,#3103,.T.);
#3103=LINE('',#3104,#34);
#3104=CARTESIAN_POINT('',(4.47,2.145,0.15));
#3105=PLANE('',#3106);
#3106=AXIS2_PLACEMENT_3D('',#3104,#46,#14);
#3107=ADVANCED_FACE('',(#3108),#3120,.T.);
#3108=FACE_BOUND('',#3109,.T.);
#3109=EDGE_LOOP('',(#3110,#3117,#2810,#3074));
#3110=ORIENTED_EDGE('',*,*,#3111,.T.);
#3111=EDGE_CURVE('',#3069,#3112,#3114,.T.);
#3112=VERTEX_POINT('',#3113);
#3113=CARTESIAN_POINT('',(2.85,-2.5E-02,0.15));
#3114=CIRCLE('',#3115,0.15);
#3115=AXIS2_PLACEMENT_3D('',#3116,#13,#57);
#3116=CARTESIAN_POINT('',(2.7,-2.5E-02,0.15));
#3117=ORIENTED_EDGE('',*,*,#3118,.T.);
#3118=EDGE_CURVE('',#3112,#2806,#3119,.T.);
#3119=LINE('',#3113,#412);
#3120=CYLINDRICAL_SURFACE('',#3115,0.15);
#3121=ADVANCED_FACE('',(#3122),#2989,.F.);
#3122=FACE_BOUND('',#3123,.T.);
#3123=EDGE_LOOP('',(#3097,#2787,#3124,#3131,#3135,#3139));
#3124=ORIENTED_EDGE('',*,*,#3125,.F.);
#3125=EDGE_CURVE('',#3126,#2789,#3128,.T.);
#3126=VERTEX_POINT('',#3127);
#3127=CARTESIAN_POINT('',(4.17,0.225,1.43));
#3128=CIRCLE('',#3129,0.98);
#3129=AXIS2_PLACEMENT_3D('',#3130,#46,#35);
#3130=CARTESIAN_POINT('',(3.19,0.225,1.43));
#3131=ORIENTED_EDGE('',*,*,#3132,.T.);
#3132=EDGE_CURVE('',#3126,#3133,#2987,.T.);
#3133=VERTEX_POINT('',#3134);
#3134=CARTESIAN_POINT('',(4.17,2.145,1.43));
#3135=ORIENTED_EDGE('',*,*,#3136,.T.);
#3136=EDGE_CURVE('',#3133,#3137,#2987,.T.);
#3137=VERTEX_POINT('',#3138);
#3138=CARTESIAN_POINT('',(4.17,2.295,1.43));
#3139=ORIENTED_EDGE('',*,*,#3140,.F.);
#3140=EDGE_CURVE('',#3093,#3137,#3141,.T.);
#3141=B_SPLINE_CURVE_WITH_KNOTS('',7,(#3094,#3142,#3143,#3144,#3145,#3146,#3147,#3138),.UNSPECIFIED.,.F.,.F.,(8,8),(0.,1.),.PIECEWISE_BEZIER_KNOTS.);
#3142=CARTESIAN_POINT('',(4.163660671629,2.145,1.313626590364));
#3143=CARTESIAN_POINT('',(4.167478908959,2.153794382551,1.347286632701));
#3144=CARTESIAN_POINT('',(4.169503268907,2.171416933345,1.378181809389));
#3145=CARTESIAN_POINT('',(4.169999802572,2.196748717078,1.403532755354));
#3146=CARTESIAN_POINT('',(4.169999943857,2.227646618798,1.421184876937));
#3147=CARTESIAN_POINT('',(4.17,2.261333852922,1.43));
#3148=ADVANCED_FACE('',(#3149),#3161,.T.);
#3149=FACE_BOUND('',#3150,.F.);
#3150=EDGE_LOOP('',(#3151,#3117,#3157,#3158));
#3151=ORIENTED_EDGE('',*,*,#3152,.F.);
#3152=EDGE_CURVE('',#3112,#3153,#3155,.T.);
#3153=VERTEX_POINT('',#3154);
#3154=CARTESIAN_POINT('',(2.85,7.5E-02,0.15));
#3155=LINE('',#3156,#95);
#3156=CARTESIAN_POINT('',(2.85,-0.175,0.15));
#3157=ORIENTED_EDGE('',*,*,#2805,.F.);
#3158=ORIENTED_EDGE('',*,*,#3159,.F.);
#3159=EDGE_CURVE('',#3153,#2799,#3160,.T.);
#3160=LINE('',#3154,#412);
#3161=PLANE('',#3162);
#3162=AXIS2_PLACEMENT_3D('',#3156,#14,#57);
#3163=ADVANCED_FACE('',(#3164),#3198,.T.);
#3164=FACE_BOUND('',#3165,.F.);
#3165=EDGE_LOOP('',(#3166,#3174,#3177,#3124,#3178,#3184,#3189,#3195));
#3166=ORIENTED_EDGE('',*,*,#3167,.F.);
#3167=EDGE_CURVE('',#3168,#3170,#3172,.T.);
#3168=VERTEX_POINT('',#3169);
#3169=CARTESIAN_POINT('',(3.,0.225,0.15));
#3170=VERTEX_POINT('',#3171);
#3171=CARTESIAN_POINT('',(3.19,0.225,0.15));
#3172=LINE('',#3173,#77);
#3173=CARTESIAN_POINT('',(2.85,0.225,0.15));
#3174=ORIENTED_EDGE('',*,*,#3175,.T.);
#3175=EDGE_CURVE('',#3168,#2793,#3176,.T.);
#3176=LINE('',#3169,#412);
#3177=ORIENTED_EDGE('',*,*,#2792,.F.);
#3178=ORIENTED_EDGE('',*,*,#3179,.F.);
#3179=EDGE_CURVE('',#3180,#3126,#3182,.T.);
#3180=VERTEX_POINT('',#3181);
#3181=CARTESIAN_POINT('',(4.17,0.225,1.5));
#3182=LINE('',#3183,#27);
#3183=CARTESIAN_POINT('',(4.17,0.225,0.79));
#3184=ORIENTED_EDGE('',*,*,#3185,.T.);
#3185=EDGE_CURVE('',#3180,#3186,#3188,.T.);
#3186=VERTEX_POINT('',#3187);
#3187=CARTESIAN_POINT('',(4.47,0.225,1.5));
#3188=LINE('',#3181,#77);
#3189=ORIENTED_EDGE('',*,*,#3190,.F.);
#3190=EDGE_CURVE('',#3191,#3186,#3193,.T.);
#3191=VERTEX_POINT('',#3192);
#3192=CARTESIAN_POINT('',(4.47,0.225,1.43));
#3193=LINE('',#3194,#412);
#3194=CARTESIAN_POINT('',(4.47,0.225,0.15));
#3195=ORIENTED_EDGE('',*,*,#3196,.T.);
#3196=EDGE_CURVE('',#3191,#3170,#3197,.T.);
#3197=CIRCLE('',#3129,1.28);
#3198=PLANE('',#3199);
#3199=AXIS2_PLACEMENT_3D('',#3173,#57,#35);
#3200=ADVANCED_FACE('',(#3201),#3208,.F.);
#3201=FACE_BOUND('',#3202,.T.);
#3202=EDGE_LOOP('',(#3203,#3174,#2797,#3158));
#3203=ORIENTED_EDGE('',*,*,#3204,.T.);
#3204=EDGE_CURVE('',#3153,#3168,#3205,.T.);
#3205=CIRCLE('',#3206,0.15);
#3206=AXIS2_PLACEMENT_3D('',#3207,#28,#57);
#3207=CARTESIAN_POINT('',(3.,7.5E-02,0.15));
#3208=CYLINDRICAL_SURFACE('',#3209,0.15);
#3209=AXIS2_PLACEMENT_3D('',#3207,#13,#35);
#3210=ADVANCED_FACE('',(#3211),#3217,.T.);
#3211=FACE_BOUND('',#3212,.T.);
#3212=EDGE_LOOP('',(#2913,#2843,#2851,#3213));
#3213=ORIENTED_EDGE('',*,*,#3214,.F.);
#3214=EDGE_CURVE('',#2911,#2853,#3215,.T.);
#3215=LINE('',#3216,#56);
#3216=CARTESIAN_POINT('',(1.21,-1.275,0.45));
#3217=PLANE('',#3218);
#3218=AXIS2_PLACEMENT_3D('',#3219,#13,#57);
#3219=CARTESIAN_POINT('',(1.16,-1.275,0.45));
#3220=ADVANCED_FACE('',(#3221),#3230,.T.);
#3221=FACE_BOUND('',#3222,.F.);
#3222=EDGE_LOOP('',(#3223,#3224,#3225,#3226));
#3223=ORIENTED_EDGE('',*,*,#2888,.F.);
#3224=ORIENTED_EDGE('',*,*,#2882,.F.);
#3225=ORIENTED_EDGE('',*,*,#2878,.F.);
#3226=ORIENTED_EDGE('',*,*,#3227,.F.);
#3227=EDGE_CURVE('',#2889,#2875,#3228,.T.);
#3228=LINE('',#3229,#56);
#3229=CARTESIAN_POINT('',(2.33,-1.275,0.45));
#3230=PLANE('',#3231);
#3231=AXIS2_PLACEMENT_3D('',#2886,#13,#46);
#3232=ADVANCED_FACE('',(#3233),#3248,.F.);
#3233=FACE_BOUND('',#3234,.T.);
#3234=EDGE_LOOP('',(#3235,#2893,#3242));
#3235=ORIENTED_EDGE('',*,*,#3236,.F.);
#3236=EDGE_CURVE('',#2889,#3237,#3239,.T.);
#3237=VERTEX_POINT('',#3238);
#3238=CARTESIAN_POINT('',(2.286066017178,1.625,0.468198051534));
#3239=CIRCLE('',#3240,6.213203435596E-02);
#3240=AXIS2_PLACEMENT_3D('',#3241,#46,#35);
#3241=CARTESIAN_POINT('',(2.33,1.625,0.512132034356));
#3242=ORIENTED_EDGE('',*,*,#3243,.T.);
#3243=EDGE_CURVE('',#2895,#3237,#3244,.T.);
#3244=LINE('',#3245,#3246);
#3245=CARTESIAN_POINT('',(4.308391411372,1.625,2.490523445727));
#3246=VECTOR('',#3247,1.);
#3247=DIRECTION('',(0.707106781187,5.E-17,0.707106781187));
#3248=PLANE('',#3249);
#3249=AXIS2_PLACEMENT_3D('',#3250,#57,#3251);
#3250=CARTESIAN_POINT('',(2.248820584978,1.625,0.316147589625));
#3251=DIRECTION('',(0.923879532511,-8.419035512032E-17,-0.382683432365));
#3252=ADVANCED_FACE('',(#3253),#3273,.T.);
#3253=FACE_BOUND('',#3254,.F.);
#3254=EDGE_LOOP('',(#3255,#3263,#3242,#3264,#3269));
#3255=ORIENTED_EDGE('',*,*,#3256,.F.);
#3256=EDGE_CURVE('',#2899,#3257,#3259,.T.);
#3257=VERTEX_POINT('',#3258);
#3258=CARTESIAN_POINT('',(1.813933982822,1.625,0.516066017178));
#3259=LINE('',#3260,#3261);
#3260=CARTESIAN_POINT('',(2.073933982822,1.625,0.256066017178));
#3261=VECTOR('',#3262,1.);
#3262=DIRECTION('',(-0.707106781187,2.4E-16,0.707106781187));
#3263=ORIENTED_EDGE('',*,*,#2898,.F.);
#3264=ORIENTED_EDGE('',*,*,#3265,.T.);
#3265=EDGE_CURVE('',#3237,#3266,#3268,.T.);
#3266=VERTEX_POINT('',#3267);
#3267=CARTESIAN_POINT('',(2.026066017178,1.625,0.728198051534));
#3268=LINE('',#3238,#3261);
#3269=ORIENTED_EDGE('',*,*,#3270,.F.);
#3270=EDGE_CURVE('',#3257,#3266,#3271,.T.);
#3271=LINE('',#3272,#3246);
#3272=CARTESIAN_POINT('',(4.048391411371,1.625,2.750523445727));
#3273=PLANE('',#3274);
#3274=AXIS2_PLACEMENT_3D('',#3245,#46,#1071);
#3275=ADVANCED_FACE('',(#3276),#3303,.T.);
#3276=FACE_BOUND('',#3277,.F.);
#3277=EDGE_LOOP('',(#3278,#3284,#3290,#3297,#3300,#3301));
#3278=ORIENTED_EDGE('',*,*,#3279,.F.);
#3279=EDGE_CURVE('',#3280,#3282,#3283,.T.);
#3280=VERTEX_POINT('',#3281);
#3281=CARTESIAN_POINT('',(2.33,1.625,0.15));
#3282=VERTEX_POINT('',#3260);
#3283=CIRCLE('',#3240,0.362132034356);
#3284=ORIENTED_EDGE('',*,*,#3285,.F.);
#3285=EDGE_CURVE('',#3286,#3280,#3288,.T.);
#3286=VERTEX_POINT('',#3287);
#3287=CARTESIAN_POINT('',(1.21,1.625,0.15));
#3288=LINE('',#3289,#77);
#3289=CARTESIAN_POINT('',(2.785,1.625,0.15));
#3290=ORIENTED_EDGE('',*,*,#3291,.T.);
#3291=EDGE_CURVE('',#3286,#3292,#3294,.T.);
#3292=VERTEX_POINT('',#3293);
#3293=CARTESIAN_POINT('',(1.466066017178,1.625,0.256066017178));
#3294=CIRCLE('',#3295,0.362132034356);
#3295=AXIS2_PLACEMENT_3D('',#3296,#57,#14);
#3296=CARTESIAN_POINT('',(1.21,1.625,0.512132034356));
#3297=ORIENTED_EDGE('',*,*,#3298,.T.);
#3298=EDGE_CURVE('',#3292,#2903,#3299,.T.);
#3299=LINE('',#3293,#3246);
#3300=ORIENTED_EDGE('',*,*,#2902,.F.);
#3301=ORIENTED_EDGE('',*,*,#3302,.F.);
#3302=EDGE_CURVE('',#3282,#2899,#3259,.T.);
#3303=PLANE('',#3304);
#3304=AXIS2_PLACEMENT_3D('',#3305,#57,#14);
#3305=CARTESIAN_POINT('',(2.38,1.625,3.31));
#3306=ADVANCED_FACE('',(#3307),#3328,.T.);
#3307=FACE_BOUND('',#3308,.T.);
#3308=EDGE_LOOP('',(#3309,#2905,#3313,#3319,#3324));
#3309=ORIENTED_EDGE('',*,*,#3310,.F.);
#3310=EDGE_CURVE('',#2903,#3311,#3299,.T.);
#3311=VERTEX_POINT('',#3312);
#3312=CARTESIAN_POINT('',(1.726066017178,1.625,0.516066017178));
#3313=ORIENTED_EDGE('',*,*,#3314,.T.);
#3314=EDGE_CURVE('',#2907,#3315,#3317,.T.);
#3315=VERTEX_POINT('',#3316);
#3316=CARTESIAN_POINT('',(1.253933982822,1.625,0.468198051534));
#3317=LINE('',#3318,#3261);
#3318=CARTESIAN_POINT('',(-0.768391411372,1.625,2.490523445727));
#3319=ORIENTED_EDGE('',*,*,#3320,.T.);
#3320=EDGE_CURVE('',#3315,#3321,#3323,.T.);
#3321=VERTEX_POINT('',#3322);
#3322=CARTESIAN_POINT('',(1.513933982822,1.625,0.728198051534));
#3323=LINE('',#3316,#3246);
#3324=ORIENTED_EDGE('',*,*,#3325,.F.);
#3325=EDGE_CURVE('',#3311,#3321,#3326,.T.);
#3326=LINE('',#3327,#3261);
#3327=CARTESIAN_POINT('',(-0.508391411371,1.625,2.750523445727));
#3328=PLANE('',#3329);
#3329=AXIS2_PLACEMENT_3D('',#3318,#46,#3262);
#3330=ADVANCED_FACE('',(#3331),#3337,.F.);
#3331=FACE_BOUND('',#3332,.F.);
#3332=EDGE_LOOP('',(#3333,#3336,#3313));
#3333=ORIENTED_EDGE('',*,*,#3334,.F.);
#3334=EDGE_CURVE('',#2911,#3315,#3335,.T.);
#3335=CIRCLE('',#3295,6.213203435596E-02);
#3336=ORIENTED_EDGE('',*,*,#2910,.F.);
#3337=PLANE('',#3338);
#3338=AXIS2_PLACEMENT_3D('',#3339,#57,#3340);
#3339=CARTESIAN_POINT('',(1.291179415022,1.625,0.316147589625));
#3340=DIRECTION('',(0.923879532511,8.419035512032E-17,0.382683432365));
#3341=ADVANCED_FACE('',(#3342),#3356,.F.);
#3342=FACE_BOUND('',#3343,.F.);
#3343=EDGE_LOOP('',(#3344,#3345,#3352));
#3344=ORIENTED_EDGE('',*,*,#2858,.F.);
#3345=ORIENTED_EDGE('',*,*,#3346,.T.);
#3346=EDGE_CURVE('',#2853,#3347,#3349,.T.);
#3347=VERTEX_POINT('',#3348);
#3348=CARTESIAN_POINT('',(1.253933982822,1.125,0.468198051534));
#3349=CIRCLE('',#3350,6.213203435596E-02);
#3350=AXIS2_PLACEMENT_3D('',#3351,#57,#14);
#3351=CARTESIAN_POINT('',(1.21,1.125,0.512132034356));
#3352=ORIENTED_EDGE('',*,*,#3353,.T.);
#3353=EDGE_CURVE('',#3347,#2859,#3354,.T.);
#3354=LINE('',#3355,#822);
#3355=CARTESIAN_POINT('',(-0.768391411372,1.125,2.490523445727));
#3356=PLANE('',#3357);
#3357=AXIS2_PLACEMENT_3D('',#3358,#46,#3340);
#3358=CARTESIAN_POINT('',(1.291179415022,1.125,0.316147589625));
#3359=ADVANCED_FACE('',(#3360),#3377,.T.);
#3360=FACE_BOUND('',#3361,.T.);
#3361=EDGE_LOOP('',(#3362,#3352,#2861,#3367,#3373));
#3362=ORIENTED_EDGE('',*,*,#3363,.F.);
#3363=EDGE_CURVE('',#3347,#3364,#3366,.T.);
#3364=VERTEX_POINT('',#3365);
#3365=CARTESIAN_POINT('',(1.513933982822,1.125,0.728198051534));
#3366=LINE('',#3348,#3246);
#3367=ORIENTED_EDGE('',*,*,#3368,.T.);
#3368=EDGE_CURVE('',#2863,#3369,#3371,.T.);
#3369=VERTEX_POINT('',#3370);
#3370=CARTESIAN_POINT('',(1.726066017178,1.125,0.516066017178));
#3371=LINE('',#3372,#3246);
#3372=CARTESIAN_POINT('',(1.466066017178,1.125,0.256066017178));
#3373=ORIENTED_EDGE('',*,*,#3374,.F.);
#3374=EDGE_CURVE('',#3364,#3369,#3375,.T.);
#3375=LINE('',#3376,#822);
#3376=CARTESIAN_POINT('',(-0.508391411371,1.125,2.750523445727));
#3377=PLANE('',#3378);
#3378=AXIS2_PLACEMENT_3D('',#3355,#57,#823);
#3379=ADVANCED_FACE('',(#3380),#3407,.T.);
#3380=FACE_BOUND('',#3381,.F.);
#3381=EDGE_LOOP('',(#3382,#3390,#3397,#3400,#3401,#3404));
#3382=ORIENTED_EDGE('',*,*,#3383,.F.);
#3383=EDGE_CURVE('',#3384,#3386,#3388,.T.);
#3384=VERTEX_POINT('',#3385);
#3385=CARTESIAN_POINT('',(2.33,1.125,0.15));
#3386=VERTEX_POINT('',#3387);
#3387=CARTESIAN_POINT('',(1.21,1.125,0.15));
#3388=LINE('',#3389,#34);
#3389=CARTESIAN_POINT('',(2.175,1.125,0.15));
#3390=ORIENTED_EDGE('',*,*,#3391,.T.);
#3391=EDGE_CURVE('',#3384,#3392,#3394,.T.);
#3392=VERTEX_POINT('',#3393);
#3393=CARTESIAN_POINT('',(2.073933982822,1.125,0.256066017178));
#3394=CIRCLE('',#3395,0.362132034356);
#3395=AXIS2_PLACEMENT_3D('',#3396,#46,#35);
#3396=CARTESIAN_POINT('',(2.33,1.125,0.512132034356));
#3397=ORIENTED_EDGE('',*,*,#3398,.T.);
#3398=EDGE_CURVE('',#3392,#2867,#3399,.T.);
#3399=LINE('',#3393,#3261);
#3400=ORIENTED_EDGE('',*,*,#2866,.F.);
#3401=ORIENTED_EDGE('',*,*,#3402,.F.);
#3402=EDGE_CURVE('',#3403,#2863,#3371,.T.);
#3403=VERTEX_POINT('',#3372);
#3404=ORIENTED_EDGE('',*,*,#3405,.F.);
#3405=EDGE_CURVE('',#3386,#3403,#3406,.T.);
#3406=CIRCLE('',#3350,0.362132034356);
#3407=PLANE('',#3408);
#3408=AXIS2_PLACEMENT_3D('',#3409,#46,#35);
#3409=CARTESIAN_POINT('',(1.16,1.125,3.31));
#3410=ADVANCED_FACE('',(#3411),#3433,.T.);
#3411=FACE_BOUND('',#3412,.F.);
#3412=EDGE_LOOP('',(#3413,#3420,#3424,#3425,#3429));
#3413=ORIENTED_EDGE('',*,*,#3414,.F.);
#3414=EDGE_CURVE('',#3415,#3417,#3419,.T.);
#3415=VERTEX_POINT('',#3416);
#3416=CARTESIAN_POINT('',(2.286066017178,1.125,0.468198051534));
#3417=VERTEX_POINT('',#3418);
#3418=CARTESIAN_POINT('',(2.026066017178,1.125,0.728198051534));
#3419=LINE('',#3416,#3261);
#3420=ORIENTED_EDGE('',*,*,#3421,.T.);
#3421=EDGE_CURVE('',#3415,#2871,#3422,.T.);
#3422=LINE('',#3423,#1070);
#3423=CARTESIAN_POINT('',(4.308391411372,1.125,2.490523445727));
#3424=ORIENTED_EDGE('',*,*,#2870,.F.);
#3425=ORIENTED_EDGE('',*,*,#3426,.T.);
#3426=EDGE_CURVE('',#2867,#3427,#3399,.T.);
#3427=VERTEX_POINT('',#3428);
#3428=CARTESIAN_POINT('',(1.813933982822,1.125,0.516066017178));
#3429=ORIENTED_EDGE('',*,*,#3430,.F.);
#3430=EDGE_CURVE('',#3417,#3427,#3431,.T.);
#3431=LINE('',#3432,#1070);
#3432=CARTESIAN_POINT('',(4.048391411371,1.125,2.750523445727));
#3433=PLANE('',#3434);
#3434=AXIS2_PLACEMENT_3D('',#3423,#57,#3247);
#3435=ADVANCED_FACE('',(#3436),#3441,.F.);
#3436=FACE_BOUND('',#3437,.T.);
#3437=EDGE_LOOP('',(#2873,#3438,#3420));
#3438=ORIENTED_EDGE('',*,*,#3439,.T.);
#3439=EDGE_CURVE('',#2875,#3415,#3440,.T.);
#3440=CIRCLE('',#3395,6.213203435596E-02);
#3441=PLANE('',#3442);
#3442=AXIS2_PLACEMENT_3D('',#3443,#46,#3251);
#3443=CARTESIAN_POINT('',(2.248820584978,1.125,0.316147589625));
#3444=ADVANCED_FACE('',(#3445,#3463),#3491,.T.);
#3445=FACE_BOUND('',#3446,.F.);
#3446=EDGE_LOOP('',(#3447,#2963,#3448,#3033,#3449,#3110,#3450,#3203,#3451,#3452,#3456,#3054,#3457,#3461));
#3447=ORIENTED_EDGE('',*,*,#2921,.T.);
#3448=ORIENTED_EDGE('',*,*,#2996,.T.);
#3449=ORIENTED_EDGE('',*,*,#3068,.T.);
#3450=ORIENTED_EDGE('',*,*,#3152,.T.);
#3451=ORIENTED_EDGE('',*,*,#3167,.T.);
#3452=ORIENTED_EDGE('',*,*,#3453,.T.);
#3453=EDGE_CURVE('',#3170,#3086,#3454,.T.);
#3454=LINE('',#3455,#95);
#3455=CARTESIAN_POINT('',(3.19,-3.675,0.15));
#3456=ORIENTED_EDGE('',*,*,#3102,.T.);
#3457=ORIENTED_EDGE('',*,*,#3458,.F.);
#3458=EDGE_CURVE('',#3459,#3056,#3460,.T.);
#3459=VERTEX_POINT('',#3455);
#3460=LINE('',#3455,#34);
#3461=ORIENTED_EDGE('',*,*,#3462,.T.);
#3462=EDGE_CURVE('',#3459,#2922,#3454,.T.);
#3463=FACE_BOUND('',#3464,.F.);
#3464=EDGE_LOOP('',(#3465,#3473,#3475,#3476,#3480,#3486,#3488,#3489));
#3465=ORIENTED_EDGE('',*,*,#3466,.T.);
#3466=EDGE_CURVE('',#3467,#3469,#3471,.T.);
#3467=VERTEX_POINT('',#3468);
#3468=CARTESIAN_POINT('',(2.38,1.625,0.15));
#3469=VERTEX_POINT('',#3470);
#3470=CARTESIAN_POINT('',(2.38,1.125,0.15));
#3471=LINE('',#3472,#56);
#3472=CARTESIAN_POINT('',(2.38,-1.275,0.15));
#3473=ORIENTED_EDGE('',*,*,#3474,.T.);
#3474=EDGE_CURVE('',#3469,#3384,#3388,.T.);
#3475=ORIENTED_EDGE('',*,*,#3383,.T.);
#3476=ORIENTED_EDGE('',*,*,#3477,.T.);
#3477=EDGE_CURVE('',#3386,#3478,#3388,.T.);
#3478=VERTEX_POINT('',#3479);
#3479=CARTESIAN_POINT('',(1.16,1.125,0.15));
#3480=ORIENTED_EDGE('',*,*,#3481,.T.);
#3481=EDGE_CURVE('',#3478,#3482,#3484,.T.);
#3482=VERTEX_POINT('',#3483);
#3483=CARTESIAN_POINT('',(1.16,1.625,0.15));
#3484=LINE('',#3485,#95);
#3485=CARTESIAN_POINT('',(1.16,-1.025,0.15));
#3486=ORIENTED_EDGE('',*,*,#3487,.T.);
#3487=EDGE_CURVE('',#3482,#3286,#3288,.T.);
#3488=ORIENTED_EDGE('',*,*,#3285,.T.);
#3489=ORIENTED_EDGE('',*,*,#3490,.T.);
#3490=EDGE_CURVE('',#3280,#3467,#3288,.T.);
#3491=PLANE('',#3492);
#3492=AXIS2_PLACEMENT_3D('',#3455,#28,#14);
#3493=ADVANCED_FACE('',(#3494),#3507,.T.);
#3494=FACE_BOUND('',#3495,.F.);
#3495=EDGE_LOOP('',(#3496,#3502,#3505,#3506));
#3496=ORIENTED_EDGE('',*,*,#3497,.F.);
#3497=EDGE_CURVE('',#3498,#3459,#3500,.T.);
#3498=VERTEX_POINT('',#3499);
#3499=CARTESIAN_POINT('',(4.47,-3.675,1.43));
#3500=CIRCLE('',#3501,1.28);
#3501=AXIS2_PLACEMENT_3D('',#2991,#46,#35);
#3502=ORIENTED_EDGE('',*,*,#3503,.T.);
#3503=EDGE_CURVE('',#3498,#2930,#3504,.T.);
#3504=LINE('',#3499,#95);
#3505=ORIENTED_EDGE('',*,*,#2929,.T.);
#3506=ORIENTED_EDGE('',*,*,#3462,.F.);
#3507=CYLINDRICAL_SURFACE('',#2990,1.28);
#3508=ADVANCED_FACE('',(#3509),#3609,.T.);
#3509=FACE_BOUND('',#3510,.F.);
#3510=EDGE_LOOP('',(#3511,#3512,#3513,#3518,#3523,#3529,#3536,#3542,#3549,#3555,#3559,#3563,#3567,#3571,#3573,#3574,#3581,#3587,#3592,#3596,#3600,#3604));
#3511=ORIENTED_EDGE('',*,*,#2936,.F.);
#3512=ORIENTED_EDGE('',*,*,#3503,.F.);
#3513=ORIENTED_EDGE('',*,*,#3514,.F.);
#3514=EDGE_CURVE('',#3515,#3498,#3517,.T.);
#3515=VERTEX_POINT('',#3516);
#3516=CARTESIAN_POINT('',(4.47,-3.675,2.03));
#3517=LINE('',#3516,#27);
#3518=ORIENTED_EDGE('',*,*,#3519,.T.);
#3519=EDGE_CURVE('',#3515,#3520,#3522,.T.);
#3520=VERTEX_POINT('',#3521);
#3521=CARTESIAN_POINT('',(4.47,2.975,2.03));
#3522=LINE('',#3516,#95);
#3523=ORIENTED_EDGE('',*,*,#3524,.T.);
#3524=EDGE_CURVE('',#3520,#3525,#3527,.T.);
#3525=VERTEX_POINT('',#3526);
#3526=CARTESIAN_POINT('',(4.47,2.975,1.88));
#3527=LINE('',#3528,#27);
#3528=CARTESIAN_POINT('',(4.47,2.975,2.193491911619));
#3529=ORIENTED_EDGE('',*,*,#3530,.T.);
#3530=EDGE_CURVE('',#3525,#3531,#3533,.T.);
#3531=VERTEX_POINT('',#3532);
#3532=CARTESIAN_POINT('',(4.47,3.125,1.73));
#3533=CIRCLE('',#3534,0.15);
#3534=AXIS2_PLACEMENT_3D('',#3535,#14,#57);
#3535=CARTESIAN_POINT('',(4.47,3.125,1.88));
#3536=ORIENTED_EDGE('',*,*,#3537,.T.);
#3537=EDGE_CURVE('',#3531,#3538,#3540,.T.);
#3538=VERTEX_POINT('',#3539);
#3539=CARTESIAN_POINT('',(4.47,3.505,1.73));
#3540=LINE('',#3541,#95);
#3541=CARTESIAN_POINT('',(4.47,-1.E-02,1.73));
#3542=ORIENTED_EDGE('',*,*,#3543,.T.);
#3543=EDGE_CURVE('',#3538,#3544,#3546,.T.);
#3544=VERTEX_POINT('',#3545);
#3545=CARTESIAN_POINT('',(4.47,3.655,1.58));
#3546=CIRCLE('',#3547,0.15);
#3547=AXIS2_PLACEMENT_3D('',#3548,#35,#57);
#3548=CARTESIAN_POINT('',(4.47,3.505,1.58));
#3549=ORIENTED_EDGE('',*,*,#3550,.T.);
#3550=EDGE_CURVE('',#3544,#3551,#3553,.T.);
#3551=VERTEX_POINT('',#3552);
#3552=CARTESIAN_POINT('',(4.47,3.655,1.43));
#3553=LINE('',#3554,#27);
#3554=CARTESIAN_POINT('',(4.47,3.655,2.03));
#3555=ORIENTED_EDGE('',*,*,#3556,.F.);
#3556=EDGE_CURVE('',#3557,#3551,#3504,.T.);
#3557=VERTEX_POINT('',#3558);
#3558=CARTESIAN_POINT('',(4.47,2.555,1.43));
#3559=ORIENTED_EDGE('',*,*,#3560,.F.);
#3560=EDGE_CURVE('',#3561,#3557,#3504,.T.);
#3561=VERTEX_POINT('',#3562);
#3562=CARTESIAN_POINT('',(4.47,2.405,1.43));
#3563=ORIENTED_EDGE('',*,*,#3564,.F.);
#3564=EDGE_CURVE('',#3565,#3561,#3504,.T.);
#3565=VERTEX_POINT('',#3566);
#3566=CARTESIAN_POINT('',(4.47,2.295,1.43));
#3567=ORIENTED_EDGE('',*,*,#3568,.F.);
#3568=EDGE_CURVE('',#3569,#3565,#3504,.T.);
#3569=VERTEX_POINT('',#3570);
#3570=CARTESIAN_POINT('',(4.47,2.145,1.43));
#3571=ORIENTED_EDGE('',*,*,#3572,.F.);
#3572=EDGE_CURVE('',#3191,#3569,#3504,.T.);
#3573=ORIENTED_EDGE('',*,*,#3190,.T.);
#3574=ORIENTED_EDGE('',*,*,#3575,.T.);
#3575=EDGE_CURVE('',#3186,#3576,#3578,.T.);
#3576=VERTEX_POINT('',#3577);
#3577=CARTESIAN_POINT('',(4.47,7.5E-02,1.65));
#3578=CIRCLE('',#3579,0.15);
#3579=AXIS2_PLACEMENT_3D('',#3580,#14,#46);
#3580=CARTESIAN_POINT('',(4.47,7.5E-02,1.5));
#3581=ORIENTED_EDGE('',*,*,#3582,.T.);
#3582=EDGE_CURVE('',#3576,#3583,#3585,.T.);
#3583=VERTEX_POINT('',#3584);
#3584=CARTESIAN_POINT('',(4.47,-2.5E-02,1.65));
#3585=LINE('',#3586,#56);
#3586=CARTESIAN_POINT('',(4.47,0.225,1.65));
#3587=ORIENTED_EDGE('',*,*,#3588,.T.);
#3588=EDGE_CURVE('',#3583,#3589,#3591,.T.);
#3589=VERTEX_POINT('',#3590);
#3590=CARTESIAN_POINT('',(4.47,-0.175,1.65));
#3591=LINE('',#3590,#56);
#3592=ORIENTED_EDGE('',*,*,#3593,.T.);
#3593=EDGE_CURVE('',#3589,#3594,#3591,.T.);
#3594=VERTEX_POINT('',#3595);
#3595=CARTESIAN_POINT('',(4.47,-1.475,1.65));
#3596=ORIENTED_EDGE('',*,*,#3597,.T.);
#3597=EDGE_CURVE('',#3594,#3598,#3591,.T.);
#3598=VERTEX_POINT('',#3599);
#3599=CARTESIAN_POINT('',(4.47,-1.625,1.65));
#3600=ORIENTED_EDGE('',*,*,#3601,.T.);
#3601=EDGE_CURVE('',#3598,#3602,#3585,.T.);
#3602=VERTEX_POINT('',#3603);
#3603=CARTESIAN_POINT('',(4.47,-1.725,1.65));
#3604=ORIENTED_EDGE('',*,*,#3605,.F.);
#3605=EDGE_CURVE('',#2937,#3602,#3606,.T.);
#3606=CIRCLE('',#3607,0.15);
#3607=AXIS2_PLACEMENT_3D('',#3608,#35,#57);
#3608=CARTESIAN_POINT('',(4.47,-1.725,1.5));
#3609=PLANE('',#3610);
#3610=AXIS2_PLACEMENT_3D('',#3516,#14,#13);
#3611=ADVANCED_FACE('',(#3612),#3626,.F.);
#3612=FACE_BOUND('',#3613,.F.);
#3613=EDGE_LOOP('',(#3614,#3615,#3620,#3625));
#3614=ORIENTED_EDGE('',*,*,#3605,.T.);
#3615=ORIENTED_EDGE('',*,*,#3616,.T.);
#3616=EDGE_CURVE('',#3602,#3617,#3619,.T.);
#3617=VERTEX_POINT('',#3618);
#3618=CARTESIAN_POINT('',(4.17,-1.725,1.65));
#3619=LINE('',#3603,#34);
#3620=ORIENTED_EDGE('',*,*,#3621,.F.);
#3621=EDGE_CURVE('',#2942,#3617,#3622,.T.);
#3622=CIRCLE('',#3623,0.15);
#3623=AXIS2_PLACEMENT_3D('',#3624,#35,#57);
#3624=CARTESIAN_POINT('',(4.17,-1.725,1.5));
#3625=ORIENTED_EDGE('',*,*,#2941,.F.);
#3626=CYLINDRICAL_SURFACE('',#3607,0.15);
#3627=ADVANCED_FACE('',(#3628),#3713,.T.);
#3628=FACE_BOUND('',#3629,.F.);
#3629=EDGE_LOOP('',(#3630,#3638,#3644,#2985,#3647,#3648,#3649,#3655,#3660,#3664,#3668,#3672,#3677,#3131,#3135,#3678,#3682,#3686,#3690,#3695,#3702,#3708));
#3630=ORIENTED_EDGE('',*,*,#3631,.T.);
#3631=EDGE_CURVE('',#3632,#3634,#3636,.T.);
#3632=VERTEX_POINT('',#3633);
#3633=CARTESIAN_POINT('',(4.17,2.975,1.88));
#3634=VERTEX_POINT('',#3635);
#3635=CARTESIAN_POINT('',(4.17,2.975,2.03));
#3636=LINE('',#3637,#412);
#3637=CARTESIAN_POINT('',(4.17,2.975,1.893491911619));
#3638=ORIENTED_EDGE('',*,*,#3639,.F.);
#3639=EDGE_CURVE('',#3640,#3634,#3642,.T.);
#3640=VERTEX_POINT('',#3641);
#3641=CARTESIAN_POINT('',(4.17,-3.375,2.03));
#3642=LINE('',#3643,#95);
#3643=CARTESIAN_POINT('',(4.17,-3.675,2.03));
#3644=ORIENTED_EDGE('',*,*,#3645,.T.);
#3645=EDGE_CURVE('',#3640,#2980,#3646,.T.);
#3646=LINE('',#3641,#27);
#3647=ORIENTED_EDGE('',*,*,#2946,.T.);
#3648=ORIENTED_EDGE('',*,*,#3621,.T.);
#3649=ORIENTED_EDGE('',*,*,#3650,.F.);
#3650=EDGE_CURVE('',#3651,#3617,#3653,.T.);
#3651=VERTEX_POINT('',#3652);
#3652=CARTESIAN_POINT('',(4.17,-1.625,1.65));
#3653=LINE('',#3654,#56);
#3654=CARTESIAN_POINT('',(4.17,-2.271186440678,1.65));
#3655=ORIENTED_EDGE('',*,*,#3656,.T.);
#3656=EDGE_CURVE('',#3651,#3657,#3659,.T.);
#3657=VERTEX_POINT('',#3658);
#3658=CARTESIAN_POINT('',(4.17,-1.475,1.65));
#3659=LINE('',#3658,#95);
#3660=ORIENTED_EDGE('',*,*,#3661,.T.);
#3661=EDGE_CURVE('',#3657,#3662,#3659,.T.);
#3662=VERTEX_POINT('',#3663);
#3663=CARTESIAN_POINT('',(4.17,-0.175,1.65));
#3664=ORIENTED_EDGE('',*,*,#3665,.T.);
#3665=EDGE_CURVE('',#3662,#3666,#3659,.T.);
#3666=VERTEX_POINT('',#3667);
#3667=CARTESIAN_POINT('',(4.17,-2.5E-02,1.65));
#3668=ORIENTED_EDGE('',*,*,#3669,.F.);
#3669=EDGE_CURVE('',#3670,#3666,#3653,.T.);
#3670=VERTEX_POINT('',#3671);
#3671=CARTESIAN_POINT('',(4.17,7.5E-02,1.65));
#3672=ORIENTED_EDGE('',*,*,#3673,.F.);
#3673=EDGE_CURVE('',#3180,#3670,#3674,.T.);
#3674=CIRCLE('',#3675,0.15);
#3675=AXIS2_PLACEMENT_3D('',#3676,#14,#46);
#3676=CARTESIAN_POINT('',(4.17,7.5E-02,1.5));
#3677=ORIENTED_EDGE('',*,*,#3179,.T.);
#3678=ORIENTED_EDGE('',*,*,#3679,.T.);
#3679=EDGE_CURVE('',#3137,#3680,#2987,.T.);
#3680=VERTEX_POINT('',#3681);
#3681=CARTESIAN_POINT('',(4.17,2.405,1.43));
#3682=ORIENTED_EDGE('',*,*,#3683,.T.);
#3683=EDGE_CURVE('',#3680,#3684,#2987,.T.);
#3684=VERTEX_POINT('',#3685);
#3685=CARTESIAN_POINT('',(4.17,2.555,1.43));
#3686=ORIENTED_EDGE('',*,*,#3687,.T.);
#3687=EDGE_CURVE('',#3684,#3688,#2987,.T.);
#3688=VERTEX_POINT('',#3689);
#3689=CARTESIAN_POINT('',(4.17,3.655,1.43));
#3690=ORIENTED_EDGE('',*,*,#3691,.T.);
#3691=EDGE_CURVE('',#3688,#3692,#3694,.T.);
#3692=VERTEX_POINT('',#3693);
#3693=CARTESIAN_POINT('',(4.17,3.655,1.58));
#3694=LINE('',#3689,#412);
#3695=ORIENTED_EDGE('',*,*,#3696,.F.);
#3696=EDGE_CURVE('',#3697,#3692,#3699,.T.);
#3697=VERTEX_POINT('',#3698);
#3698=CARTESIAN_POINT('',(4.17,3.505,1.73));
#3699=CIRCLE('',#3700,0.15);
#3700=AXIS2_PLACEMENT_3D('',#3701,#35,#57);
#3701=CARTESIAN_POINT('',(4.17,3.505,1.58));
#3702=ORIENTED_EDGE('',*,*,#3703,.T.);
#3703=EDGE_CURVE('',#3697,#3704,#3706,.T.);
#3704=VERTEX_POINT('',#3705);
#3705=CARTESIAN_POINT('',(4.17,3.125,1.73));
#3706=LINE('',#3707,#56);
#3707=CARTESIAN_POINT('',(4.17,-1.E-02,1.73));
#3708=ORIENTED_EDGE('',*,*,#3709,.F.);
#3709=EDGE_CURVE('',#3632,#3704,#3710,.T.);
#3710=CIRCLE('',#3711,0.15);
#3711=AXIS2_PLACEMENT_3D('',#3712,#14,#57);
#3712=CARTESIAN_POINT('',(4.17,3.125,1.88));
#3713=PLANE('',#3714);
#3714=AXIS2_PLACEMENT_3D('',#2988,#35,#28);
#3715=ADVANCED_FACE('',(#3716),#3732,.F.);
#3716=FACE_BOUND('',#3717,.T.);
#3717=EDGE_LOOP('',(#3718,#3726,#3727,#3728));
#3718=ORIENTED_EDGE('',*,*,#3719,.F.);
#3719=EDGE_CURVE('',#2980,#3720,#3722,.T.);
#3720=VERTEX_POINT('',#3721);
#3721=CARTESIAN_POINT('',(4.27,-3.675,1.43));
#3722=LINE('',#3723,#3724);
#3723=CARTESIAN_POINT('',(4.22,-3.525,1.43));
#3724=VECTOR('',#3725,1.);
#3725=DIRECTION('',(0.316227766017,-0.948683298051,2.1E-16));
#3726=ORIENTED_EDGE('',*,*,#2979,.T.);
#3727=ORIENTED_EDGE('',*,*,#3011,.T.);
#3728=ORIENTED_EDGE('',*,*,#3729,.F.);
#3729=EDGE_CURVE('',#3720,#3012,#3730,.T.);
#3730=CIRCLE('',#3731,1.08);
#3731=AXIS2_PLACEMENT_3D('',#2991,#46,#14);
#3732=CONICAL_SURFACE('',#3733,0.98,0.321750554397);
#3733=AXIS2_PLACEMENT_3D('',#2984,#57,#14);
#3734=ADVANCED_FACE('',(#3735),#3771,.F.);
#3735=FACE_BOUND('',#3736,.T.);
#3736=EDGE_LOOP('',(#3737,#3457,#3496,#3513,#3738,#3745,#3750,#3755,#3760,#3766,#3769,#3770));
#3737=ORIENTED_EDGE('',*,*,#3060,.T.);
#3738=ORIENTED_EDGE('',*,*,#3739,.F.);
#3739=EDGE_CURVE('',#3740,#3515,#3742,.T.);
#3740=VERTEX_POINT('',#3741);
#3741=CARTESIAN_POINT('',(3.19,-3.675,3.31));
#3742=CIRCLE('',#3743,1.28);
#3743=AXIS2_PLACEMENT_3D('',#3744,#46,#35);
#3744=CARTESIAN_POINT('',(3.19,-3.675,2.03));
#3745=ORIENTED_EDGE('',*,*,#3746,.F.);
#3746=EDGE_CURVE('',#3747,#3740,#3749,.T.);
#3747=VERTEX_POINT('',#3748);
#3748=CARTESIAN_POINT('',(0.,-3.675,3.31));
#3749=LINE('',#3748,#77);
#3750=ORIENTED_EDGE('',*,*,#3751,.T.);
#3751=EDGE_CURVE('',#3747,#3752,#3754,.T.);
#3752=VERTEX_POINT('',#3753);
#3753=CARTESIAN_POINT('',(0.,-3.675,3.11));
#3754=LINE('',#3748,#27);
#3755=ORIENTED_EDGE('',*,*,#3756,.T.);
#3756=EDGE_CURVE('',#3752,#3757,#3759,.T.);
#3757=VERTEX_POINT('',#3758);
#3758=CARTESIAN_POINT('',(3.19,-3.675,3.11));
#3759=LINE('',#3753,#77);
#3760=ORIENTED_EDGE('',*,*,#3761,.T.);
#3761=EDGE_CURVE('',#3757,#3762,#3764,.T.);
#3762=VERTEX_POINT('',#3763);
#3763=CARTESIAN_POINT('',(4.27,-3.675,2.03));
#3764=CIRCLE('',#3765,1.08);
#3765=AXIS2_PLACEMENT_3D('',#3744,#46,#13);
#3766=ORIENTED_EDGE('',*,*,#3767,.T.);
#3767=EDGE_CURVE('',#3762,#3720,#3768,.T.);
#3768=LINE('',#3763,#27);
#3769=ORIENTED_EDGE('',*,*,#3729,.T.);
#3770=ORIENTED_EDGE('',*,*,#3024,.T.);
#3771=PLANE('',#3772);
#3772=AXIS2_PLACEMENT_3D('',#3773,#46,#28);
#3773=CARTESIAN_POINT('',(2.453655549214,-3.675,1.73));
#3774=ADVANCED_FACE('',(#3775),#3507,.T.);
#3775=FACE_BOUND('',#3776,.F.);
#3776=EDGE_LOOP('',(#3777,#3778,#3779,#3780,#3781,#3782));
#3777=ORIENTED_EDGE('',*,*,#3083,.T.);
#3778=ORIENTED_EDGE('',*,*,#3453,.F.);
#3779=ORIENTED_EDGE('',*,*,#3196,.F.);
#3780=ORIENTED_EDGE('',*,*,#3572,.T.);
#3781=ORIENTED_EDGE('',*,*,#3568,.T.);
#3782=ORIENTED_EDGE('',*,*,#3783,.F.);
#3783=EDGE_CURVE('',#3084,#3565,#3784,.T.);
#3784=B_SPLINE_CURVE_WITH_KNOTS('',7,(#3085,#3785,#3786,#3787,#3788,#3789,#3790,#3566),.UNSPECIFIED.,.F.,.F.,(8,8),(0.,1.),.PIECEWISE_BEZIER_KNOTS.);
#3785=CARTESIAN_POINT('',(4.465159237328,2.145,1.313717502063));
#3786=CARTESIAN_POINT('',(4.468082778014,2.153841912671,1.347458489014));
#3787=CARTESIAN_POINT('',(4.469626810703,2.171550979019,1.378377193633));
#3788=CARTESIAN_POINT('',(4.469998380916,2.196943803181,1.403662977068));
#3789=CARTESIAN_POINT('',(4.470000293829,2.227811290334,1.421227336866));
#3790=CARTESIAN_POINT('',(4.47,2.261415285246,1.43));
#3791=ADVANCED_FACE('',(#3792),#3799,.F.);
#3792=FACE_BOUND('',#3793,.F.);
#3793=EDGE_LOOP('',(#3794,#3795,#3139,#3798));
#3794=ORIENTED_EDGE('',*,*,#3783,.T.);
#3795=ORIENTED_EDGE('',*,*,#3796,.T.);
#3796=EDGE_CURVE('',#3565,#3137,#3797,.T.);
#3797=LINE('',#3566,#34);
#3798=ORIENTED_EDGE('',*,*,#3092,.F.);
#3799=CYLINDRICAL_SURFACE('',#3800,0.15);
#3800=AXIS2_PLACEMENT_3D('',#3801,#35,#57);
#3801=CARTESIAN_POINT('',(4.47,2.295,1.28));
#3802=ADVANCED_FACE('',(#3803),#3811,.F.);
#3803=FACE_BOUND('',#3804,.F.);
#3804=EDGE_LOOP('',(#3805,#3806,#3809,#3810));
#3805=ORIENTED_EDGE('',*,*,#3673,.T.);
#3806=ORIENTED_EDGE('',*,*,#3807,.T.);
#3807=EDGE_CURVE('',#3670,#3576,#3808,.T.);
#3808=LINE('',#3671,#77);
#3809=ORIENTED_EDGE('',*,*,#3575,.F.);
#3810=ORIENTED_EDGE('',*,*,#3185,.F.);
#3811=CYLINDRICAL_SURFACE('',#3675,0.15);
#3812=ADVANCED_FACE('',(#3813),#3821,.F.);
#3813=FACE_BOUND('',#3814,.F.);
#3814=EDGE_LOOP('',(#3815,#3816,#3820,#3213));
#3815=ORIENTED_EDGE('',*,*,#3334,.T.);
#3816=ORIENTED_EDGE('',*,*,#3817,.T.);
#3817=EDGE_CURVE('',#3315,#3347,#3818,.T.);
#3818=LINE('',#3819,#56);
#3819=CARTESIAN_POINT('',(1.253933982822,-1.275,0.468198051534));
#3820=ORIENTED_EDGE('',*,*,#3346,.F.);
#3821=CYLINDRICAL_SURFACE('',#3822,6.213203435596E-02);
#3822=AXIS2_PLACEMENT_3D('',#3823,#57,#14);
#3823=CARTESIAN_POINT('',(1.21,-1.275,0.512132034356));
#3824=ADVANCED_FACE('',(#3825),#3833,.F.);
#3825=FACE_BOUND('',#3826,.T.);
#3826=EDGE_LOOP('',(#3827,#3828,#3832,#3226));
#3827=ORIENTED_EDGE('',*,*,#3236,.T.);
#3828=ORIENTED_EDGE('',*,*,#3829,.T.);
#3829=EDGE_CURVE('',#3237,#3415,#3830,.T.);
#3830=LINE('',#3831,#56);
#3831=CARTESIAN_POINT('',(2.286066017178,-1.275,0.468198051534));
#3832=ORIENTED_EDGE('',*,*,#3439,.F.);
#3833=CYLINDRICAL_SURFACE('',#3834,6.213203435596E-02);
#3834=AXIS2_PLACEMENT_3D('',#3835,#57,#35);
#3835=CARTESIAN_POINT('',(2.33,-1.275,0.512132034356));
#3836=ADVANCED_FACE('',(#3837),#3851,.T.);
#3837=FACE_BOUND('',#3838,.F.);
#3838=EDGE_LOOP('',(#3839,#3840,#3844,#3845,#3846,#3850));
#3839=ORIENTED_EDGE('',*,*,#3398,.F.);
#3840=ORIENTED_EDGE('',*,*,#3841,.F.);
#3841=EDGE_CURVE('',#3282,#3392,#3842,.T.);
#3842=LINE('',#3843,#56);
#3843=CARTESIAN_POINT('',(2.073933982822,-1.275,0.256066017178));
#3844=ORIENTED_EDGE('',*,*,#3302,.T.);
#3845=ORIENTED_EDGE('',*,*,#3256,.T.);
#3846=ORIENTED_EDGE('',*,*,#3847,.F.);
#3847=EDGE_CURVE('',#3427,#3257,#3848,.T.);
#3848=LINE('',#3849,#95);
#3849=CARTESIAN_POINT('',(1.813933982822,-1.275,0.516066017178));
#3850=ORIENTED_EDGE('',*,*,#3426,.F.);
#3851=PLANE('',#3852);
#3852=AXIS2_PLACEMENT_3D('',#3843,#1071,#57);
#3853=ADVANCED_FACE('',(#3854),#3872,.F.);
#3854=FACE_BOUND('',#3855,.T.);
#3855=EDGE_LOOP('',(#3856,#3863,#3869,#3269));
#3856=ORIENTED_EDGE('',*,*,#3857,.T.);
#3857=EDGE_CURVE('',#3257,#3858,#3860,.T.);
#3858=VERTEX_POINT('',#3859);
#3859=CARTESIAN_POINT('',(1.77,1.625,0.534264068712));
#3860=CIRCLE('',#3861,6.213203435594E-02);
#3861=AXIS2_PLACEMENT_3D('',#3862,#57,#35);
#3862=CARTESIAN_POINT('',(1.77,1.625,0.472132034356));
#3863=ORIENTED_EDGE('',*,*,#3864,.F.);
#3864=EDGE_CURVE('',#3865,#3858,#3867,.T.);
#3865=VERTEX_POINT('',#3866);
#3866=CARTESIAN_POINT('',(1.77,1.625,0.834264068712));
#3867=LINE('',#3868,#27);
#3868=CARTESIAN_POINT('',(1.77,1.625,3.694264068712));
#3869=ORIENTED_EDGE('',*,*,#3870,.F.);
#3870=EDGE_CURVE('',#3266,#3865,#3871,.T.);
#3871=CIRCLE('',#3861,0.362132034356);
#3872=PLANE('',#3873);
#3873=AXIS2_PLACEMENT_3D('',#3874,#57,#3251);
#3874=CARTESIAN_POINT('',(1.851179415022,1.625,0.668116479087));
#3875=ADVANCED_FACE('',(#3876),#3884,.T.);
#3876=FACE_BOUND('',#3877,.F.);
#3877=EDGE_LOOP('',(#3878,#3828,#3879,#3880));
#3878=ORIENTED_EDGE('',*,*,#3265,.F.);
#3879=ORIENTED_EDGE('',*,*,#3414,.T.);
#3880=ORIENTED_EDGE('',*,*,#3881,.F.);
#3881=EDGE_CURVE('',#3266,#3417,#3882,.T.);
#3882=LINE('',#3883,#56);
#3883=CARTESIAN_POINT('',(2.026066017178,-1.275,0.728198051534));
#3884=PLANE('',#3885);
#3885=AXIS2_PLACEMENT_3D('',#3831,#3247,#46);
#3886=ADVANCED_FACE('',(#3887),#3896,.T.);
#3887=FACE_BOUND('',#3888,.F.);
#3888=EDGE_LOOP('',(#3889,#3890,#3894,#3895));
#3889=ORIENTED_EDGE('',*,*,#3391,.F.);
#3890=ORIENTED_EDGE('',*,*,#3891,.T.);
#3891=EDGE_CURVE('',#3384,#3280,#3892,.T.);
#3892=LINE('',#3893,#95);
#3893=CARTESIAN_POINT('',(2.33,-1.275,0.15));
#3894=ORIENTED_EDGE('',*,*,#3279,.T.);
#3895=ORIENTED_EDGE('',*,*,#3841,.T.);
#3896=CYLINDRICAL_SURFACE('',#3834,0.362132034356);
#3897=ADVANCED_FACE('',(#3898),#3910,.T.);
#3898=FACE_BOUND('',#3899,.T.);
#3899=EDGE_LOOP('',(#3401,#3900,#3297,#3904,#3905,#3909));
#3900=ORIENTED_EDGE('',*,*,#3901,.F.);
#3901=EDGE_CURVE('',#3292,#3403,#3902,.T.);
#3902=LINE('',#3903,#56);
#3903=CARTESIAN_POINT('',(1.466066017178,-1.275,0.256066017178));
#3904=ORIENTED_EDGE('',*,*,#3310,.T.);
#3905=ORIENTED_EDGE('',*,*,#3906,.F.);
#3906=EDGE_CURVE('',#3369,#3311,#3907,.T.);
#3907=LINE('',#3908,#95);
#3908=CARTESIAN_POINT('',(1.726066017178,-1.275,0.516066017178));
#3909=ORIENTED_EDGE('',*,*,#3368,.F.);
#3910=PLANE('',#3911);
#3911=AXIS2_PLACEMENT_3D('',#3903,#823,#46);
#3912=ADVANCED_FACE('',(#3913),#3920,.T.);
#3913=FACE_BOUND('',#3914,.T.);
#3914=EDGE_LOOP('',(#3404,#3915,#3290,#3919));
#3915=ORIENTED_EDGE('',*,*,#3916,.T.);
#3916=EDGE_CURVE('',#3386,#3286,#3917,.T.);
#3917=LINE('',#3918,#95);
#3918=CARTESIAN_POINT('',(1.21,-1.275,0.15));
#3919=ORIENTED_EDGE('',*,*,#3901,.T.);
#3920=CYLINDRICAL_SURFACE('',#3822,0.362132034356);
#3921=ADVANCED_FACE('',(#3922),#3931,.F.);
#3922=FACE_BOUND('',#3923,.F.);
#3923=EDGE_LOOP('',(#3924,#3863,#3928,#3324));
#3924=ORIENTED_EDGE('',*,*,#3925,.T.);
#3925=EDGE_CURVE('',#3311,#3858,#3926,.T.);
#3926=CIRCLE('',#3927,6.213203435594E-02);
#3927=AXIS2_PLACEMENT_3D('',#3862,#46,#14);
#3928=ORIENTED_EDGE('',*,*,#3929,.F.);
#3929=EDGE_CURVE('',#3321,#3865,#3930,.T.);
#3930=CIRCLE('',#3927,0.362132034356);
#3931=PLANE('',#3932);
#3932=AXIS2_PLACEMENT_3D('',#3933,#57,#3340);
#3933=CARTESIAN_POINT('',(1.688820584978,1.625,0.668116479087));
#3934=ADVANCED_FACE('',(#3935),#3943,.T.);
#3935=FACE_BOUND('',#3936,.T.);
#3936=EDGE_LOOP('',(#3937,#3816,#3938,#3939));
#3937=ORIENTED_EDGE('',*,*,#3320,.F.);
#3938=ORIENTED_EDGE('',*,*,#3363,.T.);
#3939=ORIENTED_EDGE('',*,*,#3940,.F.);
#3940=EDGE_CURVE('',#3321,#3364,#3941,.T.);
#3941=LINE('',#3942,#56);
#3942=CARTESIAN_POINT('',(1.513933982822,-1.275,0.728198051534));
#3943=PLANE('',#3944);
#3944=AXIS2_PLACEMENT_3D('',#3819,#3262,#57);
#3945=ADVANCED_FACE('',(#3946),#3964,.F.);
#3946=FACE_BOUND('',#3947,.F.);
#3947=EDGE_LOOP('',(#3948,#3955,#3961,#3373));
#3948=ORIENTED_EDGE('',*,*,#3949,.T.);
#3949=EDGE_CURVE('',#3364,#3950,#3952,.T.);
#3950=VERTEX_POINT('',#3951);
#3951=CARTESIAN_POINT('',(1.77,1.125,0.834264068712));
#3952=CIRCLE('',#3953,0.362132034356);
#3953=AXIS2_PLACEMENT_3D('',#3954,#46,#14);
#3954=CARTESIAN_POINT('',(1.77,1.125,0.472132034356));
#3955=ORIENTED_EDGE('',*,*,#3956,.T.);
#3956=EDGE_CURVE('',#3950,#3957,#3959,.T.);
#3957=VERTEX_POINT('',#3958);
#3958=CARTESIAN_POINT('',(1.77,1.125,0.534264068712));
#3959=LINE('',#3960,#27);
#3960=CARTESIAN_POINT('',(1.77,1.125,3.694264068712));
#3961=ORIENTED_EDGE('',*,*,#3962,.F.);
#3962=EDGE_CURVE('',#3369,#3957,#3963,.T.);
#3963=CIRCLE('',#3953,6.213203435594E-02);
#3964=PLANE('',#3965);
#3965=AXIS2_PLACEMENT_3D('',#3966,#46,#3340);
#3966=CARTESIAN_POINT('',(1.688820584978,1.125,0.668116479087));
#3967=ADVANCED_FACE('',(#3968),#3977,.F.);
#3968=FACE_BOUND('',#3969,.T.);
#3969=EDGE_LOOP('',(#3970,#3955,#3974,#3429));
#3970=ORIENTED_EDGE('',*,*,#3971,.T.);
#3971=EDGE_CURVE('',#3417,#3950,#3972,.T.);
#3972=CIRCLE('',#3973,0.362132034356);
#3973=AXIS2_PLACEMENT_3D('',#3954,#57,#35);
#3974=ORIENTED_EDGE('',*,*,#3975,.F.);
#3975=EDGE_CURVE('',#3427,#3957,#3976,.T.);
#3976=CIRCLE('',#3973,6.213203435594E-02);
#3977=PLANE('',#3978);
#3978=AXIS2_PLACEMENT_3D('',#3979,#46,#3251);
#3979=CARTESIAN_POINT('',(1.851179415022,1.125,0.668116479087));
#3980=ADVANCED_FACE('',(#3981),#3987,.T.);
#3981=FACE_BOUND('',#3982,.F.);
#3982=EDGE_LOOP('',(#3983,#3984,#3985,#3986));
#3983=ORIENTED_EDGE('',*,*,#3474,.F.);
#3984=ORIENTED_EDGE('',*,*,#3466,.F.);
#3985=ORIENTED_EDGE('',*,*,#3490,.F.);
#3986=ORIENTED_EDGE('',*,*,#3891,.F.);
#3987=PLANE('',#3988);
#3988=AXIS2_PLACEMENT_3D('',#3472,#28,#57);
#3989=ADVANCED_FACE('',(#3990),#3993,.T.);
#3990=FACE_BOUND('',#3991,.T.);
#3991=EDGE_LOOP('',(#3476,#3480,#3486,#3992));
#3992=ORIENTED_EDGE('',*,*,#3916,.F.);
#3993=PLANE('',#3994);
#3994=AXIS2_PLACEMENT_3D('',#3995,#28,#46);
#3995=CARTESIAN_POINT('',(1.16,-1.275,0.15));
#3996=ADVANCED_FACE('',(#3997),#4002,.F.);
#3997=FACE_BOUND('',#3998,.T.);
#3998=EDGE_LOOP('',(#3649,#3999,#3600,#3615));
#3999=ORIENTED_EDGE('',*,*,#4000,.F.);
#4000=EDGE_CURVE('',#3598,#3651,#4001,.T.);
#4001=LINE('',#3599,#34);
#4002=PLANE('',#4003);
#4003=AXIS2_PLACEMENT_3D('',#4004,#13,#57);
#4004=CARTESIAN_POINT('',(3.202372881356,-0.867372881356,1.65));
#4005=ADVANCED_FACE('',(#4006),#4117,.T.);
#4006=FACE_BOUND('',#4007,.F.);
#4007=EDGE_LOOP('',(#4008,#4015,#4020,#4021,#4022,#4023,#4030,#4035,#4042,#4048,#4055,#4062,#4067,#4074,#4081,#4088,#4093,#4100,#4107,#4114));
#4008=ORIENTED_EDGE('',*,*,#4009,.F.);
#4009=EDGE_CURVE('',#4010,#4012,#4014,.T.);
#4010=VERTEX_POINT('',#4011);
#4011=CARTESIAN_POINT('',(4.47,-1.475,1.5));
#4012=VERTEX_POINT('',#4013);
#4013=CARTESIAN_POINT('',(4.47,-1.475,-1.E-15));
#4014=LINE('',#3595,#27);
#4015=ORIENTED_EDGE('',*,*,#4016,.F.);
#4016=EDGE_CURVE('',#3598,#4010,#4017,.T.);
#4017=CIRCLE('',#4018,0.15);
#4018=AXIS2_PLACEMENT_3D('',#4019,#35,#57);
#4019=CARTESIAN_POINT('',(4.47,-1.625,1.5));
#4020=ORIENTED_EDGE('',*,*,#3597,.F.);
#4021=ORIENTED_EDGE('',*,*,#3593,.F.);
#4022=ORIENTED_EDGE('',*,*,#3588,.F.);
#4023=ORIENTED_EDGE('',*,*,#4024,.T.);
#4024=EDGE_CURVE('',#3583,#4025,#4027,.T.);
#4025=VERTEX_POINT('',#4026);
#4026=CARTESIAN_POINT('',(4.47,-0.175,1.5));
#4027=CIRCLE('',#4028,0.15);
#4028=AXIS2_PLACEMENT_3D('',#4029,#14,#46);
#4029=CARTESIAN_POINT('',(4.47,-2.5E-02,1.5));
#4030=ORIENTED_EDGE('',*,*,#4031,.T.);
#4031=EDGE_CURVE('',#4025,#4032,#4034,.T.);
#4032=VERTEX_POINT('',#4033);
#4033=CARTESIAN_POINT('',(4.47,-0.175,0.15));
#4034=LINE('',#3590,#27);
#4035=ORIENTED_EDGE('',*,*,#4036,.T.);
#4036=EDGE_CURVE('',#4032,#4037,#4039,.T.);
#4037=VERTEX_POINT('',#4038);
#4038=CARTESIAN_POINT('',(4.47,-0.325,-1.E-15));
#4039=CIRCLE('',#4040,0.15);
#4040=AXIS2_PLACEMENT_3D('',#4041,#35,#28);
#4041=CARTESIAN_POINT('',(4.47,-0.325,0.15));
#4042=ORIENTED_EDGE('',*,*,#4043,.T.);
#4043=EDGE_CURVE('',#4037,#4044,#4046,.T.);
#4044=VERTEX_POINT('',#4045);
#4045=CARTESIAN_POINT('',(4.47,-0.435,-1.E-15));
#4046=LINE('',#4047,#56);
#4047=CARTESIAN_POINT('',(4.47,0.225,-8.7E-16));
#4048=ORIENTED_EDGE('',*,*,#4049,.T.);
#4049=EDGE_CURVE('',#4044,#4050,#4052,.T.);
#4050=VERTEX_POINT('',#4051);
#4051=CARTESIAN_POINT('',(4.47,-0.555,4.970562748477E-02));
#4052=CIRCLE('',#4053,0.169705627485);
#4053=AXIS2_PLACEMENT_3D('',#4054,#35,#28);
#4054=CARTESIAN_POINT('',(4.47,-0.435,0.169705627485));
#4055=ORIENTED_EDGE('',*,*,#4056,.F.);
#4056=EDGE_CURVE('',#4057,#4050,#4059,.T.);
#4057=VERTEX_POINT('',#4058);
#4058=CARTESIAN_POINT('',(4.47,-0.675,-1.E-15));
#4059=CIRCLE('',#4060,7.029437251523E-02);
#4060=AXIS2_PLACEMENT_3D('',#4061,#35,#28);
#4061=CARTESIAN_POINT('',(4.47,-0.604705627485,-6.8E-16));
#4062=ORIENTED_EDGE('',*,*,#4063,.F.);
#4063=EDGE_CURVE('',#4064,#4057,#4066,.T.);
#4064=VERTEX_POINT('',#4065);
#4065=CARTESIAN_POINT('',(4.47,-0.675,-0.43));
#4066=LINE('',#4065,#412);
#4067=ORIENTED_EDGE('',*,*,#4068,.T.);
#4068=EDGE_CURVE('',#4064,#4069,#4071,.T.);
#4069=VERTEX_POINT('',#4070);
#4070=CARTESIAN_POINT('',(4.47,-0.712669238725,-0.63));
#4071=CIRCLE('',#4072,0.549771815781);
#4072=AXIS2_PLACEMENT_3D('',#4073,#35,#28);
#4073=CARTESIAN_POINT('',(4.47,-1.224771815781,-0.43));
#4074=ORIENTED_EDGE('',*,*,#4075,.F.);
#4075=EDGE_CURVE('',#4076,#4069,#4078,.T.);
#4076=VERTEX_POINT('',#4077);
#4077=CARTESIAN_POINT('',(4.47,-0.798589524956,-0.85));
#4078=LINE('',#4077,#4079);
#4079=VECTOR('',#4080,1.);
#4080=DIRECTION('',(2.9E-16,0.363787291853,0.93148204829));
#4081=ORIENTED_EDGE('',*,*,#4082,.T.);
#4082=EDGE_CURVE('',#4076,#4083,#4085,.T.);
#4083=VERTEX_POINT('',#4084);
#4084=CARTESIAN_POINT('',(4.47,-0.945,-0.95));
#4085=CIRCLE('',#4086,0.157180136013);
#4086=AXIS2_PLACEMENT_3D('',#4087,#35,#28);
#4087=CARTESIAN_POINT('',(4.47,-0.945,-0.792819863987));
#4088=ORIENTED_EDGE('',*,*,#4089,.F.);
#4089=EDGE_CURVE('',#4090,#4083,#4092,.T.);
#4090=VERTEX_POINT('',#4091);
#4091=CARTESIAN_POINT('',(4.47,-1.205,-0.95));
#4092=LINE('',#4091,#95);
#4093=ORIENTED_EDGE('',*,*,#4094,.T.);
#4094=EDGE_CURVE('',#4090,#4095,#4097,.T.);
#4095=VERTEX_POINT('',#4096);
#4096=CARTESIAN_POINT('',(4.47,-1.351410475044,-0.85));
#4097=CIRCLE('',#4098,0.157180136013);
#4098=AXIS2_PLACEMENT_3D('',#4099,#35,#28);
#4099=CARTESIAN_POINT('',(4.47,-1.205,-0.792819863987));
#4100=ORIENTED_EDGE('',*,*,#4101,.F.);
#4101=EDGE_CURVE('',#4102,#4095,#4104,.T.);
#4102=VERTEX_POINT('',#4103);
#4103=CARTESIAN_POINT('',(4.47,-1.437330761275,-0.63));
#4104=LINE('',#4103,#4105);
#4105=VECTOR('',#4106,1.);
#4106=DIRECTION('',(-1.3E-16,0.363787291853,-0.93148204829));
#4107=ORIENTED_EDGE('',*,*,#4108,.T.);
#4108=EDGE_CURVE('',#4102,#4109,#4111,.T.);
#4109=VERTEX_POINT('',#4110);
#4110=CARTESIAN_POINT('',(4.47,-1.475,-0.43));
#4111=CIRCLE('',#4112,0.549771815781);
#4112=AXIS2_PLACEMENT_3D('',#4113,#35,#28);
#4113=CARTESIAN_POINT('',(4.47,-0.925228184219,-0.43));
#4114=ORIENTED_EDGE('',*,*,#4115,.F.);
#4115=EDGE_CURVE('',#4012,#4109,#4116,.T.);
#4116=LINE('',#4013,#27);
#4117=PLANE('',#4118);
#4118=AXIS2_PLACEMENT_3D('',#3590,#14,#46);
#4119=ADVANCED_FACE('',(#4120),#4168,.T.);
#4120=FACE_BOUND('',#4121,.F.);
#4121=EDGE_LOOP('',(#4122,#4129,#3738,#4130,#4135,#4142,#4153,#4159));
#4122=ORIENTED_EDGE('',*,*,#4123,.T.);
#4123=EDGE_CURVE('',#4124,#3520,#4126,.T.);
#4124=VERTEX_POINT('',#4125);
#4125=CARTESIAN_POINT('',(4.273127988316,2.975,2.712080465141));
#4126=CIRCLE('',#4127,1.28);
#4127=AXIS2_PLACEMENT_3D('',#4128,#46,#35);
#4128=CARTESIAN_POINT('',(3.19,2.975,2.03));
#4129=ORIENTED_EDGE('',*,*,#3519,.F.);
#4130=ORIENTED_EDGE('',*,*,#4131,.T.);
#4131=EDGE_CURVE('',#3740,#4132,#4134,.T.);
#4132=VERTEX_POINT('',#4133);
#4133=CARTESIAN_POINT('',(3.19,3.655,3.31));
#4134=LINE('',#3741,#95);
#4135=ORIENTED_EDGE('',*,*,#4136,.T.);
#4136=EDGE_CURVE('',#4132,#4137,#4139,.T.);
#4137=VERTEX_POINT('',#4138);
#4138=CARTESIAN_POINT('',(4.080897987335,3.655,2.94907604482));
#4139=CIRCLE('',#4140,1.28);
#4140=AXIS2_PLACEMENT_3D('',#4141,#46,#35);
#4141=CARTESIAN_POINT('',(3.19,3.655,2.03));
#4142=ORIENTED_EDGE('',*,*,#4143,.F.);
#4143=EDGE_CURVE('',#4144,#4137,#4146,.T.);
#4144=VERTEX_POINT('',#4145);
#4145=CARTESIAN_POINT('',(4.185170055005,3.505,2.835007181099));
#4146=B_SPLINE_CURVE_WITH_KNOTS('',7,(#4145,#4147,#4148,#4149,#4150,#4151,#4152,#4138),.UNSPECIFIED.,.F.,.F.,(8,8),(0.,1.),.PIECEWISE_BEZIER_KNOTS.);
#4147=CARTESIAN_POINT('',(4.185170055005,3.538610316574,2.835007181099));
#4148=CARTESIAN_POINT('',(4.179551230761,3.572246840026,2.841954045556));
#4149=CARTESIAN_POINT('',(4.168294238929,3.603135959511,2.855865985796));
#4150=CARTESIAN_POINT('',(4.151754459514,3.628515289517,2.875702018517));
#4151=CARTESIAN_POINT('',(4.130545949646,3.646184748977,2.899370584482));
#4152=CARTESIAN_POINT('',(4.106229442044,3.655,2.924521230076));
#4153=ORIENTED_EDGE('',*,*,#4154,.T.);
#4154=EDGE_CURVE('',#4144,#4155,#4157,.T.);
#4155=VERTEX_POINT('',#4156);
#4156=CARTESIAN_POINT('',(4.185170055005,3.125,2.835007181099));
#4157=LINE('',#4158,#56);
#4158=CARTESIAN_POINT('',(4.185170055005,-3.675,2.835007181099));
#4159=ORIENTED_EDGE('',*,*,#4160,.F.);
#4160=EDGE_CURVE('',#4124,#4155,#4161,.T.);
#4161=B_SPLINE_CURVE_WITH_KNOTS('',7,(#4125,#4162,#4163,#4164,#4165,#4166,#4167,#4156),.UNSPECIFIED.,.F.,.F.,(8,8),(0.,1.),.PIECEWISE_BEZIER_KNOTS.);
#4162=CARTESIAN_POINT('',(4.255116155438,2.975,2.740682838773));
#4163=CARTESIAN_POINT('',(4.236180983071,2.98384877242,2.768796596856));
#4164=CARTESIAN_POINT('',(4.217836773447,3.001560595135,2.794005959789));
#4165=CARTESIAN_POINT('',(4.202018150951,3.026942094834,2.81417829515));
#4166=CARTESIAN_POINT('',(4.190782914416,3.057802094131,2.828068460405));
#4167=CARTESIAN_POINT('',(4.185170055005,3.091408514908,2.835007181099));
#4168=CYLINDRICAL_SURFACE('',#4169,1.28);
#4169=AXIS2_PLACEMENT_3D('',#3744,#57,#35);
#4170=ADVANCED_FACE('',(#4171),#4190,.T.);
#4171=FACE_BOUND('',#4172,.F.);
#4172=EDGE_LOOP('',(#4173,#4174,#4177,#4178,#4179,#4187));
#4173=ORIENTED_EDGE('',*,*,#3631,.F.);
#4174=ORIENTED_EDGE('',*,*,#4175,.F.);
#4175=EDGE_CURVE('',#3525,#3632,#4176,.T.);
#4176=LINE('',#3526,#34);
#4177=ORIENTED_EDGE('',*,*,#3524,.F.);
#4178=ORIENTED_EDGE('',*,*,#4123,.F.);
#4179=ORIENTED_EDGE('',*,*,#4180,.T.);
#4180=EDGE_CURVE('',#4124,#4181,#4183,.T.);
#4181=VERTEX_POINT('',#4182);
#4182=CARTESIAN_POINT('',(4.008762854678,2.975,2.568541909047));
#4183=LINE('',#4184,#4185);
#4184=CARTESIAN_POINT('',(4.256743869044,2.975,2.703184614199));
#4185=VECTOR('',#4186,1.);
#4186=DIRECTION('',(-0.878817112662,-1.6E-16,-0.47715876026));
#4187=ORIENTED_EDGE('',*,*,#4188,.T.);
#4188=EDGE_CURVE('',#4181,#3634,#4189,.T.);
#4189=CIRCLE('',#4127,0.98);
#4190=PLANE('',#4191);
#4191=AXIS2_PLACEMENT_3D('',#4192,#46,#28);
#4192=CARTESIAN_POINT('',(4.364787062796,2.975,2.356983823237));
#4193=ADVANCED_FACE('',(#4194),#4199,.F.);
#4194=FACE_BOUND('',#4195,.T.);
#4195=EDGE_LOOP('',(#3529,#4196,#3708,#4174));
#4196=ORIENTED_EDGE('',*,*,#4197,.T.);
#4197=EDGE_CURVE('',#3531,#3704,#4198,.T.);
#4198=LINE('',#3532,#34);
#4199=CYLINDRICAL_SURFACE('',#4200,0.15);
#4200=AXIS2_PLACEMENT_3D('',#3535,#35,#57);
#4201=ADVANCED_FACE('',(#4202),#4002,.F.);
#4202=FACE_BOUND('',#4203,.T.);
#4203=EDGE_LOOP('',(#3668,#3806,#3581,#4204));
#4204=ORIENTED_EDGE('',*,*,#4205,.F.);
#4205=EDGE_CURVE('',#3666,#3583,#4206,.T.);
#4206=LINE('',#3667,#77);
#4207=ADVANCED_FACE('',(#4208),#4215,.T.);
#4208=FACE_BOUND('',#4209,.F.);
#4209=EDGE_LOOP('',(#4210,#4211,#4214,#4196));
#4210=ORIENTED_EDGE('',*,*,#3703,.F.);
#4211=ORIENTED_EDGE('',*,*,#4212,.F.);
#4212=EDGE_CURVE('',#3538,#3697,#4213,.T.);
#4213=LINE('',#3539,#34);
#4214=ORIENTED_EDGE('',*,*,#3537,.F.);
#4215=PLANE('',#4216);
#4216=AXIS2_PLACEMENT_3D('',#4217,#13,#14);
#4217=CARTESIAN_POINT('',(5.833541772067,3.655,1.73));
#4218=ADVANCED_FACE('',(#4219),#4224,.T.);
#4219=FACE_BOUND('',#4220,.T.);
#4220=EDGE_LOOP('',(#3542,#4221,#3695,#4211));
#4221=ORIENTED_EDGE('',*,*,#4222,.T.);
#4222=EDGE_CURVE('',#3544,#3692,#4223,.T.);
#4223=LINE('',#3545,#34);
#4224=CYLINDRICAL_SURFACE('',#4225,0.15);
#4225=AXIS2_PLACEMENT_3D('',#3548,#35,#13);
#4226=ADVANCED_FACE('',(#4227),#4235,.T.);
#4227=FACE_BOUND('',#4228,.F.);
#4228=EDGE_LOOP('',(#4229,#4221,#4230,#4231));
#4229=ORIENTED_EDGE('',*,*,#3550,.F.);
#4230=ORIENTED_EDGE('',*,*,#3691,.F.);
#4231=ORIENTED_EDGE('',*,*,#4232,.T.);
#4232=EDGE_CURVE('',#3688,#3551,#4233,.T.);
#4233=LINE('',#4234,#77);
#4234=CARTESIAN_POINT('',(0.,3.655,1.43));
#4235=PLANE('',#4236);
#4236=AXIS2_PLACEMENT_3D('',#4237,#46,#28);
#4237=CARTESIAN_POINT('',(2.453655549214,3.655,1.73));
#4238=ADVANCED_FACE('',(#4239),#4315,.T.);
#4239=FACE_BOUND('',#4240,.F.);
#4240=EDGE_LOOP('',(#4241,#4248,#4253,#4254,#4255,#4260,#4265,#4272,#4279,#4286,#4291,#4298,#4305,#4312));
#4241=ORIENTED_EDGE('',*,*,#4242,.F.);
#4242=EDGE_CURVE('',#4243,#4245,#4247,.T.);
#4243=VERTEX_POINT('',#4244);
#4244=CARTESIAN_POINT('',(4.47,2.555,1.28));
#4245=VERTEX_POINT('',#4246);
#4246=CARTESIAN_POINT('',(4.47,2.555,1.E-01));
#4247=LINE('',#3558,#27);
#4248=ORIENTED_EDGE('',*,*,#4249,.F.);
#4249=EDGE_CURVE('',#3561,#4243,#4250,.T.);
#4250=CIRCLE('',#4251,0.15);
#4251=AXIS2_PLACEMENT_3D('',#4252,#35,#57);
#4252=CARTESIAN_POINT('',(4.47,2.405,1.28));
#4253=ORIENTED_EDGE('',*,*,#3560,.T.);
#4254=ORIENTED_EDGE('',*,*,#3556,.T.);
#4255=ORIENTED_EDGE('',*,*,#4256,.T.);
#4256=EDGE_CURVE('',#3551,#4257,#4259,.T.);
#4257=VERTEX_POINT('',#4258);
#4258=CARTESIAN_POINT('',(4.47,3.655,1.E-01));
#4259=LINE('',#3552,#27);
#4260=ORIENTED_EDGE('',*,*,#4261,.T.);
#4261=EDGE_CURVE('',#4257,#4262,#4264,.T.);
#4262=VERTEX_POINT('',#4263);
#4263=CARTESIAN_POINT('',(4.47,3.655,-0.33));
#4264=LINE('',#4258,#27);
#4265=ORIENTED_EDGE('',*,*,#4266,.T.);
#4266=EDGE_CURVE('',#4262,#4267,#4269,.T.);
#4267=VERTEX_POINT('',#4268);
#4268=CARTESIAN_POINT('',(4.47,3.603108762905,-0.53));
#4269=CIRCLE('',#4270,0.411367148648);
#4270=AXIS2_PLACEMENT_3D('',#4271,#35,#28);
#4271=CARTESIAN_POINT('',(4.47,3.243632851352,-0.33));
#4272=ORIENTED_EDGE('',*,*,#4273,.T.);
#4273=EDGE_CURVE('',#4267,#4274,#4276,.T.);
#4274=VERTEX_POINT('',#4275);
#4275=CARTESIAN_POINT('',(4.47,3.425071798694,-0.85));
#4276=LINE('',#4268,#4277);
#4277=VECTOR('',#4278,1.);
#4278=DIRECTION('',(-3.E-16,-0.486183694195,-0.873856633264));
#4279=ORIENTED_EDGE('',*,*,#4280,.T.);
#4280=EDGE_CURVE('',#4274,#4281,#4283,.T.);
#4281=VERTEX_POINT('',#4282);
#4282=CARTESIAN_POINT('',(4.47,3.255,-0.95));
#4283=CIRCLE('',#4284,0.194622083554);
#4284=AXIS2_PLACEMENT_3D('',#4285,#35,#28);
#4285=CARTESIAN_POINT('',(4.47,3.255,-0.755377916446));
#4286=ORIENTED_EDGE('',*,*,#4287,.F.);
#4287=EDGE_CURVE('',#4288,#4281,#4290,.T.);
#4288=VERTEX_POINT('',#4289);
#4289=CARTESIAN_POINT('',(4.47,2.955,-0.95));
#4290=LINE('',#4289,#95);
#4291=ORIENTED_EDGE('',*,*,#4292,.T.);
#4292=EDGE_CURVE('',#4288,#4293,#4295,.T.);
#4293=VERTEX_POINT('',#4294);
#4294=CARTESIAN_POINT('',(4.47,2.784928201306,-0.85));
#4295=CIRCLE('',#4296,0.194622083554);
#4296=AXIS2_PLACEMENT_3D('',#4297,#35,#28);
#4297=CARTESIAN_POINT('',(4.47,2.955,-0.755377916446));
#4298=ORIENTED_EDGE('',*,*,#4299,.T.);
#4299=EDGE_CURVE('',#4293,#4300,#4302,.T.);
#4300=VERTEX_POINT('',#4301);
#4301=CARTESIAN_POINT('',(4.47,2.606891237095,-0.53));
#4302=LINE('',#4294,#4303);
#4303=VECTOR('',#4304,1.);
#4304=DIRECTION('',(9.E-17,-0.486183694195,0.873856633264));
#4305=ORIENTED_EDGE('',*,*,#4306,.T.);
#4306=EDGE_CURVE('',#4300,#4307,#4309,.T.);
#4307=VERTEX_POINT('',#4308);
#4308=CARTESIAN_POINT('',(4.47,2.555,-0.33));
#4309=CIRCLE('',#4310,0.411367148648);
#4310=AXIS2_PLACEMENT_3D('',#4311,#35,#28);
#4311=CARTESIAN_POINT('',(4.47,2.966367148648,-0.33));
#4312=ORIENTED_EDGE('',*,*,#4313,.F.);
#4313=EDGE_CURVE('',#4245,#4307,#4314,.T.);
#4314=LINE('',#4246,#27);
#4315=PLANE('',#4316);
#4316=AXIS2_PLACEMENT_3D('',#3552,#14,#46);
#4317=ADVANCED_FACE('',(#4318),#4323,.F.);
#4318=FACE_BOUND('',#4319,.T.);
#4319=EDGE_LOOP('',(#3563,#3795,#3678,#4320));
#4320=ORIENTED_EDGE('',*,*,#4321,.F.);
#4321=EDGE_CURVE('',#3561,#3680,#4322,.T.);
#4322=LINE('',#3562,#34);
#4323=PLANE('',#4324);
#4324=AXIS2_PLACEMENT_3D('',#4325,#13,#57);
#4325=CARTESIAN_POINT('',(2.235,2.9,1.43));
#4326=ADVANCED_FACE('',(#4327),#4383,.F.);
#4327=FACE_BOUND('',#4328,.T.);
#4328=EDGE_LOOP('',(#4187,#3638,#4329,#4336,#4342,#4347,#4362,#4368));
#4329=ORIENTED_EDGE('',*,*,#4330,.F.);
#4330=EDGE_CURVE('',#4331,#3640,#4333,.T.);
#4331=VERTEX_POINT('',#4332);
#4332=CARTESIAN_POINT('',(3.19,-3.375,3.01));
#4333=CIRCLE('',#4334,0.98);
#4334=AXIS2_PLACEMENT_3D('',#4335,#46,#13);
#4335=CARTESIAN_POINT('',(3.19,-3.375,2.03));
#4336=ORIENTED_EDGE('',*,*,#4337,.T.);
#4337=EDGE_CURVE('',#4331,#4338,#4340,.T.);
#4338=VERTEX_POINT('',#4339);
#4339=CARTESIAN_POINT('',(3.19,3.655,3.01));
#4340=LINE('',#4341,#95);
#4341=CARTESIAN_POINT('',(3.19,-3.675,3.01));
#4342=ORIENTED_EDGE('',*,*,#4343,.T.);
#4343=EDGE_CURVE('',#4338,#4344,#4346,.T.);
#4344=VERTEX_POINT('',#4345);
#4345=CARTESIAN_POINT('',(3.800333397571,3.655,2.796741901691));
#4346=CIRCLE('',#4140,0.98);
#4347=ORIENTED_EDGE('',*,*,#4348,.F.);
#4348=EDGE_CURVE('',#4349,#4344,#4351,.T.);
#4349=VERTEX_POINT('',#4350);
#4350=CARTESIAN_POINT('',(3.915643659444,3.505,2.688666288426));
#4351=B_SPLINE_CURVE_WITH_KNOTS('',6,(#4350,#4352,#4353,#4354,#4355,#4356,#4357,#4358,#4359,#4360,#4361,#4345),.UNSPECIFIED.,.F.,.F.,(7,5,7),(0.,0.489172392885,1.),.UNSPECIFIED.);
#4352=CARTESIAN_POINT('',(3.915643659444,3.524251727571,2.688666288426));
#4353=CARTESIAN_POINT('',(3.913592143555,3.543504289991,2.690926293188));
#4354=CARTESIAN_POINT('',(3.909489248468,3.562182567974,2.695446954512));
#4355=CARTESIAN_POINT('',(3.903373111985,3.579713111031,2.702077607346));
#4356=CARTESIAN_POINT('',(3.895323842392,3.595583319391,2.710523688846));
#4357=CARTESIAN_POINT('',(3.875253184795,3.623801592332,2.730742365205));
#4358=CARTESIAN_POINT('',(3.863070351446,3.635964343899,2.742646758959));
#4359=CARTESIAN_POINT('',(3.849144686429,3.645409951894,2.755704716179));
#4360=CARTESIAN_POINT('',(3.833754873446,3.651806994787,2.76940127666));
#4361=CARTESIAN_POINT('',(3.817311363674,3.655,2.783227289131));
#4362=ORIENTED_EDGE('',*,*,#4363,.T.);
#4363=EDGE_CURVE('',#4349,#4364,#4366,.T.);
#4364=VERTEX_POINT('',#4365);
#4365=CARTESIAN_POINT('',(3.915643659444,3.125,2.688666288426));
#4366=LINE('',#4367,#56);
#4367=CARTESIAN_POINT('',(3.915643659444,-3.675,2.688666288426));
#4368=ORIENTED_EDGE('',*,*,#4369,.F.);
#4369=EDGE_CURVE('',#4181,#4364,#4370,.T.);
#4370=B_SPLINE_CURVE_WITH_KNOTS('',7,(#4182,#4371,#4372,#4373,#4374,#4375,#4376,#4377,#4378,#4379,#4380,#4381,#4382,#4365),.UNSPECIFIED.,.F.,.F.,(8,6,8),(0.,0.340094019063,1.),.UNSPECIFIED.);
#4371=CARTESIAN_POINT('',(4.002450126516,2.975,2.578139355864));
#4372=CARTESIAN_POINT('',(3.995999367444,2.976019042305,2.587660979203));
#4373=CARTESIAN_POINT('',(3.989469843279,2.978057004764,2.597014791523));
#4374=CARTESIAN_POINT('',(3.982929154365,2.981098833127,2.606113891833));
#4375=CARTESIAN_POINT('',(3.976450742765,2.985115288964,2.61487773092));
#4376=CARTESIAN_POINT('',(3.970111399441,2.990063697583,2.62323337656));
#4377=CARTESIAN_POINT('',(3.952108648261,3.007191309478,2.646413443664));
#4378=CARTESIAN_POINT('',(3.941042550017,3.021795914339,2.659933926057));
#4379=CARTESIAN_POINT('',(3.931357439303,3.039299196767,2.671205661826));
#4380=CARTESIAN_POINT('',(3.923619688924,3.059120909188,2.679879018284));
#4381=CARTESIAN_POINT('',(3.918302036757,3.08054538924,2.6857376238));
#4382=CARTESIAN_POINT('',(3.915643659444,3.102773805504,2.688666288426));
#4383=CYLINDRICAL_SURFACE('',#4169,0.98);
#4384=ADVANCED_FACE('',(#4385),#4392,.F.);
#4385=FACE_BOUND('',#4386,.T.);
#4386=EDGE_LOOP('',(#4387,#3644,#4390,#4391));
#4387=ORIENTED_EDGE('',*,*,#4388,.F.);
#4388=EDGE_CURVE('',#3640,#3762,#4389,.T.);
#4389=LINE('',#3641,#3724);
#4390=ORIENTED_EDGE('',*,*,#3719,.T.);
#4391=ORIENTED_EDGE('',*,*,#3767,.F.);
#4392=PLANE('',#4393);
#4393=AXIS2_PLACEMENT_3D('',#4394,#4395,#13);
#4394=CARTESIAN_POINT('',(4.22,-3.525,2.03));
#4395=DIRECTION('',(0.948683298051,0.316227766017,-7.E-17));
#4396=ADVANCED_FACE('',(#4397),#4474,.T.);
#4397=FACE_BOUND('',#4398,.F.);
#4398=EDGE_LOOP('',(#4399,#4406,#4410,#4417,#4425,#4432,#4438,#4445,#4453,#4460,#4465,#4467,#4468,#4469));
#4399=ORIENTED_EDGE('',*,*,#4400,.T.);
#4400=EDGE_CURVE('',#4401,#4403,#4405,.T.);
#4401=VERTEX_POINT('',#4402);
#4402=CARTESIAN_POINT('',(4.17,2.555,1.28));
#4403=VERTEX_POINT('',#4404);
#4404=CARTESIAN_POINT('',(4.17,2.555,1.E-01));
#4405=LINE('',#3685,#27);
#4406=ORIENTED_EDGE('',*,*,#4407,.T.);
#4407=EDGE_CURVE('',#4403,#4408,#4405,.T.);
#4408=VERTEX_POINT('',#4409);
#4409=CARTESIAN_POINT('',(4.17,2.555,-0.33));
#4410=ORIENTED_EDGE('',*,*,#4411,.F.);
#4411=EDGE_CURVE('',#4412,#4408,#4414,.T.);
#4412=VERTEX_POINT('',#4413);
#4413=CARTESIAN_POINT('',(4.17,2.606891237095,-0.53));
#4414=CIRCLE('',#4415,0.411367148648);
#4415=AXIS2_PLACEMENT_3D('',#4416,#35,#28);
#4416=CARTESIAN_POINT('',(4.17,2.966367148648,-0.33));
#4417=ORIENTED_EDGE('',*,*,#4418,.T.);
#4418=EDGE_CURVE('',#4412,#4419,#4421,.T.);
#4419=VERTEX_POINT('',#4420);
#4420=CARTESIAN_POINT('',(4.17,2.784928201306,-0.85));
#4421=LINE('',#4422,#4423);
#4422=CARTESIAN_POINT('',(4.17,2.273419085163,6.937602896576E-02));
#4423=VECTOR('',#4424,1.);
#4424=DIRECTION('',(0.,0.486183694195,-0.873856633264));
#4425=ORIENTED_EDGE('',*,*,#4426,.F.);
#4426=EDGE_CURVE('',#4427,#4419,#4429,.T.);
#4427=VERTEX_POINT('',#4428);
#4428=CARTESIAN_POINT('',(4.17,2.955,-0.95));
#4429=CIRCLE('',#4430,0.194622083554);
#4430=AXIS2_PLACEMENT_3D('',#4431,#35,#28);
#4431=CARTESIAN_POINT('',(4.17,2.955,-0.755377916446));
#4432=ORIENTED_EDGE('',*,*,#4433,.F.);
#4433=EDGE_CURVE('',#4434,#4427,#4436,.T.);
#4434=VERTEX_POINT('',#4435);
#4435=CARTESIAN_POINT('',(4.17,3.255,-0.95));
#4436=LINE('',#4437,#56);
#4437=CARTESIAN_POINT('',(4.17,2.755,-0.95));
#4438=ORIENTED_EDGE('',*,*,#4439,.F.);
#4439=EDGE_CURVE('',#4440,#4434,#4442,.T.);
#4440=VERTEX_POINT('',#4441);
#4441=CARTESIAN_POINT('',(4.17,3.425071798694,-0.85));
#4442=CIRCLE('',#4443,0.194622083554);
#4443=AXIS2_PLACEMENT_3D('',#4444,#35,#28);
#4444=CARTESIAN_POINT('',(4.17,3.255,-0.755377916446));
#4445=ORIENTED_EDGE('',*,*,#4446,.T.);
#4446=EDGE_CURVE('',#4440,#4447,#4449,.T.);
#4447=VERTEX_POINT('',#4448);
#4448=CARTESIAN_POINT('',(4.17,3.603108762905,-0.53));
#4449=LINE('',#4450,#4451);
#4450=CARTESIAN_POINT('',(4.17,3.895593375467,-4.294136420415E-03));
#4451=VECTOR('',#4452,1.);
#4452=DIRECTION('',(0.,0.486183694195,0.873856633264));
#4453=ORIENTED_EDGE('',*,*,#4454,.F.);
#4454=EDGE_CURVE('',#4455,#4447,#4457,.T.);
#4455=VERTEX_POINT('',#4456);
#4456=CARTESIAN_POINT('',(4.17,3.655,-0.33));
#4457=CIRCLE('',#4458,0.411367148648);
#4458=AXIS2_PLACEMENT_3D('',#4459,#35,#28);
#4459=CARTESIAN_POINT('',(4.17,3.243632851352,-0.33));
#4460=ORIENTED_EDGE('',*,*,#4461,.F.);
#4461=EDGE_CURVE('',#4462,#4455,#4464,.T.);
#4462=VERTEX_POINT('',#4463);
#4463=CARTESIAN_POINT('',(4.17,3.655,1.E-01));
#4464=LINE('',#3689,#27);
#4465=ORIENTED_EDGE('',*,*,#4466,.F.);
#4466=EDGE_CURVE('',#3688,#4462,#4464,.T.);
#4467=ORIENTED_EDGE('',*,*,#3687,.F.);
#4468=ORIENTED_EDGE('',*,*,#3683,.F.);
#4469=ORIENTED_EDGE('',*,*,#4470,.T.);
#4470=EDGE_CURVE('',#3680,#4401,#4471,.T.);
#4471=CIRCLE('',#4472,0.15);
#4472=AXIS2_PLACEMENT_3D('',#4473,#35,#57);
#4473=CARTESIAN_POINT('',(4.17,2.405,1.28));
#4474=PLANE('',#4475);
#4475=AXIS2_PLACEMENT_3D('',#3685,#35,#57);
#4476=ADVANCED_FACE('',(#4477),#4591,.T.);
#4477=FACE_BOUND('',#4478,.F.);
#4478=EDGE_LOOP('',(#4479,#4486,#4491,#4492,#4493,#4494,#4501,#4506,#4510,#4517,#4525,#4532,#4538,#4545,#4553,#4560,#4566,#4573,#4580,#4586));
#4479=ORIENTED_EDGE('',*,*,#4480,.F.);
#4480=EDGE_CURVE('',#4481,#4483,#4485,.T.);
#4481=VERTEX_POINT('',#4482);
#4482=CARTESIAN_POINT('',(4.17,-0.175,1.5));
#4483=VERTEX_POINT('',#4484);
#4484=CARTESIAN_POINT('',(4.17,-0.175,0.15));
#4485=LINE('',#3663,#27);
#4486=ORIENTED_EDGE('',*,*,#4487,.F.);
#4487=EDGE_CURVE('',#3666,#4481,#4488,.T.);
#4488=CIRCLE('',#4489,0.15);
#4489=AXIS2_PLACEMENT_3D('',#4490,#14,#46);
#4490=CARTESIAN_POINT('',(4.17,-2.5E-02,1.5));
#4491=ORIENTED_EDGE('',*,*,#3665,.F.);
#4492=ORIENTED_EDGE('',*,*,#3661,.F.);
#4493=ORIENTED_EDGE('',*,*,#3656,.F.);
#4494=ORIENTED_EDGE('',*,*,#4495,.T.);
#4495=EDGE_CURVE('',#3651,#4496,#4498,.T.);
#4496=VERTEX_POINT('',#4497);
#4497=CARTESIAN_POINT('',(4.17,-1.475,1.5));
#4498=CIRCLE('',#4499,0.15);
#4499=AXIS2_PLACEMENT_3D('',#4500,#35,#57);
#4500=CARTESIAN_POINT('',(4.17,-1.625,1.5));
#4501=ORIENTED_EDGE('',*,*,#4502,.T.);
#4502=EDGE_CURVE('',#4496,#4503,#4505,.T.);
#4503=VERTEX_POINT('',#4504);
#4504=CARTESIAN_POINT('',(4.17,-1.475,-1.E-15));
#4505=LINE('',#3658,#27);
#4506=ORIENTED_EDGE('',*,*,#4507,.T.);
#4507=EDGE_CURVE('',#4503,#4508,#4505,.T.);
#4508=VERTEX_POINT('',#4509);
#4509=CARTESIAN_POINT('',(4.17,-1.475,-0.43));
#4510=ORIENTED_EDGE('',*,*,#4511,.F.);
#4511=EDGE_CURVE('',#4512,#4508,#4514,.T.);
#4512=VERTEX_POINT('',#4513);
#4513=CARTESIAN_POINT('',(4.17,-1.437330761275,-0.63));
#4514=CIRCLE('',#4515,0.549771815781);
#4515=AXIS2_PLACEMENT_3D('',#4516,#35,#28);
#4516=CARTESIAN_POINT('',(4.17,-0.925228184219,-0.43));
#4517=ORIENTED_EDGE('',*,*,#4518,.F.);
#4518=EDGE_CURVE('',#4519,#4512,#4521,.T.);
#4519=VERTEX_POINT('',#4520);
#4520=CARTESIAN_POINT('',(4.17,-1.351410475044,-0.85));
#4521=LINE('',#4522,#4523);
#4522=CARTESIAN_POINT('',(4.17,-1.826125275487,0.365513363367));
#4523=VECTOR('',#4524,1.);
#4524=DIRECTION('',(0.,-0.363787291853,0.93148204829));
#4525=ORIENTED_EDGE('',*,*,#4526,.F.);
#4526=EDGE_CURVE('',#4527,#4519,#4529,.T.);
#4527=VERTEX_POINT('',#4528);
#4528=CARTESIAN_POINT('',(4.17,-1.205,-0.95));
#4529=CIRCLE('',#4530,0.157180136013);
#4530=AXIS2_PLACEMENT_3D('',#4531,#35,#28);
#4531=CARTESIAN_POINT('',(4.17,-1.205,-0.792819863987));
#4532=ORIENTED_EDGE('',*,*,#4533,.F.);
#4533=EDGE_CURVE('',#4534,#4527,#4536,.T.);
#4534=VERTEX_POINT('',#4535);
#4535=CARTESIAN_POINT('',(4.17,-0.945,-0.95));
#4536=LINE('',#4537,#56);
#4537=CARTESIAN_POINT('',(4.17,-1.34,-0.95));
#4538=ORIENTED_EDGE('',*,*,#4539,.F.);
#4539=EDGE_CURVE('',#4540,#4534,#4542,.T.);
#4540=VERTEX_POINT('',#4541);
#4541=CARTESIAN_POINT('',(4.17,-0.798589524956,-0.85));
#4542=CIRCLE('',#4543,0.157180136013);
#4543=AXIS2_PLACEMENT_3D('',#4544,#35,#28);
#4544=CARTESIAN_POINT('',(4.17,-0.945,-0.792819863987));
#4545=ORIENTED_EDGE('',*,*,#4546,.F.);
#4546=EDGE_CURVE('',#4547,#4540,#4549,.T.);
#4547=VERTEX_POINT('',#4548);
#4548=CARTESIAN_POINT('',(4.17,-0.712669238725,-0.63));
#4549=LINE('',#4550,#4551);
#4550=CARTESIAN_POINT('',(4.17,-0.419771345113,0.119968830664));
#4551=VECTOR('',#4552,1.);
#4552=DIRECTION('',(-0.,-0.363787291853,-0.93148204829));
#4553=ORIENTED_EDGE('',*,*,#4554,.F.);
#4554=EDGE_CURVE('',#4555,#4547,#4557,.T.);
#4555=VERTEX_POINT('',#4556);
#4556=CARTESIAN_POINT('',(4.17,-0.675,-0.43));
#4557=CIRCLE('',#4558,0.549771815781);
#4558=AXIS2_PLACEMENT_3D('',#4559,#35,#28);
#4559=CARTESIAN_POINT('',(4.17,-1.224771815781,-0.43));
#4560=ORIENTED_EDGE('',*,*,#4561,.F.);
#4561=EDGE_CURVE('',#4562,#4555,#4564,.T.);
#4562=VERTEX_POINT('',#4563);
#4563=CARTESIAN_POINT('',(4.17,-0.675,-1.E-15));
#4564=LINE('',#4565,#27);
#4565=CARTESIAN_POINT('',(4.17,-0.675,0.61));
#4566=ORIENTED_EDGE('',*,*,#4567,.T.);
#4567=EDGE_CURVE('',#4562,#4568,#4570,.T.);
#4568=VERTEX_POINT('',#4569);
#4569=CARTESIAN_POINT('',(4.17,-0.555,4.970562748477E-02));
#4570=CIRCLE('',#4571,7.029437251523E-02);
#4571=AXIS2_PLACEMENT_3D('',#4572,#35,#28);
#4572=CARTESIAN_POINT('',(4.17,-0.604705627485,-9.6E-16));
#4573=ORIENTED_EDGE('',*,*,#4574,.F.);
#4574=EDGE_CURVE('',#4575,#4568,#4577,.T.);
#4575=VERTEX_POINT('',#4576);
#4576=CARTESIAN_POINT('',(4.17,-0.435,-1.E-15));
#4577=CIRCLE('',#4578,0.169705627485);
#4578=AXIS2_PLACEMENT_3D('',#4579,#35,#28);
#4579=CARTESIAN_POINT('',(4.17,-0.435,0.169705627485));
#4580=ORIENTED_EDGE('',*,*,#4581,.T.);
#4581=EDGE_CURVE('',#4575,#4582,#4584,.T.);
#4582=VERTEX_POINT('',#4583);
#4583=CARTESIAN_POINT('',(4.17,-0.325,-1.E-15));
#4584=LINE('',#4585,#95);
#4585=CARTESIAN_POINT('',(4.17,-0.625,-9.7E-16));
#4586=ORIENTED_EDGE('',*,*,#4587,.F.);
#4587=EDGE_CURVE('',#4483,#4582,#4588,.T.);
#4588=CIRCLE('',#4589,0.15);
#4589=AXIS2_PLACEMENT_3D('',#4590,#35,#28);
#4590=CARTESIAN_POINT('',(4.17,-0.325,0.15));
#4591=PLANE('',#4592);
#4592=AXIS2_PLACEMENT_3D('',#3658,#35,#57);
#4593=ADVANCED_FACE('',(#4594),#4605,.F.);
#4594=FACE_BOUND('',#4595,.T.);
#4595=EDGE_LOOP('',(#4596,#4602,#4603,#4604));
#4596=ORIENTED_EDGE('',*,*,#4597,.F.);
#4597=EDGE_CURVE('',#4331,#3757,#4598,.T.);
#4598=LINE('',#4599,#4600);
#4599=CARTESIAN_POINT('',(3.19,-3.525,3.06));
#4600=VECTOR('',#4601,1.);
#4601=DIRECTION('',(0.,-0.948683298051,0.316227766017));
#4602=ORIENTED_EDGE('',*,*,#4330,.T.);
#4603=ORIENTED_EDGE('',*,*,#4388,.T.);
#4604=ORIENTED_EDGE('',*,*,#3761,.F.);
#4605=CONICAL_SURFACE('',#4606,0.98,0.321750554397);
#4606=AXIS2_PLACEMENT_3D('',#4335,#57,#13);
#4607=ADVANCED_FACE('',(#4608),#4621,.T.);
#4608=FACE_BOUND('',#4609,.T.);
#4609=EDGE_LOOP('',(#4610,#4616,#4619,#4620));
#4610=ORIENTED_EDGE('',*,*,#4611,.F.);
#4611=EDGE_CURVE('',#4612,#3752,#4614,.T.);
#4612=VERTEX_POINT('',#4613);
#4613=CARTESIAN_POINT('',(0.,-3.375,3.01));
#4614=LINE('',#4615,#4600);
#4615=CARTESIAN_POINT('',(0.,-3.63,3.095));
#4616=ORIENTED_EDGE('',*,*,#4617,.T.);
#4617=EDGE_CURVE('',#4612,#4331,#4618,.T.);
#4618=LINE('',#4613,#77);
#4619=ORIENTED_EDGE('',*,*,#4597,.T.);
#4620=ORIENTED_EDGE('',*,*,#3756,.F.);
#4621=PLANE('',#4622);
#4622=AXIS2_PLACEMENT_3D('',#4623,#4624,#14);
#4623=CARTESIAN_POINT('',(0.,-3.525,3.06));
#4624=DIRECTION('',(-0.,-0.316227766017,-0.948683298051));
#4625=ADVANCED_FACE('',(#4626,#4687),#4723,.T.);
#4626=FACE_BOUND('',#4627,.F.);
#4627=EDGE_LOOP('',(#4628,#4634,#3745,#4635,#4639,#4643,#4648,#4652,#4656,#4663,#4669,#4676,#4682));
#4628=ORIENTED_EDGE('',*,*,#4629,.T.);
#4629=EDGE_CURVE('',#4630,#4132,#4632,.T.);
#4630=VERTEX_POINT('',#4631);
#4631=CARTESIAN_POINT('',(2.85,3.655,3.31));
#4632=LINE('',#4633,#77);
#4633=CARTESIAN_POINT('',(0.,3.655,3.31));
#4634=ORIENTED_EDGE('',*,*,#4131,.F.);
#4635=ORIENTED_EDGE('',*,*,#4636,.T.);
#4636=EDGE_CURVE('',#3747,#4637,#4638,.T.);
#4637=VERTEX_POINT('',#4633);
#4638=LINE('',#3748,#95);
#4639=ORIENTED_EDGE('',*,*,#4640,.T.);
#4640=EDGE_CURVE('',#4637,#4641,#4632,.T.);
#4641=VERTEX_POINT('',#4642);
#4642=CARTESIAN_POINT('',(1.05,3.655,3.31));
#4643=ORIENTED_EDGE('',*,*,#4644,.T.);
#4644=EDGE_CURVE('',#4641,#4645,#4647,.T.);
#4645=VERTEX_POINT('',#4646);
#4646=CARTESIAN_POINT('',(1.05,2.955,3.31));
#4647=LINE('',#4642,#56);
#4648=ORIENTED_EDGE('',*,*,#4649,.T.);
#4649=EDGE_CURVE('',#4645,#4650,#4647,.T.);
#4650=VERTEX_POINT('',#4651);
#4651=CARTESIAN_POINT('',(1.05,2.805,3.31));
#4652=ORIENTED_EDGE('',*,*,#4653,.T.);
#4653=EDGE_CURVE('',#4650,#4654,#4647,.T.);
#4654=VERTEX_POINT('',#4655);
#4655=CARTESIAN_POINT('',(1.05,2.655,3.31));
#4656=ORIENTED_EDGE('',*,*,#4657,.T.);
#4657=EDGE_CURVE('',#4654,#4658,#4660,.T.);
#4658=VERTEX_POINT('',#4659);
#4659=CARTESIAN_POINT('',(1.2,2.505,3.31));
#4660=CIRCLE('',#4661,0.15);
#4661=AXIS2_PLACEMENT_3D('',#4662,#13,#46);
#4662=CARTESIAN_POINT('',(1.2,2.655,3.31));
#4663=ORIENTED_EDGE('',*,*,#4664,.T.);
#4664=EDGE_CURVE('',#4658,#4665,#4667,.T.);
#4665=VERTEX_POINT('',#4666);
#4666=CARTESIAN_POINT('',(2.55,2.505,3.31));
#4667=LINE('',#4668,#77);
#4668=CARTESIAN_POINT('',(1.05,2.505,3.31));
#4669=ORIENTED_EDGE('',*,*,#4670,.F.);
#4670=EDGE_CURVE('',#4671,#4665,#4673,.T.);
#4671=VERTEX_POINT('',#4672);
#4672=CARTESIAN_POINT('',(2.7,2.655,3.31));
#4673=CIRCLE('',#4674,0.15);
#4674=AXIS2_PLACEMENT_3D('',#4675,#28,#46);
#4675=CARTESIAN_POINT('',(2.55,2.655,3.31));
#4676=ORIENTED_EDGE('',*,*,#4677,.T.);
#4677=EDGE_CURVE('',#4671,#4678,#4680,.T.);
#4678=VERTEX_POINT('',#4679);
#4679=CARTESIAN_POINT('',(2.7,3.505,3.31));
#4680=LINE('',#4681,#95);
#4681=CARTESIAN_POINT('',(2.7,2.505,3.31));
#4682=ORIENTED_EDGE('',*,*,#4683,.F.);
#4683=EDGE_CURVE('',#4630,#4678,#4684,.T.);
#4684=CIRCLE('',#4685,0.15);
#4685=AXIS2_PLACEMENT_3D('',#4686,#13,#46);
#4686=CARTESIAN_POINT('',(2.85,3.505,3.31));
#4687=FACE_BOUND('',#4688,.F.);
#4688=EDGE_LOOP('',(#4689,#4695,#4700,#4704,#4708,#4712,#4717,#4721));
#4689=ORIENTED_EDGE('',*,*,#4690,.T.);
#4690=EDGE_CURVE('',#4691,#4693,#4694,.T.);
#4691=VERTEX_POINT('',#4692);
#4692=CARTESIAN_POINT('',(1.16,1.625,3.31));
#4693=VERTEX_POINT('',#3409);
#4694=LINE('',#4692,#56);
#4695=ORIENTED_EDGE('',*,*,#4696,.T.);
#4696=EDGE_CURVE('',#4693,#4697,#4699,.T.);
#4697=VERTEX_POINT('',#4698);
#4698=CARTESIAN_POINT('',(1.21,1.125,3.31));
#4699=LINE('',#3409,#77);
#4700=ORIENTED_EDGE('',*,*,#4701,.T.);
#4701=EDGE_CURVE('',#4697,#4702,#4699,.T.);
#4702=VERTEX_POINT('',#4703);
#4703=CARTESIAN_POINT('',(2.33,1.125,3.31));
#4704=ORIENTED_EDGE('',*,*,#4705,.T.);
#4705=EDGE_CURVE('',#4702,#4706,#4699,.T.);
#4706=VERTEX_POINT('',#4707);
#4707=CARTESIAN_POINT('',(2.38,1.125,3.31));
#4708=ORIENTED_EDGE('',*,*,#4709,.T.);
#4709=EDGE_CURVE('',#4706,#4710,#4711,.T.);
#4710=VERTEX_POINT('',#3305);
#4711=LINE('',#4707,#95);
#4712=ORIENTED_EDGE('',*,*,#4713,.T.);
#4713=EDGE_CURVE('',#4710,#4714,#4716,.T.);
#4714=VERTEX_POINT('',#4715);
#4715=CARTESIAN_POINT('',(2.33,1.625,3.31));
#4716=LINE('',#3305,#34);
#4717=ORIENTED_EDGE('',*,*,#4718,.T.);
#4718=EDGE_CURVE('',#4714,#4719,#4716,.T.);
#4719=VERTEX_POINT('',#4720);
#4720=CARTESIAN_POINT('',(1.21,1.625,3.31));
#4721=ORIENTED_EDGE('',*,*,#4722,.T.);
#4722=EDGE_CURVE('',#4719,#4691,#4716,.T.);
#4723=PLANE('',#4724);
#4724=AXIS2_PLACEMENT_3D('',#3748,#13,#35);
#4725=ADVANCED_FACE('',(#4726),#4739,.F.);
#4726=FACE_BOUND('',#4727,.T.);
#4727=EDGE_LOOP('',(#4728,#4734,#4735,#4635,#4736));
#4728=ORIENTED_EDGE('',*,*,#4729,.F.);
#4729=EDGE_CURVE('',#4612,#4730,#4732,.T.);
#4730=VERTEX_POINT('',#4731);
#4731=CARTESIAN_POINT('',(0.,3.655,3.01));
#4732=LINE('',#4733,#95);
#4733=CARTESIAN_POINT('',(0.,-3.675,3.01));
#4734=ORIENTED_EDGE('',*,*,#4611,.T.);
#4735=ORIENTED_EDGE('',*,*,#3751,.F.);
#4736=ORIENTED_EDGE('',*,*,#4737,.T.);
#4737=EDGE_CURVE('',#4637,#4730,#4738,.T.);
#4738=LINE('',#4633,#27);
#4739=PLANE('',#4740);
#4740=AXIS2_PLACEMENT_3D('',#3748,#14,#13);
#4741=ADVANCED_FACE('',(#4742),#4750,.F.);
#4742=FACE_BOUND('',#4743,.T.);
#4743=EDGE_LOOP('',(#4744,#4745,#4749,#3846));
#4744=ORIENTED_EDGE('',*,*,#3975,.T.);
#4745=ORIENTED_EDGE('',*,*,#4746,.F.);
#4746=EDGE_CURVE('',#3858,#3957,#4747,.T.);
#4747=LINE('',#4748,#56);
#4748=CARTESIAN_POINT('',(1.77,-1.275,0.534264068712));
#4749=ORIENTED_EDGE('',*,*,#3857,.F.);
#4750=CYLINDRICAL_SURFACE('',#4751,6.213203435594E-02);
#4751=AXIS2_PLACEMENT_3D('',#4752,#46,#35);
#4752=CARTESIAN_POINT('',(1.77,-1.275,0.472132034356));
#4753=ADVANCED_FACE('',(#4754),#4761,.T.);
#4754=FACE_BOUND('',#4755,.F.);
#4755=EDGE_LOOP('',(#3869,#4756,#3970,#4757));
#4756=ORIENTED_EDGE('',*,*,#3881,.T.);
#4757=ORIENTED_EDGE('',*,*,#4758,.T.);
#4758=EDGE_CURVE('',#3950,#3865,#4759,.T.);
#4759=LINE('',#4760,#95);
#4760=CARTESIAN_POINT('',(1.77,-1.275,0.834264068712));
#4761=CYLINDRICAL_SURFACE('',#4751,0.362132034356);
#4762=ADVANCED_FACE('',(#4763),#4767,.F.);
#4763=FACE_BOUND('',#4764,.F.);
#4764=EDGE_LOOP('',(#4765,#4745,#4766,#3905));
#4765=ORIENTED_EDGE('',*,*,#3962,.T.);
#4766=ORIENTED_EDGE('',*,*,#3925,.F.);
#4767=CYLINDRICAL_SURFACE('',#4768,6.213203435594E-02);
#4768=AXIS2_PLACEMENT_3D('',#4752,#46,#14);
#4769=ADVANCED_FACE('',(#4770),#4773,.T.);
#4770=FACE_BOUND('',#4771,.T.);
#4771=EDGE_LOOP('',(#3928,#4772,#3948,#4757));
#4772=ORIENTED_EDGE('',*,*,#3940,.T.);
#4773=CYLINDRICAL_SURFACE('',#4768,0.362132034356);
#4774=ADVANCED_FACE('',(#4775),#4782,.F.);
#4775=FACE_BOUND('',#4776,.F.);
#4776=EDGE_LOOP('',(#4777,#4778,#4781,#3999));
#4777=ORIENTED_EDGE('',*,*,#4016,.T.);
#4778=ORIENTED_EDGE('',*,*,#4779,.T.);
#4779=EDGE_CURVE('',#4010,#4496,#4780,.T.);
#4780=LINE('',#4011,#34);
#4781=ORIENTED_EDGE('',*,*,#4495,.F.);
#4782=CYLINDRICAL_SURFACE('',#4783,0.15);
#4783=AXIS2_PLACEMENT_3D('',#4019,#35,#13);
#4784=ADVANCED_FACE('',(#4785),#4793,.T.);
#4785=FACE_BOUND('',#4786,.F.);
#4786=EDGE_LOOP('',(#4787,#4788,#4789,#4790));
#4787=ORIENTED_EDGE('',*,*,#4502,.F.);
#4788=ORIENTED_EDGE('',*,*,#4779,.F.);
#4789=ORIENTED_EDGE('',*,*,#4009,.T.);
#4790=ORIENTED_EDGE('',*,*,#4791,.T.);
#4791=EDGE_CURVE('',#4012,#4503,#4792,.T.);
#4792=LINE('',#4013,#34);
#4793=PLANE('',#4794);
#4794=AXIS2_PLACEMENT_3D('',#3595,#57,#14);
#4795=ADVANCED_FACE('',(#4796),#4793,.T.);
#4796=FACE_BOUND('',#4797,.F.);
#4797=EDGE_LOOP('',(#4798,#4799,#4800,#4803));
#4798=ORIENTED_EDGE('',*,*,#4791,.F.);
#4799=ORIENTED_EDGE('',*,*,#4115,.T.);
#4800=ORIENTED_EDGE('',*,*,#4801,.T.);
#4801=EDGE_CURVE('',#4109,#4508,#4802,.T.);
#4802=LINE('',#4110,#34);
#4803=ORIENTED_EDGE('',*,*,#4507,.F.);
#4804=ADVANCED_FACE('',(#4805),#4813,.T.);
#4805=FACE_BOUND('',#4806,.F.);
#4806=EDGE_LOOP('',(#4807,#4808,#4811,#4812));
#4807=ORIENTED_EDGE('',*,*,#4108,.F.);
#4808=ORIENTED_EDGE('',*,*,#4809,.T.);
#4809=EDGE_CURVE('',#4102,#4512,#4810,.T.);
#4810=LINE('',#4103,#34);
#4811=ORIENTED_EDGE('',*,*,#4511,.T.);
#4812=ORIENTED_EDGE('',*,*,#4801,.F.);
#4813=CYLINDRICAL_SURFACE('',#4814,0.549771815781);
#4814=AXIS2_PLACEMENT_3D('',#4113,#14,#28);
#4815=ADVANCED_FACE('',(#4816),#4821,.F.);
#4816=FACE_BOUND('',#4817,.T.);
#4817=EDGE_LOOP('',(#4100,#4808,#4517,#4818));
#4818=ORIENTED_EDGE('',*,*,#4819,.F.);
#4819=EDGE_CURVE('',#4095,#4519,#4820,.T.);
#4820=LINE('',#4096,#34);
#4821=PLANE('',#4822);
#4822=AXIS2_PLACEMENT_3D('',#4103,#4823,#4524);
#4823=DIRECTION('',(8.E-17,0.93148204829,0.363787291853));
#4824=ADVANCED_FACE('',(#4825),#4832,.T.);
#4825=FACE_BOUND('',#4826,.F.);
#4826=EDGE_LOOP('',(#4827,#4828,#4831,#4818));
#4827=ORIENTED_EDGE('',*,*,#4094,.F.);
#4828=ORIENTED_EDGE('',*,*,#4829,.T.);
#4829=EDGE_CURVE('',#4090,#4527,#4830,.T.);
#4830=LINE('',#4091,#34);
#4831=ORIENTED_EDGE('',*,*,#4526,.T.);
#4832=CYLINDRICAL_SURFACE('',#4833,0.157180136013);
#4833=AXIS2_PLACEMENT_3D('',#4099,#14,#28);
#4834=ADVANCED_FACE('',(#4835),#4842,.F.);
#4835=FACE_BOUND('',#4836,.F.);
#4836=EDGE_LOOP('',(#4837,#4838,#4841,#4204));
#4837=ORIENTED_EDGE('',*,*,#4487,.T.);
#4838=ORIENTED_EDGE('',*,*,#4839,.T.);
#4839=EDGE_CURVE('',#4481,#4025,#4840,.T.);
#4840=LINE('',#4482,#77);
#4841=ORIENTED_EDGE('',*,*,#4024,.F.);
#4842=CYLINDRICAL_SURFACE('',#4843,0.15);
#4843=AXIS2_PLACEMENT_3D('',#4490,#14,#13);
#4844=ADVANCED_FACE('',(#4845),#4850,.F.);
#4845=FACE_BOUND('',#4846,.T.);
#4846=EDGE_LOOP('',(#4088,#4828,#4532,#4847));
#4847=ORIENTED_EDGE('',*,*,#4848,.F.);
#4848=EDGE_CURVE('',#4083,#4534,#4849,.T.);
#4849=LINE('',#4084,#34);
#4850=PLANE('',#4851);
#4851=AXIS2_PLACEMENT_3D('',#4091,#13,#57);
#4852=ADVANCED_FACE('',(#4853),#4861,.T.);
#4853=FACE_BOUND('',#4854,.F.);
#4854=EDGE_LOOP('',(#4855,#4856,#4857,#4858));
#4855=ORIENTED_EDGE('',*,*,#4031,.F.);
#4856=ORIENTED_EDGE('',*,*,#4839,.F.);
#4857=ORIENTED_EDGE('',*,*,#4480,.T.);
#4858=ORIENTED_EDGE('',*,*,#4859,.T.);
#4859=EDGE_CURVE('',#4483,#4032,#4860,.T.);
#4860=LINE('',#4484,#77);
#4861=PLANE('',#4862);
#4862=AXIS2_PLACEMENT_3D('',#3663,#46,#35);
#4863=ADVANCED_FACE('',(#4864),#4871,.T.);
#4864=FACE_BOUND('',#4865,.F.);
#4865=EDGE_LOOP('',(#4866,#4867,#4870,#4847));
#4866=ORIENTED_EDGE('',*,*,#4082,.F.);
#4867=ORIENTED_EDGE('',*,*,#4868,.T.);
#4868=EDGE_CURVE('',#4076,#4540,#4869,.T.);
#4869=LINE('',#4077,#34);
#4870=ORIENTED_EDGE('',*,*,#4539,.T.);
#4871=CYLINDRICAL_SURFACE('',#4872,0.157180136013);
#4872=AXIS2_PLACEMENT_3D('',#4087,#14,#28);
#4873=ADVANCED_FACE('',(#4874),#4882,.T.);
#4874=FACE_BOUND('',#4875,.F.);
#4875=EDGE_LOOP('',(#4876,#4877,#4880,#4881));
#4876=ORIENTED_EDGE('',*,*,#4587,.T.);
#4877=ORIENTED_EDGE('',*,*,#4878,.T.);
#4878=EDGE_CURVE('',#4582,#4037,#4879,.T.);
#4879=LINE('',#4583,#77);
#4880=ORIENTED_EDGE('',*,*,#4036,.F.);
#4881=ORIENTED_EDGE('',*,*,#4859,.F.);
#4882=CYLINDRICAL_SURFACE('',#4883,0.15);
#4883=AXIS2_PLACEMENT_3D('',#4590,#14,#46);
#4884=ADVANCED_FACE('',(#4885),#4890,.F.);
#4885=FACE_BOUND('',#4886,.T.);
#4886=EDGE_LOOP('',(#4074,#4867,#4545,#4887));
#4887=ORIENTED_EDGE('',*,*,#4888,.F.);
#4888=EDGE_CURVE('',#4069,#4547,#4889,.T.);
#4889=LINE('',#4070,#34);
#4890=PLANE('',#4891);
#4891=AXIS2_PLACEMENT_3D('',#4077,#4892,#4552);
#4892=DIRECTION('',(8.E-17,-0.93148204829,0.363787291853));
#4893=ADVANCED_FACE('',(#4894),#4902,.T.);
#4894=FACE_BOUND('',#4895,.F.);
#4895=EDGE_LOOP('',(#4896,#4897,#4898,#4899));
#4896=ORIENTED_EDGE('',*,*,#4043,.F.);
#4897=ORIENTED_EDGE('',*,*,#4878,.F.);
#4898=ORIENTED_EDGE('',*,*,#4581,.F.);
#4899=ORIENTED_EDGE('',*,*,#4900,.F.);
#4900=EDGE_CURVE('',#4044,#4575,#4901,.T.);
#4901=LINE('',#4045,#34);
#4902=PLANE('',#4903);
#4903=AXIS2_PLACEMENT_3D('',#4047,#28,#46);
#4904=ADVANCED_FACE('',(#4905),#4912,.T.);
#4905=FACE_BOUND('',#4906,.F.);
#4906=EDGE_LOOP('',(#4907,#4908,#4911,#4887));
#4907=ORIENTED_EDGE('',*,*,#4068,.F.);
#4908=ORIENTED_EDGE('',*,*,#4909,.T.);
#4909=EDGE_CURVE('',#4064,#4555,#4910,.T.);
#4910=LINE('',#4065,#34);
#4911=ORIENTED_EDGE('',*,*,#4554,.T.);
#4912=CYLINDRICAL_SURFACE('',#4913,0.549771815781);
#4913=AXIS2_PLACEMENT_3D('',#4073,#14,#28);
#4914=ADVANCED_FACE('',(#4915),#4923,.T.);
#4915=FACE_BOUND('',#4916,.F.);
#4916=EDGE_LOOP('',(#4917,#4918,#4919,#4920));
#4917=ORIENTED_EDGE('',*,*,#4049,.F.);
#4918=ORIENTED_EDGE('',*,*,#4900,.T.);
#4919=ORIENTED_EDGE('',*,*,#4574,.T.);
#4920=ORIENTED_EDGE('',*,*,#4921,.F.);
#4921=EDGE_CURVE('',#4050,#4568,#4922,.T.);
#4922=LINE('',#4051,#34);
#4923=CYLINDRICAL_SURFACE('',#4924,0.169705627485);
#4924=AXIS2_PLACEMENT_3D('',#4054,#14,#28);
#4925=ADVANCED_FACE('',(#4926),#4931,.F.);
#4926=FACE_BOUND('',#4927,.T.);
#4927=EDGE_LOOP('',(#4062,#4908,#4560,#4928));
#4928=ORIENTED_EDGE('',*,*,#4929,.F.);
#4929=EDGE_CURVE('',#4057,#4562,#4930,.T.);
#4930=LINE('',#4058,#34);
#4931=PLANE('',#4932);
#4932=AXIS2_PLACEMENT_3D('',#4065,#57,#28);
#4933=ADVANCED_FACE('',(#4934),#4937,.F.);
#4934=FACE_BOUND('',#4935,.T.);
#4935=EDGE_LOOP('',(#4055,#4936,#4566,#4920));
#4936=ORIENTED_EDGE('',*,*,#4929,.T.);
#4937=CYLINDRICAL_SURFACE('',#4938,7.029437251523E-02);
#4938=AXIS2_PLACEMENT_3D('',#4061,#14,#28);
#4939=ADVANCED_FACE('',(#4940),#4947,.F.);
#4940=FACE_BOUND('',#4941,.F.);
#4941=EDGE_LOOP('',(#4942,#4943,#4368,#4946));
#4942=ORIENTED_EDGE('',*,*,#4160,.T.);
#4943=ORIENTED_EDGE('',*,*,#4944,.T.);
#4944=EDGE_CURVE('',#4155,#4364,#4945,.T.);
#4945=LINE('',#4156,#4185);
#4946=ORIENTED_EDGE('',*,*,#4180,.F.);
#4947=CYLINDRICAL_SURFACE('',#4948,0.15);
#4948=AXIS2_PLACEMENT_3D('',#4949,#4186,#57);
#4949=CARTESIAN_POINT('',(4.256743869044,3.125,2.703184614199));
#4950=ADVANCED_FACE('',(#4951),#4957,.F.);
#4951=FACE_BOUND('',#4952,.T.);
#4952=EDGE_LOOP('',(#4953,#4954,#4153,#4943));
#4953=ORIENTED_EDGE('',*,*,#4363,.F.);
#4954=ORIENTED_EDGE('',*,*,#4955,.F.);
#4955=EDGE_CURVE('',#4144,#4349,#4956,.T.);
#4956=LINE('',#4145,#4185);
#4957=PLANE('',#4958);
#4958=AXIS2_PLACEMENT_3D('',#4959,#4960,#4961);
#4959=CARTESIAN_POINT('',(5.833541772067,3.655,3.73));
#4960=DIRECTION('',(-0.47715876026,-9.E-17,0.878817112662));
#4961=DIRECTION('',(0.878817112662,-5.E-17,0.47715876026));
#4962=ADVANCED_FACE('',(#4963),#4970,.T.);
#4963=FACE_BOUND('',#4964,.F.);
#4964=EDGE_LOOP('',(#4965,#4966,#4347,#4954));
#4965=ORIENTED_EDGE('',*,*,#4143,.T.);
#4966=ORIENTED_EDGE('',*,*,#4967,.T.);
#4967=EDGE_CURVE('',#4137,#4344,#4968,.T.);
#4968=LINE('',#4969,#4185);
#4969=CARTESIAN_POINT('',(4.113596240967,3.655,2.966829747998));
#4970=CYLINDRICAL_SURFACE('',#4971,0.15);
#4971=AXIS2_PLACEMENT_3D('',#4972,#4186,#4973);
#4972=CARTESIAN_POINT('',(4.113596240967,3.505,2.966829747998));
#4973=DIRECTION('',(0.47715876026,0.,-0.878817112662));
#4974=ADVANCED_FACE('',(#4975),#4235,.T.);
#4975=FACE_BOUND('',#4976,.F.);
#4976=EDGE_LOOP('',(#4977,#4978,#4983,#4342,#4986,#4987));
#4977=ORIENTED_EDGE('',*,*,#4629,.F.);
#4978=ORIENTED_EDGE('',*,*,#4979,.T.);
#4979=EDGE_CURVE('',#4630,#4980,#4982,.T.);
#4980=VERTEX_POINT('',#4981);
#4981=CARTESIAN_POINT('',(2.85,3.655,3.01));
#4982=LINE('',#4631,#27);
#4983=ORIENTED_EDGE('',*,*,#4984,.T.);
#4984=EDGE_CURVE('',#4980,#4338,#4985,.T.);
#4985=LINE('',#4731,#77);
#4986=ORIENTED_EDGE('',*,*,#4967,.F.);
#4987=ORIENTED_EDGE('',*,*,#4136,.F.);
#4988=ADVANCED_FACE('',(#4989),#4997,.T.);
#4989=FACE_BOUND('',#4990,.F.);
#4990=EDGE_LOOP('',(#4991,#4992,#4993,#4996));
#4991=ORIENTED_EDGE('',*,*,#4232,.F.);
#4992=ORIENTED_EDGE('',*,*,#4466,.T.);
#4993=ORIENTED_EDGE('',*,*,#4994,.F.);
#4994=EDGE_CURVE('',#4257,#4462,#4995,.T.);
#4995=LINE('',#4258,#34);
#4996=ORIENTED_EDGE('',*,*,#4256,.F.);
#4997=PLANE('',#4998);
#4998=AXIS2_PLACEMENT_3D('',#3689,#46,#35);
#4999=ADVANCED_FACE('',(#5000),#5010,.T.);
#5000=FACE_BOUND('',#5001,.F.);
#5001=EDGE_LOOP('',(#5002,#5003,#5006,#5007));
#5002=ORIENTED_EDGE('',*,*,#4400,.F.);
#5003=ORIENTED_EDGE('',*,*,#5004,.F.);
#5004=EDGE_CURVE('',#4243,#4401,#5005,.T.);
#5005=LINE('',#4244,#34);
#5006=ORIENTED_EDGE('',*,*,#4242,.T.);
#5007=ORIENTED_EDGE('',*,*,#5008,.T.);
#5008=EDGE_CURVE('',#4245,#4403,#5009,.T.);
#5009=LINE('',#4246,#34);
#5010=PLANE('',#5011);
#5011=AXIS2_PLACEMENT_3D('',#3558,#57,#14);
#5012=ADVANCED_FACE('',(#5013),#5018,.F.);
#5013=FACE_BOUND('',#5014,.F.);
#5014=EDGE_LOOP('',(#5015,#5016,#5017,#4320));
#5015=ORIENTED_EDGE('',*,*,#4249,.T.);
#5016=ORIENTED_EDGE('',*,*,#5004,.T.);
#5017=ORIENTED_EDGE('',*,*,#4470,.F.);
#5018=CYLINDRICAL_SURFACE('',#5019,0.15);
#5019=AXIS2_PLACEMENT_3D('',#4252,#35,#13);
#5020=ADVANCED_FACE('',(#5021),#5010,.T.);
#5021=FACE_BOUND('',#5022,.F.);
#5022=EDGE_LOOP('',(#5023,#5024,#5025,#5028));
#5023=ORIENTED_EDGE('',*,*,#5008,.F.);
#5024=ORIENTED_EDGE('',*,*,#4313,.T.);
#5025=ORIENTED_EDGE('',*,*,#5026,.T.);
#5026=EDGE_CURVE('',#4307,#4408,#5027,.T.);
#5027=LINE('',#4308,#34);
#5028=ORIENTED_EDGE('',*,*,#4407,.F.);
#5029=ADVANCED_FACE('',(#5030),#5038,.T.);
#5030=FACE_BOUND('',#5031,.F.);
#5031=EDGE_LOOP('',(#5032,#5033,#5036,#5037));
#5032=ORIENTED_EDGE('',*,*,#4306,.F.);
#5033=ORIENTED_EDGE('',*,*,#5034,.T.);
#5034=EDGE_CURVE('',#4300,#4412,#5035,.T.);
#5035=LINE('',#4301,#34);
#5036=ORIENTED_EDGE('',*,*,#4411,.T.);
#5037=ORIENTED_EDGE('',*,*,#5026,.F.);
#5038=CYLINDRICAL_SURFACE('',#5039,0.411367148648);
#5039=AXIS2_PLACEMENT_3D('',#4311,#14,#28);
#5040=ADVANCED_FACE('',(#5041),#5049,.T.);
#5041=FACE_BOUND('',#5042,.F.);
#5042=EDGE_LOOP('',(#5043,#5044,#5047,#5048));
#5043=ORIENTED_EDGE('',*,*,#4299,.F.);
#5044=ORIENTED_EDGE('',*,*,#5045,.T.);
#5045=EDGE_CURVE('',#4293,#4419,#5046,.T.);
#5046=LINE('',#4294,#34);
#5047=ORIENTED_EDGE('',*,*,#4418,.F.);
#5048=ORIENTED_EDGE('',*,*,#5034,.F.);
#5049=PLANE('',#5050);
#5050=AXIS2_PLACEMENT_3D('',#4294,#5051,#4424);
#5051=DIRECTION('',(-1.1E-16,-0.873856633264,-0.486183694195));
#5052=ADVANCED_FACE('',(#5053),#5061,.T.);
#5053=FACE_BOUND('',#5054,.F.);
#5054=EDGE_LOOP('',(#5055,#5056,#5059,#5060));
#5055=ORIENTED_EDGE('',*,*,#4292,.F.);
#5056=ORIENTED_EDGE('',*,*,#5057,.T.);
#5057=EDGE_CURVE('',#4288,#4427,#5058,.T.);
#5058=LINE('',#4289,#34);
#5059=ORIENTED_EDGE('',*,*,#4426,.T.);
#5060=ORIENTED_EDGE('',*,*,#5045,.F.);
#5061=CYLINDRICAL_SURFACE('',#5062,0.194622083554);
#5062=AXIS2_PLACEMENT_3D('',#4297,#14,#28);
#5063=ADVANCED_FACE('',(#5064),#4997,.T.);
#5064=FACE_BOUND('',#5065,.F.);
#5065=EDGE_LOOP('',(#5066,#5067,#5068,#5071));
#5066=ORIENTED_EDGE('',*,*,#4994,.T.);
#5067=ORIENTED_EDGE('',*,*,#4461,.T.);
#5068=ORIENTED_EDGE('',*,*,#5069,.F.);
#5069=EDGE_CURVE('',#4262,#4455,#5070,.T.);
#5070=LINE('',#4263,#34);
#5071=ORIENTED_EDGE('',*,*,#4261,.F.);
#5072=ADVANCED_FACE('',(#5073),#5078,.F.);
#5073=FACE_BOUND('',#5074,.T.);
#5074=EDGE_LOOP('',(#4286,#5056,#4432,#5075));
#5075=ORIENTED_EDGE('',*,*,#5076,.F.);
#5076=EDGE_CURVE('',#4281,#4434,#5077,.T.);
#5077=LINE('',#4282,#34);
#5078=PLANE('',#5079);
#5079=AXIS2_PLACEMENT_3D('',#4289,#13,#57);
#5080=ADVANCED_FACE('',(#5081),#5089,.T.);
#5081=FACE_BOUND('',#5082,.F.);
#5082=EDGE_LOOP('',(#5083,#5084,#5085,#5086));
#5083=ORIENTED_EDGE('',*,*,#4266,.F.);
#5084=ORIENTED_EDGE('',*,*,#5069,.T.);
#5085=ORIENTED_EDGE('',*,*,#4454,.T.);
#5086=ORIENTED_EDGE('',*,*,#5087,.F.);
#5087=EDGE_CURVE('',#4267,#4447,#5088,.T.);
#5088=LINE('',#4268,#34);
#5089=CYLINDRICAL_SURFACE('',#5090,0.411367148648);
#5090=AXIS2_PLACEMENT_3D('',#4271,#14,#28);
#5091=ADVANCED_FACE('',(#5092),#5099,.T.);
#5092=FACE_BOUND('',#5093,.F.);
#5093=EDGE_LOOP('',(#5094,#5095,#5098,#5075));
#5094=ORIENTED_EDGE('',*,*,#4280,.F.);
#5095=ORIENTED_EDGE('',*,*,#5096,.T.);
#5096=EDGE_CURVE('',#4274,#4440,#5097,.T.);
#5097=LINE('',#4275,#34);
#5098=ORIENTED_EDGE('',*,*,#4439,.T.);
#5099=CYLINDRICAL_SURFACE('',#5100,0.194622083554);
#5100=AXIS2_PLACEMENT_3D('',#4285,#14,#28);
#5101=ADVANCED_FACE('',(#5102),#5108,.T.);
#5102=FACE_BOUND('',#5103,.F.);
#5103=EDGE_LOOP('',(#5104,#5105,#5106,#5107));
#5104=ORIENTED_EDGE('',*,*,#4273,.F.);
#5105=ORIENTED_EDGE('',*,*,#5087,.T.);
#5106=ORIENTED_EDGE('',*,*,#4446,.F.);
#5107=ORIENTED_EDGE('',*,*,#5096,.F.);
#5108=PLANE('',#5109);
#5109=AXIS2_PLACEMENT_3D('',#4268,#5110,#4452);
#5110=DIRECTION('',(-1.1E-16,0.873856633264,-0.486183694195));
#5111=ADVANCED_FACE('',(#5112,#5166),#5240,.F.);
#5112=FACE_BOUND('',#5113,.T.);
#5113=EDGE_LOOP('',(#4983,#5114,#5115,#5116,#5117,#5121,#5127,#5131,#5135,#5142,#5148,#5155,#5161));
#5114=ORIENTED_EDGE('',*,*,#4337,.F.);
#5115=ORIENTED_EDGE('',*,*,#4617,.F.);
#5116=ORIENTED_EDGE('',*,*,#4729,.T.);
#5117=ORIENTED_EDGE('',*,*,#5118,.T.);
#5118=EDGE_CURVE('',#4730,#5119,#4985,.T.);
#5119=VERTEX_POINT('',#5120);
#5120=CARTESIAN_POINT('',(1.05,3.655,3.01));
#5121=ORIENTED_EDGE('',*,*,#5122,.T.);
#5122=EDGE_CURVE('',#5119,#5123,#5125,.T.);
#5123=VERTEX_POINT('',#5124);
#5124=CARTESIAN_POINT('',(1.05,2.955,3.01));
#5125=LINE('',#5126,#56);
#5126=CARTESIAN_POINT('',(1.05,-9.999999999999E-03,3.01));
#5127=ORIENTED_EDGE('',*,*,#5128,.T.);
#5128=EDGE_CURVE('',#5123,#5129,#5125,.T.);
#5129=VERTEX_POINT('',#5130);
#5130=CARTESIAN_POINT('',(1.05,2.805,3.01));
#5131=ORIENTED_EDGE('',*,*,#5132,.T.);
#5132=EDGE_CURVE('',#5129,#5133,#5125,.T.);
#5133=VERTEX_POINT('',#5134);
#5134=CARTESIAN_POINT('',(1.05,2.655,3.01));
#5135=ORIENTED_EDGE('',*,*,#5136,.T.);
#5136=EDGE_CURVE('',#5133,#5137,#5139,.T.);
#5137=VERTEX_POINT('',#5138);
#5138=CARTESIAN_POINT('',(1.2,2.505,3.01));
#5139=CIRCLE('',#5140,0.15);
#5140=AXIS2_PLACEMENT_3D('',#5141,#13,#46);
#5141=CARTESIAN_POINT('',(1.2,2.655,3.01));
#5142=ORIENTED_EDGE('',*,*,#5143,.T.);
#5143=EDGE_CURVE('',#5137,#5144,#5146,.T.);
#5144=VERTEX_POINT('',#5145);
#5145=CARTESIAN_POINT('',(2.55,2.505,3.01));
#5146=LINE('',#5147,#77);
#5147=CARTESIAN_POINT('',(0.525,2.505,3.01));
#5148=ORIENTED_EDGE('',*,*,#5149,.F.);
#5149=EDGE_CURVE('',#5150,#5144,#5152,.T.);
#5150=VERTEX_POINT('',#5151);
#5151=CARTESIAN_POINT('',(2.7,2.655,3.01));
#5152=CIRCLE('',#5153,0.15);
#5153=AXIS2_PLACEMENT_3D('',#5154,#28,#46);
#5154=CARTESIAN_POINT('',(2.55,2.655,3.01));
#5155=ORIENTED_EDGE('',*,*,#5156,.T.);
#5156=EDGE_CURVE('',#5150,#5157,#5159,.T.);
#5157=VERTEX_POINT('',#5158);
#5158=CARTESIAN_POINT('',(2.7,3.505,3.01));
#5159=LINE('',#5160,#95);
#5160=CARTESIAN_POINT('',(2.7,-0.585,3.01));
#5161=ORIENTED_EDGE('',*,*,#5162,.F.);
#5162=EDGE_CURVE('',#4980,#5157,#5163,.T.);
#5163=CIRCLE('',#5164,0.15);
#5164=AXIS2_PLACEMENT_3D('',#5165,#13,#46);
#5165=CARTESIAN_POINT('',(2.85,3.505,3.01));
#5166=FACE_BOUND('',#5167,.T.);
#5167=EDGE_LOOP('',(#5168,#5176,#5182,#5186,#5190,#5194,#5198,#5202,#5206,#5212,#5218,#5222,#5226,#5230,#5234,#5238));
#5168=ORIENTED_EDGE('',*,*,#5169,.T.);
#5169=EDGE_CURVE('',#5170,#5172,#5174,.T.);
#5170=VERTEX_POINT('',#5171);
#5171=CARTESIAN_POINT('',(1.16,1.625,3.01));
#5172=VERTEX_POINT('',#5173);
#5173=CARTESIAN_POINT('',(1.16,1.125,3.01));
#5174=LINE('',#5175,#56);
#5175=CARTESIAN_POINT('',(1.16,-1.025,3.01));
#5176=ORIENTED_EDGE('',*,*,#5177,.T.);
#5177=EDGE_CURVE('',#5172,#5178,#5180,.T.);
#5178=VERTEX_POINT('',#5179);
#5179=CARTESIAN_POINT('',(1.21,1.125,3.01));
#5180=LINE('',#5181,#77);
#5181=CARTESIAN_POINT('',(0.58,1.125,3.01));
#5182=ORIENTED_EDGE('',*,*,#5183,.T.);
#5183=EDGE_CURVE('',#5178,#5184,#5180,.T.);
#5184=VERTEX_POINT('',#5185);
#5185=CARTESIAN_POINT('',(1.272132034356,1.125,3.01));
#5186=ORIENTED_EDGE('',*,*,#5187,.T.);
#5187=EDGE_CURVE('',#5184,#5188,#5180,.T.);
#5188=VERTEX_POINT('',#5189);
#5189=CARTESIAN_POINT('',(1.66,1.125,3.01));
#5190=ORIENTED_EDGE('',*,*,#5191,.T.);
#5191=EDGE_CURVE('',#5188,#5192,#5180,.T.);
#5192=VERTEX_POINT('',#5193);
#5193=CARTESIAN_POINT('',(1.88,1.125,3.01));
#5194=ORIENTED_EDGE('',*,*,#5195,.T.);
#5195=EDGE_CURVE('',#5192,#5196,#5180,.T.);
#5196=VERTEX_POINT('',#5197);
#5197=CARTESIAN_POINT('',(2.267867965644,1.125,3.01));
#5198=ORIENTED_EDGE('',*,*,#5199,.T.);
#5199=EDGE_CURVE('',#5196,#5200,#5180,.T.);
#5200=VERTEX_POINT('',#5201);
#5201=CARTESIAN_POINT('',(2.33,1.125,3.01));
#5202=ORIENTED_EDGE('',*,*,#5203,.T.);
#5203=EDGE_CURVE('',#5200,#5204,#5180,.T.);
#5204=VERTEX_POINT('',#5205);
#5205=CARTESIAN_POINT('',(2.38,1.125,3.01));
#5206=ORIENTED_EDGE('',*,*,#5207,.T.);
#5207=EDGE_CURVE('',#5204,#5208,#5210,.T.);
#5208=VERTEX_POINT('',#5209);
#5209=CARTESIAN_POINT('',(2.38,1.625,3.01));
#5210=LINE('',#5211,#95);
#5211=CARTESIAN_POINT('',(2.38,-1.275,3.01));
#5212=ORIENTED_EDGE('',*,*,#5213,.T.);
#5213=EDGE_CURVE('',#5208,#5214,#5216,.T.);
#5214=VERTEX_POINT('',#5215);
#5215=CARTESIAN_POINT('',(2.33,1.625,3.01));
#5216=LINE('',#5217,#34);
#5217=CARTESIAN_POINT('',(1.19,1.625,3.01));
#5218=ORIENTED_EDGE('',*,*,#5219,.T.);
#5219=EDGE_CURVE('',#5214,#5220,#5216,.T.);
#5220=VERTEX_POINT('',#5221);
#5221=CARTESIAN_POINT('',(2.267867965644,1.625,3.01));
#5222=ORIENTED_EDGE('',*,*,#5223,.T.);
#5223=EDGE_CURVE('',#5220,#5224,#5216,.T.);
#5224=VERTEX_POINT('',#5225);
#5225=CARTESIAN_POINT('',(1.88,1.625,3.01));
#5226=ORIENTED_EDGE('',*,*,#5227,.T.);
#5227=EDGE_CURVE('',#5224,#5228,#5216,.T.);
#5228=VERTEX_POINT('',#5229);
#5229=CARTESIAN_POINT('',(1.66,1.625,3.01));
#5230=ORIENTED_EDGE('',*,*,#5231,.T.);
#5231=EDGE_CURVE('',#5228,#5232,#5216,.T.);
#5232=VERTEX_POINT('',#5233);
#5233=CARTESIAN_POINT('',(1.272132034356,1.625,3.01));
#5234=ORIENTED_EDGE('',*,*,#5235,.T.);
#5235=EDGE_CURVE('',#5232,#5236,#5216,.T.);
#5236=VERTEX_POINT('',#5237);
#5237=CARTESIAN_POINT('',(1.21,1.625,3.01));
#5238=ORIENTED_EDGE('',*,*,#5239,.T.);
#5239=EDGE_CURVE('',#5236,#5170,#5216,.T.);
#5240=PLANE('',#5241);
#5241=AXIS2_PLACEMENT_3D('',#4733,#13,#35);
#5242=ADVANCED_FACE('',(#5243),#5250,.T.);
#5243=FACE_BOUND('',#5244,.F.);
#5244=EDGE_LOOP('',(#5245,#5246,#5161,#5249));
#5245=ORIENTED_EDGE('',*,*,#4683,.T.);
#5246=ORIENTED_EDGE('',*,*,#5247,.T.);
#5247=EDGE_CURVE('',#4678,#5157,#5248,.T.);
#5248=LINE('',#4679,#27);
#5249=ORIENTED_EDGE('',*,*,#4979,.F.);
#5250=CYLINDRICAL_SURFACE('',#5251,0.15);
#5251=AXIS2_PLACEMENT_3D('',#4686,#28,#46);
#5252=ADVANCED_FACE('',(#5253),#5260,.T.);
#5253=FACE_BOUND('',#5254,.F.);
#5254=EDGE_LOOP('',(#5255,#5256,#5155,#5259));
#5255=ORIENTED_EDGE('',*,*,#4677,.F.);
#5256=ORIENTED_EDGE('',*,*,#5257,.T.);
#5257=EDGE_CURVE('',#4671,#5150,#5258,.T.);
#5258=LINE('',#4672,#27);
#5259=ORIENTED_EDGE('',*,*,#5247,.F.);
#5260=PLANE('',#5261);
#5261=AXIS2_PLACEMENT_3D('',#4681,#35,#57);
#5262=ADVANCED_FACE('',(#5263),#5270,.F.);
#5263=FACE_BOUND('',#5264,.F.);
#5264=EDGE_LOOP('',(#5265,#5266,#5148,#5269));
#5265=ORIENTED_EDGE('',*,*,#4670,.T.);
#5266=ORIENTED_EDGE('',*,*,#5267,.T.);
#5267=EDGE_CURVE('',#4665,#5144,#5268,.T.);
#5268=LINE('',#4666,#27);
#5269=ORIENTED_EDGE('',*,*,#5257,.F.);
#5270=CYLINDRICAL_SURFACE('',#5271,0.15);
#5271=AXIS2_PLACEMENT_3D('',#4675,#28,#14);
#5272=ADVANCED_FACE('',(#5273),#5280,.T.);
#5273=FACE_BOUND('',#5274,.F.);
#5274=EDGE_LOOP('',(#5275,#5276,#5142,#5279));
#5275=ORIENTED_EDGE('',*,*,#4664,.F.);
#5276=ORIENTED_EDGE('',*,*,#5277,.T.);
#5277=EDGE_CURVE('',#4658,#5137,#5278,.T.);
#5278=LINE('',#4659,#27);
#5279=ORIENTED_EDGE('',*,*,#5267,.F.);
#5280=PLANE('',#5281);
#5281=AXIS2_PLACEMENT_3D('',#4668,#46,#35);
#5282=ADVANCED_FACE('',(#5283),#4235,.T.);
#5283=FACE_BOUND('',#5284,.F.);
#5284=EDGE_LOOP('',(#5285,#4736,#5117,#5286));
#5285=ORIENTED_EDGE('',*,*,#4640,.F.);
#5286=ORIENTED_EDGE('',*,*,#5287,.F.);
#5287=EDGE_CURVE('',#4641,#5119,#5288,.T.);
#5288=LINE('',#4642,#27);
#5289=ADVANCED_FACE('',(#5290),#5296,.F.);
#5290=FACE_BOUND('',#5291,.T.);
#5291=EDGE_LOOP('',(#4656,#5276,#5292,#5293));
#5292=ORIENTED_EDGE('',*,*,#5136,.F.);
#5293=ORIENTED_EDGE('',*,*,#5294,.F.);
#5294=EDGE_CURVE('',#4654,#5133,#5295,.T.);
#5295=LINE('',#4655,#27);
#5296=CYLINDRICAL_SURFACE('',#5297,0.15);
#5297=AXIS2_PLACEMENT_3D('',#4662,#28,#35);
#5298=ADVANCED_FACE('',(#5299),#5323,.T.);
#5299=FACE_BOUND('',#5300,.F.);
#5300=EDGE_LOOP('',(#5301,#5308,#5313,#5314,#5315,#5320));
#5301=ORIENTED_EDGE('',*,*,#5302,.T.);
#5302=EDGE_CURVE('',#5303,#5305,#5307,.T.);
#5303=VERTEX_POINT('',#5304);
#5304=CARTESIAN_POINT('',(1.21,2.955,3.31));
#5305=VERTEX_POINT('',#5306);
#5306=CARTESIAN_POINT('',(1.2,2.955,3.31));
#5307=LINE('',#5304,#34);
#5308=ORIENTED_EDGE('',*,*,#5309,.F.);
#5309=EDGE_CURVE('',#4650,#5305,#5310,.T.);
#5310=CIRCLE('',#5311,0.15);
#5311=AXIS2_PLACEMENT_3D('',#5312,#28,#35);
#5312=CARTESIAN_POINT('',(1.2,2.805,3.31));
#5313=ORIENTED_EDGE('',*,*,#4649,.F.);
#5314=ORIENTED_EDGE('',*,*,#4644,.F.);
#5315=ORIENTED_EDGE('',*,*,#5316,.F.);
#5316=EDGE_CURVE('',#5317,#4641,#5319,.T.);
#5317=VERTEX_POINT('',#5318);
#5318=CARTESIAN_POINT('',(1.21,3.655,3.31));
#5319=LINE('',#5318,#34);
#5320=ORIENTED_EDGE('',*,*,#5321,.F.);
#5321=EDGE_CURVE('',#5303,#5317,#5322,.T.);
#5322=LINE('',#5318,#95);
#5323=PLANE('',#5324);
#5324=AXIS2_PLACEMENT_3D('',#5318,#13,#46);
#5325=ADVANCED_FACE('',(#5326),#5332,.T.);
#5326=FACE_BOUND('',#5327,.F.);
#5327=EDGE_LOOP('',(#5328,#5329,#5131,#5293));
#5328=ORIENTED_EDGE('',*,*,#4653,.F.);
#5329=ORIENTED_EDGE('',*,*,#5330,.T.);
#5330=EDGE_CURVE('',#4650,#5129,#5331,.T.);
#5331=LINE('',#4651,#27);
#5332=PLANE('',#5333);
#5333=AXIS2_PLACEMENT_3D('',#4642,#14,#46);
#5334=ADVANCED_FACE('',(#5335),#5340,.T.);
#5335=FACE_BOUND('',#5336,.T.);
#5336=EDGE_LOOP('',(#4721,#4689,#4695,#5337));
#5337=ORIENTED_EDGE('',*,*,#5338,.F.);
#5338=EDGE_CURVE('',#4719,#4697,#5339,.T.);
#5339=LINE('',#4698,#56);
#5340=PLANE('',#5341);
#5341=AXIS2_PLACEMENT_3D('',#4698,#13,#57);
#5342=ADVANCED_FACE('',(#5343),#5351,.T.);
#5343=FACE_BOUND('',#5344,.F.);
#5344=EDGE_LOOP('',(#5345,#5346,#5347,#5348));
#5345=ORIENTED_EDGE('',*,*,#4713,.F.);
#5346=ORIENTED_EDGE('',*,*,#4709,.F.);
#5347=ORIENTED_EDGE('',*,*,#4705,.F.);
#5348=ORIENTED_EDGE('',*,*,#5349,.F.);
#5349=EDGE_CURVE('',#4714,#4702,#5350,.T.);
#5350=LINE('',#4703,#56);
#5351=PLANE('',#5352);
#5352=AXIS2_PLACEMENT_3D('',#4703,#13,#46);
#5353=ADVANCED_FACE('',(#5354),#3303,.T.);
#5354=FACE_BOUND('',#5355,.F.);
#5355=EDGE_LOOP('',(#5356,#5357,#5364,#5226,#5367,#5372));
#5356=ORIENTED_EDGE('',*,*,#4718,.F.);
#5357=ORIENTED_EDGE('',*,*,#5358,.T.);
#5358=EDGE_CURVE('',#4714,#5359,#5361,.T.);
#5359=VERTEX_POINT('',#5360);
#5360=CARTESIAN_POINT('',(2.073933982822,1.625,3.203933982822));
#5361=CIRCLE('',#5362,0.362132034356);
#5362=AXIS2_PLACEMENT_3D('',#5363,#57,#35);
#5363=CARTESIAN_POINT('',(2.33,1.625,2.947867965644));
#5364=ORIENTED_EDGE('',*,*,#5365,.T.);
#5365=EDGE_CURVE('',#5359,#5224,#5366,.T.);
#5366=LINE('',#5360,#1070);
#5367=ORIENTED_EDGE('',*,*,#5368,.F.);
#5368=EDGE_CURVE('',#5369,#5228,#5371,.T.);
#5369=VERTEX_POINT('',#5370);
#5370=CARTESIAN_POINT('',(1.466066017178,1.625,3.203933982822));
#5371=LINE('',#5370,#822);
#5372=ORIENTED_EDGE('',*,*,#5373,.F.);
#5373=EDGE_CURVE('',#4719,#5369,#5374,.T.);
#5374=CIRCLE('',#5375,0.362132034356);
#5375=AXIS2_PLACEMENT_3D('',#5376,#46,#14);
#5376=CARTESIAN_POINT('',(1.21,1.625,2.947867965644));
#5377=ADVANCED_FACE('',(#5378),#3407,.T.);
#5378=FACE_BOUND('',#5379,.F.);
#5379=EDGE_LOOP('',(#5380,#5381,#5388,#5190,#5391,#5396));
#5380=ORIENTED_EDGE('',*,*,#4701,.F.);
#5381=ORIENTED_EDGE('',*,*,#5382,.T.);
#5382=EDGE_CURVE('',#4697,#5383,#5385,.T.);
#5383=VERTEX_POINT('',#5384);
#5384=CARTESIAN_POINT('',(1.466066017178,1.125,3.203933982822));
#5385=CIRCLE('',#5386,0.362132034356);
#5386=AXIS2_PLACEMENT_3D('',#5387,#46,#14);
#5387=CARTESIAN_POINT('',(1.21,1.125,2.947867965644));
#5388=ORIENTED_EDGE('',*,*,#5389,.T.);
#5389=EDGE_CURVE('',#5383,#5188,#5390,.T.);
#5390=LINE('',#5384,#822);
#5391=ORIENTED_EDGE('',*,*,#5392,.F.);
#5392=EDGE_CURVE('',#5393,#5192,#5395,.T.);
#5393=VERTEX_POINT('',#5394);
#5394=CARTESIAN_POINT('',(2.073933982822,1.125,3.203933982822));
#5395=LINE('',#5394,#1070);
#5396=ORIENTED_EDGE('',*,*,#5397,.F.);
#5397=EDGE_CURVE('',#4702,#5393,#5398,.T.);
#5398=CIRCLE('',#5399,0.362132034356);
#5399=AXIS2_PLACEMENT_3D('',#5400,#57,#35);
#5400=CARTESIAN_POINT('',(2.33,1.125,2.947867965644));
#5401=ADVANCED_FACE('',(#5402),#5424,.T.);
#5402=FACE_BOUND('',#5403,.F.);
#5403=EDGE_LOOP('',(#5404,#5411,#5416,#5121,#5127,#5419));
#5404=ORIENTED_EDGE('',*,*,#5405,.F.);
#5405=EDGE_CURVE('',#5406,#5408,#5410,.T.);
#5406=VERTEX_POINT('',#5407);
#5407=CARTESIAN_POINT('',(1.21,2.955,3.01));
#5408=VERTEX_POINT('',#5409);
#5409=CARTESIAN_POINT('',(1.2,2.955,3.01));
#5410=LINE('',#5407,#34);
#5411=ORIENTED_EDGE('',*,*,#5412,.T.);
#5412=EDGE_CURVE('',#5406,#5413,#5415,.T.);
#5413=VERTEX_POINT('',#5414);
#5414=CARTESIAN_POINT('',(1.21,3.655,3.01));
#5415=LINE('',#5407,#95);
#5416=ORIENTED_EDGE('',*,*,#5417,.T.);
#5417=EDGE_CURVE('',#5413,#5119,#5418,.T.);
#5418=LINE('',#5414,#34);
#5419=ORIENTED_EDGE('',*,*,#5420,.T.);
#5420=EDGE_CURVE('',#5129,#5408,#5421,.T.);
#5421=CIRCLE('',#5422,0.15);
#5422=AXIS2_PLACEMENT_3D('',#5423,#28,#35);
#5423=CARTESIAN_POINT('',(1.2,2.805,3.01));
#5424=PLANE('',#5425);
#5425=AXIS2_PLACEMENT_3D('',#5407,#28,#57);
#5426=ADVANCED_FACE('',(#5427),#5436,.T.);
#5427=FACE_BOUND('',#5428,.T.);
#5428=EDGE_LOOP('',(#5429,#5430,#5431,#5432));
#5429=ORIENTED_EDGE('',*,*,#5177,.F.);
#5430=ORIENTED_EDGE('',*,*,#5169,.F.);
#5431=ORIENTED_EDGE('',*,*,#5239,.F.);
#5432=ORIENTED_EDGE('',*,*,#5433,.F.);
#5433=EDGE_CURVE('',#5178,#5236,#5434,.T.);
#5434=LINE('',#5435,#95);
#5435=CARTESIAN_POINT('',(1.21,-1.275,3.01));
#5436=PLANE('',#5437);
#5437=AXIS2_PLACEMENT_3D('',#5435,#28,#46);
#5438=ADVANCED_FACE('',(#5439),#5445,.T.);
#5439=FACE_BOUND('',#5440,.F.);
#5440=EDGE_LOOP('',(#5202,#5206,#5212,#5441));
#5441=ORIENTED_EDGE('',*,*,#5442,.F.);
#5442=EDGE_CURVE('',#5200,#5214,#5443,.T.);
#5443=LINE('',#5444,#95);
#5444=CARTESIAN_POINT('',(2.33,-1.275,3.01));
#5445=PLANE('',#5446);
#5446=AXIS2_PLACEMENT_3D('',#5444,#28,#57);
#5447=ADVANCED_FACE('',(#5448),#5459,.F.);
#5448=FACE_BOUND('',#5449,.T.);
#5449=EDGE_LOOP('',(#5450,#5451,#5456));
#5450=ORIENTED_EDGE('',*,*,#5219,.F.);
#5451=ORIENTED_EDGE('',*,*,#5452,.T.);
#5452=EDGE_CURVE('',#5214,#5453,#5455,.T.);
#5453=VERTEX_POINT('',#5454);
#5454=CARTESIAN_POINT('',(2.286066017178,1.625,2.991801948466));
#5455=CIRCLE('',#5362,6.213203435597E-02);
#5456=ORIENTED_EDGE('',*,*,#5457,.T.);
#5457=EDGE_CURVE('',#5453,#5220,#5458,.T.);
#5458=LINE('',#5360,#3261);
#5459=PLANE('',#5460);
#5460=AXIS2_PLACEMENT_3D('',#5461,#57,#3340);
#5461=CARTESIAN_POINT('',(2.248820584978,1.625,3.143852410375));
#5462=ADVANCED_FACE('',(#5463),#5477,.T.);
#5463=FACE_BOUND('',#5464,.F.);
#5464=EDGE_LOOP('',(#5465,#5456,#5222,#5470,#5474));
#5465=ORIENTED_EDGE('',*,*,#5466,.F.);
#5466=EDGE_CURVE('',#5453,#5467,#5469,.T.);
#5467=VERTEX_POINT('',#5468);
#5468=CARTESIAN_POINT('',(2.026066017178,1.625,2.731801948466));
#5469=LINE('',#5454,#1070);
#5470=ORIENTED_EDGE('',*,*,#5471,.T.);
#5471=EDGE_CURVE('',#5224,#5472,#5366,.T.);
#5472=VERTEX_POINT('',#5473);
#5473=CARTESIAN_POINT('',(1.813933982822,1.625,2.943933982822));
#5474=ORIENTED_EDGE('',*,*,#5475,.F.);
#5475=EDGE_CURVE('',#5467,#5472,#5476,.T.);
#5476=LINE('',#5473,#3261);
#5477=PLANE('',#5478);
#5478=AXIS2_PLACEMENT_3D('',#5360,#46,#823);
#5479=ADVANCED_FACE('',(#5480),#5500,.T.);
#5480=FACE_BOUND('',#5481,.T.);
#5481=EDGE_LOOP('',(#5482,#5489,#5492,#5493,#5497));
#5482=ORIENTED_EDGE('',*,*,#5483,.F.);
#5483=EDGE_CURVE('',#5484,#5486,#5488,.T.);
#5484=VERTEX_POINT('',#5485);
#5485=CARTESIAN_POINT('',(1.253933982822,1.625,2.991801948466));
#5486=VERTEX_POINT('',#5487);
#5487=CARTESIAN_POINT('',(1.513933982822,1.625,2.731801948466));
#5488=LINE('',#5485,#822);
#5489=ORIENTED_EDGE('',*,*,#5490,.T.);
#5490=EDGE_CURVE('',#5484,#5232,#5491,.T.);
#5491=LINE('',#5370,#3246);
#5492=ORIENTED_EDGE('',*,*,#5231,.F.);
#5493=ORIENTED_EDGE('',*,*,#5494,.T.);
#5494=EDGE_CURVE('',#5228,#5495,#5371,.T.);
#5495=VERTEX_POINT('',#5496);
#5496=CARTESIAN_POINT('',(1.726066017178,1.625,2.943933982822));
#5497=ORIENTED_EDGE('',*,*,#5498,.F.);
#5498=EDGE_CURVE('',#5486,#5495,#5499,.T.);
#5499=LINE('',#5496,#3246);
#5500=PLANE('',#5501);
#5501=AXIS2_PLACEMENT_3D('',#5370,#46,#3247);
#5502=ADVANCED_FACE('',(#5503),#5508,.F.);
#5503=FACE_BOUND('',#5504,.F.);
#5504=EDGE_LOOP('',(#5234,#5505,#5489));
#5505=ORIENTED_EDGE('',*,*,#5506,.T.);
#5506=EDGE_CURVE('',#5236,#5484,#5507,.T.);
#5507=CIRCLE('',#5375,6.213203435597E-02);
#5508=PLANE('',#5509);
#5509=AXIS2_PLACEMENT_3D('',#5510,#57,#3251);
#5510=CARTESIAN_POINT('',(1.291179415022,1.625,3.143852410375));
#5511=ADVANCED_FACE('',(#5512),#5522,.F.);
#5512=FACE_BOUND('',#5513,.F.);
#5513=EDGE_LOOP('',(#5514,#5182,#5519));
#5514=ORIENTED_EDGE('',*,*,#5515,.F.);
#5515=EDGE_CURVE('',#5178,#5516,#5518,.T.);
#5516=VERTEX_POINT('',#5517);
#5517=CARTESIAN_POINT('',(1.253933982822,1.125,2.991801948466));
#5518=CIRCLE('',#5386,6.213203435596E-02);
#5519=ORIENTED_EDGE('',*,*,#5520,.T.);
#5520=EDGE_CURVE('',#5184,#5516,#5521,.T.);
#5521=LINE('',#5384,#1070);
#5522=PLANE('',#5523);
#5523=AXIS2_PLACEMENT_3D('',#5524,#46,#3251);
#5524=CARTESIAN_POINT('',(1.291179415022,1.125,3.143852410375));
#5525=ADVANCED_FACE('',(#5526),#5541,.T.);
#5526=FACE_BOUND('',#5527,.T.);
#5527=EDGE_LOOP('',(#5528,#5532,#5519,#5533,#5538));
#5528=ORIENTED_EDGE('',*,*,#5529,.F.);
#5529=EDGE_CURVE('',#5188,#5530,#5390,.T.);
#5530=VERTEX_POINT('',#5531);
#5531=CARTESIAN_POINT('',(1.726066017178,1.125,2.943933982822));
#5532=ORIENTED_EDGE('',*,*,#5187,.F.);
#5533=ORIENTED_EDGE('',*,*,#5534,.T.);
#5534=EDGE_CURVE('',#5516,#5535,#5537,.T.);
#5535=VERTEX_POINT('',#5536);
#5536=CARTESIAN_POINT('',(1.513933982822,1.125,2.731801948466));
#5537=LINE('',#5517,#822);
#5538=ORIENTED_EDGE('',*,*,#5539,.F.);
#5539=EDGE_CURVE('',#5530,#5535,#5540,.T.);
#5540=LINE('',#5531,#1070);
#5541=PLANE('',#5542);
#5542=AXIS2_PLACEMENT_3D('',#5384,#57,#1071);
#5543=ADVANCED_FACE('',(#5544),#5563,.T.);
#5544=FACE_BOUND('',#5545,.F.);
#5545=EDGE_LOOP('',(#5546,#5194,#5550,#5555,#5560));
#5546=ORIENTED_EDGE('',*,*,#5547,.F.);
#5547=EDGE_CURVE('',#5192,#5548,#5395,.T.);
#5548=VERTEX_POINT('',#5549);
#5549=CARTESIAN_POINT('',(1.813933982822,1.125,2.943933982822));
#5550=ORIENTED_EDGE('',*,*,#5551,.T.);
#5551=EDGE_CURVE('',#5196,#5552,#5554,.T.);
#5552=VERTEX_POINT('',#5553);
#5553=CARTESIAN_POINT('',(2.286066017178,1.125,2.991801948466));
#5554=LINE('',#5394,#822);
#5555=ORIENTED_EDGE('',*,*,#5556,.T.);
#5556=EDGE_CURVE('',#5552,#5557,#5559,.T.);
#5557=VERTEX_POINT('',#5558);
#5558=CARTESIAN_POINT('',(2.026066017178,1.125,2.731801948466));
#5559=LINE('',#5553,#1070);
#5560=ORIENTED_EDGE('',*,*,#5561,.F.);
#5561=EDGE_CURVE('',#5548,#5557,#5562,.T.);
#5562=LINE('',#5549,#822);
#5563=PLANE('',#5564);
#5564=AXIS2_PLACEMENT_3D('',#5394,#57,#3262);
#5565=ADVANCED_FACE('',(#5566),#5572,.F.);
#5566=FACE_BOUND('',#5567,.T.);
#5567=EDGE_LOOP('',(#5568,#5571,#5550));
#5568=ORIENTED_EDGE('',*,*,#5569,.F.);
#5569=EDGE_CURVE('',#5200,#5552,#5570,.T.);
#5570=CIRCLE('',#5399,6.213203435596E-02);
#5571=ORIENTED_EDGE('',*,*,#5199,.F.);
#5572=PLANE('',#5573);
#5573=AXIS2_PLACEMENT_3D('',#5574,#46,#3340);
#5574=CARTESIAN_POINT('',(2.248820584978,1.125,3.143852410375));
#5575=ADVANCED_FACE('',(#5576),#5584,.T.);
#5576=FACE_BOUND('',#5577,.F.);
#5577=EDGE_LOOP('',(#5578,#5579,#5582,#5583));
#5578=ORIENTED_EDGE('',*,*,#5417,.F.);
#5579=ORIENTED_EDGE('',*,*,#5580,.T.);
#5580=EDGE_CURVE('',#5413,#5317,#5581,.T.);
#5581=LINE('',#5414,#412);
#5582=ORIENTED_EDGE('',*,*,#5316,.T.);
#5583=ORIENTED_EDGE('',*,*,#5287,.T.);
#5584=PLANE('',#5585);
#5585=AXIS2_PLACEMENT_3D('',#5414,#46,#28);
#5586=ADVANCED_FACE('',(#5587),#5597,.T.);
#5587=FACE_BOUND('',#5588,.F.);
#5588=EDGE_LOOP('',(#5589,#5590,#5593,#5594));
#5589=ORIENTED_EDGE('',*,*,#5302,.F.);
#5590=ORIENTED_EDGE('',*,*,#5591,.T.);
#5591=EDGE_CURVE('',#5303,#5406,#5592,.T.);
#5592=LINE('',#5304,#27);
#5593=ORIENTED_EDGE('',*,*,#5405,.T.);
#5594=ORIENTED_EDGE('',*,*,#5595,.F.);
#5595=EDGE_CURVE('',#5305,#5408,#5596,.T.);
#5596=LINE('',#5306,#27);
#5597=PLANE('',#5598);
#5598=AXIS2_PLACEMENT_3D('',#5304,#57,#13);
#5599=ADVANCED_FACE('',(#5600),#5606,.F.);
#5600=FACE_BOUND('',#5601,.F.);
#5601=EDGE_LOOP('',(#5602,#5603,#5604,#5605));
#5602=ORIENTED_EDGE('',*,*,#5309,.T.);
#5603=ORIENTED_EDGE('',*,*,#5595,.T.);
#5604=ORIENTED_EDGE('',*,*,#5420,.F.);
#5605=ORIENTED_EDGE('',*,*,#5330,.F.);
#5606=CYLINDRICAL_SURFACE('',#5311,0.15);
#5607=ADVANCED_FACE('',(#5608),#5628,.T.);
#5608=FACE_BOUND('',#5609,.F.);
#5609=EDGE_LOOP('',(#5610,#5617,#5622,#5627));
#5610=ORIENTED_EDGE('',*,*,#5611,.F.);
#5611=EDGE_CURVE('',#5612,#5317,#5614,.T.);
#5612=VERTEX_POINT('',#5613);
#5613=CARTESIAN_POINT('',(1.656066017177,3.655,3.125233405972));
#5614=CIRCLE('',#5615,0.630832611206);
#5615=AXIS2_PLACEMENT_3D('',#5616,#57,#35);
#5616=CARTESIAN_POINT('',(1.21,3.655,2.679167388794));
#5617=ORIENTED_EDGE('',*,*,#5618,.T.);
#5618=EDGE_CURVE('',#5612,#5619,#5621,.T.);
#5619=VERTEX_POINT('',#5620);
#5620=CARTESIAN_POINT('',(1.656066017177,2.955,3.125233405972));
#5621=LINE('',#5613,#56);
#5622=ORIENTED_EDGE('',*,*,#5623,.T.);
#5623=EDGE_CURVE('',#5619,#5303,#5624,.T.);
#5624=CIRCLE('',#5625,0.630832611206);
#5625=AXIS2_PLACEMENT_3D('',#5626,#57,#35);
#5626=CARTESIAN_POINT('',(1.21,2.955,2.679167388794));
#5627=ORIENTED_EDGE('',*,*,#5321,.T.);
#5628=CYLINDRICAL_SURFACE('',#5629,0.630832611206);
#5629=AXIS2_PLACEMENT_3D('',#5616,#46,#35);
#5630=ADVANCED_FACE('',(#5631),#5637,.T.);
#5631=FACE_BOUND('',#5632,.T.);
#5632=EDGE_LOOP('',(#5372,#5633,#5381,#5634));
#5633=ORIENTED_EDGE('',*,*,#5338,.T.);
#5634=ORIENTED_EDGE('',*,*,#5635,.T.);
#5635=EDGE_CURVE('',#5383,#5369,#5636,.T.);
#5636=LINE('',#5384,#95);
#5637=CYLINDRICAL_SURFACE('',#5386,0.362132034356);
#5638=ADVANCED_FACE('',(#5639),#5647,.T.);
#5639=FACE_BOUND('',#5640,.F.);
#5640=EDGE_LOOP('',(#5641,#5642,#5643,#5644));
#5641=ORIENTED_EDGE('',*,*,#5358,.F.);
#5642=ORIENTED_EDGE('',*,*,#5349,.T.);
#5643=ORIENTED_EDGE('',*,*,#5397,.T.);
#5644=ORIENTED_EDGE('',*,*,#5645,.T.);
#5645=EDGE_CURVE('',#5393,#5359,#5646,.T.);
#5646=LINE('',#5394,#95);
#5647=CYLINDRICAL_SURFACE('',#5648,0.362132034356);
#5648=AXIS2_PLACEMENT_3D('',#5400,#46,#35);
#5649=ADVANCED_FACE('',(#5650),#5658,.T.);
#5650=FACE_BOUND('',#5651,.T.);
#5651=EDGE_LOOP('',(#5367,#5652,#5388,#5653,#5654,#5657));
#5652=ORIENTED_EDGE('',*,*,#5635,.F.);
#5653=ORIENTED_EDGE('',*,*,#5529,.T.);
#5654=ORIENTED_EDGE('',*,*,#5655,.F.);
#5655=EDGE_CURVE('',#5495,#5530,#5656,.T.);
#5656=LINE('',#5531,#56);
#5657=ORIENTED_EDGE('',*,*,#5494,.F.);
#5658=PLANE('',#5659);
#5659=AXIS2_PLACEMENT_3D('',#5384,#3247,#57);
#5660=ADVANCED_FACE('',(#5661),#5671,.T.);
#5661=FACE_BOUND('',#5662,.F.);
#5662=EDGE_LOOP('',(#5663,#5664,#5665,#5666,#5667,#5670));
#5663=ORIENTED_EDGE('',*,*,#5365,.F.);
#5664=ORIENTED_EDGE('',*,*,#5645,.F.);
#5665=ORIENTED_EDGE('',*,*,#5392,.T.);
#5666=ORIENTED_EDGE('',*,*,#5547,.T.);
#5667=ORIENTED_EDGE('',*,*,#5668,.F.);
#5668=EDGE_CURVE('',#5472,#5548,#5669,.T.);
#5669=LINE('',#5549,#56);
#5670=ORIENTED_EDGE('',*,*,#5471,.F.);
#5671=PLANE('',#5672);
#5672=AXIS2_PLACEMENT_3D('',#5394,#3262,#46);
#5673=ADVANCED_FACE('',(#5674),#5689,.F.);
#5674=FACE_BOUND('',#5675,.T.);
#5675=EDGE_LOOP('',(#5676,#5411,#5681,#5686));
#5676=ORIENTED_EDGE('',*,*,#5677,.T.);
#5677=EDGE_CURVE('',#5678,#5406,#5680,.T.);
#5678=VERTEX_POINT('',#5679);
#5679=CARTESIAN_POINT('',(1.443933982822,2.955,2.913101371616));
#5680=CIRCLE('',#5625,0.330832611206);
#5681=ORIENTED_EDGE('',*,*,#5682,.F.);
#5682=EDGE_CURVE('',#5683,#5413,#5685,.T.);
#5683=VERTEX_POINT('',#5684);
#5684=CARTESIAN_POINT('',(1.443933982822,3.655,2.913101371616));
#5685=CIRCLE('',#5615,0.330832611206);
#5686=ORIENTED_EDGE('',*,*,#5687,.F.);
#5687=EDGE_CURVE('',#5678,#5683,#5688,.T.);
#5688=LINE('',#5679,#95);
#5689=CYLINDRICAL_SURFACE('',#5690,0.330832611206);
#5690=AXIS2_PLACEMENT_3D('',#5626,#46,#35);
#5691=ADVANCED_FACE('',(#5692),#5700,.F.);
#5692=FACE_BOUND('',#5693,.F.);
#5693=EDGE_LOOP('',(#5694,#5695,#5699,#5432));
#5694=ORIENTED_EDGE('',*,*,#5515,.T.);
#5695=ORIENTED_EDGE('',*,*,#5696,.T.);
#5696=EDGE_CURVE('',#5516,#5484,#5697,.T.);
#5697=LINE('',#5698,#95);
#5698=CARTESIAN_POINT('',(1.253933982822,-1.275,2.991801948466));
#5699=ORIENTED_EDGE('',*,*,#5506,.F.);
#5700=CYLINDRICAL_SURFACE('',#5701,6.213203435597E-02);
#5701=AXIS2_PLACEMENT_3D('',#5702,#46,#14);
#5702=CARTESIAN_POINT('',(1.21,-1.275,2.947867965644));
#5703=ADVANCED_FACE('',(#5704),#5712,.F.);
#5704=FACE_BOUND('',#5705,.T.);
#5705=EDGE_LOOP('',(#5706,#5707,#5711,#5441));
#5706=ORIENTED_EDGE('',*,*,#5569,.T.);
#5707=ORIENTED_EDGE('',*,*,#5708,.T.);
#5708=EDGE_CURVE('',#5552,#5453,#5709,.T.);
#5709=LINE('',#5710,#95);
#5710=CARTESIAN_POINT('',(2.286066017178,-1.275,2.991801948466));
#5711=ORIENTED_EDGE('',*,*,#5452,.F.);
#5712=CYLINDRICAL_SURFACE('',#5713,6.213203435597E-02);
#5713=AXIS2_PLACEMENT_3D('',#5714,#46,#35);
#5714=CARTESIAN_POINT('',(2.33,-1.275,2.947867965644));
#5715=ADVANCED_FACE('',(#5716),#5724,.T.);
#5716=FACE_BOUND('',#5717,.F.);
#5717=EDGE_LOOP('',(#5718,#5707,#5719,#5720));
#5718=ORIENTED_EDGE('',*,*,#5556,.F.);
#5719=ORIENTED_EDGE('',*,*,#5466,.T.);
#5720=ORIENTED_EDGE('',*,*,#5721,.F.);
#5721=EDGE_CURVE('',#5557,#5467,#5722,.T.);
#5722=LINE('',#5723,#95);
#5723=CARTESIAN_POINT('',(2.026066017178,-1.275,2.731801948466));
#5724=PLANE('',#5725);
#5725=AXIS2_PLACEMENT_3D('',#5710,#823,#57);
#5726=ADVANCED_FACE('',(#5727),#5744,.F.);
#5727=FACE_BOUND('',#5728,.T.);
#5728=EDGE_LOOP('',(#5729,#5736,#5741,#5474));
#5729=ORIENTED_EDGE('',*,*,#5730,.T.);
#5730=EDGE_CURVE('',#5467,#5731,#5733,.T.);
#5731=VERTEX_POINT('',#5732);
#5732=CARTESIAN_POINT('',(1.77,1.625,2.625735931288));
#5733=CIRCLE('',#5734,0.362132034356);
#5734=AXIS2_PLACEMENT_3D('',#5735,#46,#35);
#5735=CARTESIAN_POINT('',(1.77,1.625,2.987867965644));
#5736=ORIENTED_EDGE('',*,*,#5737,.F.);
#5737=EDGE_CURVE('',#5738,#5731,#5740,.T.);
#5738=VERTEX_POINT('',#5739);
#5739=CARTESIAN_POINT('',(1.77,1.625,2.925735931288));
#5740=LINE('',#5739,#27);
#5741=ORIENTED_EDGE('',*,*,#5742,.F.);
#5742=EDGE_CURVE('',#5472,#5738,#5743,.T.);
#5743=CIRCLE('',#5734,6.213203435596E-02);
#5744=PLANE('',#5745);
#5745=AXIS2_PLACEMENT_3D('',#5746,#57,#3340);
#5746=CARTESIAN_POINT('',(1.851179415022,1.625,2.791883520913));
#5747=ADVANCED_FACE('',(#5748),#5756,.T.);
#5748=FACE_BOUND('',#5749,.T.);
#5749=EDGE_LOOP('',(#5750,#5695,#5751,#5752));
#5750=ORIENTED_EDGE('',*,*,#5534,.F.);
#5751=ORIENTED_EDGE('',*,*,#5483,.T.);
#5752=ORIENTED_EDGE('',*,*,#5753,.F.);
#5753=EDGE_CURVE('',#5535,#5486,#5754,.T.);
#5754=LINE('',#5755,#95);
#5755=CARTESIAN_POINT('',(1.513933982822,-1.275,2.731801948466));
#5756=PLANE('',#5757);
#5757=AXIS2_PLACEMENT_3D('',#5698,#1071,#46);
#5758=ADVANCED_FACE('',(#5759),#5768,.F.);
#5759=FACE_BOUND('',#5760,.F.);
#5760=EDGE_LOOP('',(#5761,#5736,#5765,#5497));
#5761=ORIENTED_EDGE('',*,*,#5762,.T.);
#5762=EDGE_CURVE('',#5486,#5731,#5763,.T.);
#5763=CIRCLE('',#5764,0.362132034356);
#5764=AXIS2_PLACEMENT_3D('',#5735,#57,#14);
#5765=ORIENTED_EDGE('',*,*,#5766,.F.);
#5766=EDGE_CURVE('',#5495,#5738,#5767,.T.);
#5767=CIRCLE('',#5764,6.213203435596E-02);
#5768=PLANE('',#5769);
#5769=AXIS2_PLACEMENT_3D('',#5770,#57,#3251);
#5770=CARTESIAN_POINT('',(1.688820584978,1.625,2.791883520913));
#5771=ADVANCED_FACE('',(#5772),#5789,.F.);
#5772=FACE_BOUND('',#5773,.F.);
#5773=EDGE_LOOP('',(#5774,#5781,#5786,#5538));
#5774=ORIENTED_EDGE('',*,*,#5775,.T.);
#5775=EDGE_CURVE('',#5530,#5776,#5778,.T.);
#5776=VERTEX_POINT('',#5777);
#5777=CARTESIAN_POINT('',(1.77,1.125,2.925735931288));
#5778=CIRCLE('',#5779,6.213203435596E-02);
#5779=AXIS2_PLACEMENT_3D('',#5780,#57,#14);
#5780=CARTESIAN_POINT('',(1.77,1.125,2.987867965644));
#5781=ORIENTED_EDGE('',*,*,#5782,.T.);
#5782=EDGE_CURVE('',#5776,#5783,#5785,.T.);
#5783=VERTEX_POINT('',#5784);
#5784=CARTESIAN_POINT('',(1.77,1.125,2.625735931288));
#5785=LINE('',#5777,#27);
#5786=ORIENTED_EDGE('',*,*,#5787,.F.);
#5787=EDGE_CURVE('',#5535,#5783,#5788,.T.);
#5788=CIRCLE('',#5779,0.362132034356);
#5789=PLANE('',#5790);
#5790=AXIS2_PLACEMENT_3D('',#5791,#46,#3251);
#5791=CARTESIAN_POINT('',(1.688820584978,1.125,2.791883520913));
#5792=ADVANCED_FACE('',(#5793),#5802,.F.);
#5793=FACE_BOUND('',#5794,.T.);
#5794=EDGE_LOOP('',(#5795,#5781,#5799,#5560));
#5795=ORIENTED_EDGE('',*,*,#5796,.T.);
#5796=EDGE_CURVE('',#5548,#5776,#5797,.T.);
#5797=CIRCLE('',#5798,6.213203435596E-02);
#5798=AXIS2_PLACEMENT_3D('',#5780,#46,#35);
#5799=ORIENTED_EDGE('',*,*,#5800,.F.);
#5800=EDGE_CURVE('',#5557,#5783,#5801,.T.);
#5801=CIRCLE('',#5798,0.362132034356);
#5802=PLANE('',#5803);
#5803=AXIS2_PLACEMENT_3D('',#5804,#46,#3340);
#5804=CARTESIAN_POINT('',(1.851179415022,1.125,2.791883520913));
#5805=ADVANCED_FACE('',(#5806),#5812,.F.);
#5806=FACE_BOUND('',#5807,.T.);
#5807=EDGE_LOOP('',(#5808,#5579,#5610,#5809));
#5808=ORIENTED_EDGE('',*,*,#5682,.T.);
#5809=ORIENTED_EDGE('',*,*,#5810,.F.);
#5810=EDGE_CURVE('',#5683,#5612,#5811,.T.);
#5811=LINE('',#5684,#3246);
#5812=PLANE('',#5813);
#5813=AXIS2_PLACEMENT_3D('',#5814,#57,#3251);
#5814=CARTESIAN_POINT('',(1.394006674049,3.655,3.123398796851));
#5815=ADVANCED_FACE('',(#5816),#5822,.F.);
#5816=FACE_BOUND('',#5817,.T.);
#5817=EDGE_LOOP('',(#5622,#5590,#5818,#5819));
#5818=ORIENTED_EDGE('',*,*,#5677,.F.);
#5819=ORIENTED_EDGE('',*,*,#5820,.F.);
#5820=EDGE_CURVE('',#5619,#5678,#5821,.T.);
#5821=LINE('',#5620,#1070);
#5822=PLANE('',#5823);
#5823=AXIS2_PLACEMENT_3D('',#5824,#46,#3251);
#5824=CARTESIAN_POINT('',(1.394006674049,2.955,3.123398796851));
#5825=ADVANCED_FACE('',(#5826),#5857,.T.);
#5826=FACE_BOUND('',#5827,.F.);
#5827=EDGE_LOOP('',(#5828,#5833,#5840,#5846,#5853,#5856));
#5828=ORIENTED_EDGE('',*,*,#5829,.F.);
#5829=EDGE_CURVE('',#5830,#5612,#5832,.T.);
#5830=VERTEX_POINT('',#5831);
#5831=CARTESIAN_POINT('',(2.186396103068,3.655,2.594903320082));
#5832=LINE('',#5613,#3261);
#5833=ORIENTED_EDGE('',*,*,#5834,.T.);
#5834=EDGE_CURVE('',#5830,#5835,#5837,.T.);
#5835=VERTEX_POINT('',#5836);
#5836=CARTESIAN_POINT('',(2.327817459305,3.455,2.453481963844));
#5837=CIRCLE('',#5838,0.2);
#5838=AXIS2_PLACEMENT_3D('',#5839,#1071,#823);
#5839=CARTESIAN_POINT('',(2.186396103068,3.455,2.594903320082));
#5840=ORIENTED_EDGE('',*,*,#5841,.T.);
#5841=EDGE_CURVE('',#5835,#5842,#5844,.T.);
#5842=VERTEX_POINT('',#5843);
#5843=CARTESIAN_POINT('',(2.327817459305,3.155,2.453481963844));
#5844=LINE('',#5845,#56);
#5845=CARTESIAN_POINT('',(2.327817459305,3.655,2.453481963844));
#5846=ORIENTED_EDGE('',*,*,#5847,.T.);
#5847=EDGE_CURVE('',#5842,#5848,#5850,.T.);
#5848=VERTEX_POINT('',#5849);
#5849=CARTESIAN_POINT('',(2.186396103068,2.955,2.594903320082));
#5850=CIRCLE('',#5851,0.2);
#5851=AXIS2_PLACEMENT_3D('',#5852,#1071,#3262);
#5852=CARTESIAN_POINT('',(2.186396103068,3.155,2.594903320082));
#5853=ORIENTED_EDGE('',*,*,#5854,.T.);
#5854=EDGE_CURVE('',#5848,#5619,#5855,.T.);
#5855=LINE('',#5620,#3261);
#5856=ORIENTED_EDGE('',*,*,#5618,.F.);
#5857=PLANE('',#5858);
#5858=AXIS2_PLACEMENT_3D('',#5613,#3247,#46);
#5859=ADVANCED_FACE('',(#5860),#5867,.F.);
#5860=FACE_BOUND('',#5861,.F.);
#5861=EDGE_LOOP('',(#5862,#5863,#5866,#5654));
#5862=ORIENTED_EDGE('',*,*,#5766,.T.);
#5863=ORIENTED_EDGE('',*,*,#5864,.F.);
#5864=EDGE_CURVE('',#5776,#5738,#5865,.T.);
#5865=LINE('',#5777,#95);
#5866=ORIENTED_EDGE('',*,*,#5775,.F.);
#5867=CYLINDRICAL_SURFACE('',#5779,6.213203435596E-02);
#5868=ADVANCED_FACE('',(#5869),#5873,.F.);
#5869=FACE_BOUND('',#5870,.T.);
#5870=EDGE_LOOP('',(#5871,#5863,#5872,#5667));
#5871=ORIENTED_EDGE('',*,*,#5742,.T.);
#5872=ORIENTED_EDGE('',*,*,#5796,.F.);
#5873=CYLINDRICAL_SURFACE('',#5874,6.213203435596E-02);
#5874=AXIS2_PLACEMENT_3D('',#5780,#57,#35);
#5875=ADVANCED_FACE('',(#5876),#5906,.T.);
#5876=FACE_BOUND('',#5877,.F.);
#5877=EDGE_LOOP('',(#5878,#5883,#5890,#5896,#5903,#5686));
#5878=ORIENTED_EDGE('',*,*,#5879,.F.);
#5879=EDGE_CURVE('',#5880,#5678,#5882,.T.);
#5880=VERTEX_POINT('',#5881);
#5881=CARTESIAN_POINT('',(1.974264068713,2.955,2.382771285726));
#5882=LINE('',#5679,#3261);
#5883=ORIENTED_EDGE('',*,*,#5884,.F.);
#5884=EDGE_CURVE('',#5885,#5880,#5887,.T.);
#5885=VERTEX_POINT('',#5886);
#5886=CARTESIAN_POINT('',(2.115685424949,3.155,2.241349929488));
#5887=CIRCLE('',#5888,0.2);
#5888=AXIS2_PLACEMENT_3D('',#5889,#1071,#3262);
#5889=CARTESIAN_POINT('',(1.974264068712,3.155,2.382771285726));
#5890=ORIENTED_EDGE('',*,*,#5891,.T.);
#5891=EDGE_CURVE('',#5885,#5892,#5894,.T.);
#5892=VERTEX_POINT('',#5893);
#5893=CARTESIAN_POINT('',(2.115685424949,3.455,2.241349929488));
#5894=LINE('',#5895,#95);
#5895=CARTESIAN_POINT('',(2.115685424949,2.955,2.241349929488));
#5896=ORIENTED_EDGE('',*,*,#5897,.F.);
#5897=EDGE_CURVE('',#5898,#5892,#5900,.T.);
#5898=VERTEX_POINT('',#5899);
#5899=CARTESIAN_POINT('',(1.974264068713,3.655,2.382771285726));
#5900=CIRCLE('',#5901,0.2);
#5901=AXIS2_PLACEMENT_3D('',#5902,#1071,#823);
#5902=CARTESIAN_POINT('',(1.974264068712,3.455,2.382771285726));
#5903=ORIENTED_EDGE('',*,*,#5904,.T.);
#5904=EDGE_CURVE('',#5898,#5683,#5905,.T.);
#5905=LINE('',#5684,#3261);
#5906=PLANE('',#5907);
#5907=AXIS2_PLACEMENT_3D('',#5679,#1071,#57);
#5908=ADVANCED_FACE('',(#5909),#5916,.T.);
#5909=FACE_BOUND('',#5910,.F.);
#5910=EDGE_LOOP('',(#5799,#5911,#5729,#5912));
#5911=ORIENTED_EDGE('',*,*,#5721,.T.);
#5912=ORIENTED_EDGE('',*,*,#5913,.F.);
#5913=EDGE_CURVE('',#5783,#5731,#5914,.T.);
#5914=LINE('',#5915,#95);
#5915=CARTESIAN_POINT('',(1.77,-1.275,2.625735931288));
#5916=CYLINDRICAL_SURFACE('',#5917,0.362132034356);
#5917=AXIS2_PLACEMENT_3D('',#5918,#57,#35);
#5918=CARTESIAN_POINT('',(1.77,-1.275,2.987867965644));
#5919=ADVANCED_FACE('',(#5920),#5923,.T.);
#5920=FACE_BOUND('',#5921,.T.);
#5921=EDGE_LOOP('',(#5786,#5922,#5761,#5912));
#5922=ORIENTED_EDGE('',*,*,#5753,.T.);
#5923=CYLINDRICAL_SURFACE('',#5924,0.362132034356);
#5924=AXIS2_PLACEMENT_3D('',#5918,#57,#14);
#5925=ADVANCED_FACE('',(#5926),#5933,.T.);
#5926=FACE_BOUND('',#5927,.F.);
#5927=EDGE_LOOP('',(#5928,#5929,#5932,#5809));
#5928=ORIENTED_EDGE('',*,*,#5904,.F.);
#5929=ORIENTED_EDGE('',*,*,#5930,.T.);
#5930=EDGE_CURVE('',#5898,#5830,#5931,.T.);
#5931=LINE('',#5899,#3246);
#5932=ORIENTED_EDGE('',*,*,#5829,.T.);
#5933=PLANE('',#5934);
#5934=AXIS2_PLACEMENT_3D('',#5684,#46,#1071);
#5935=ADVANCED_FACE('',(#5936),#5943,.T.);
#5936=FACE_BOUND('',#5937,.F.);
#5937=EDGE_LOOP('',(#5938,#5939,#5942,#5819));
#5938=ORIENTED_EDGE('',*,*,#5854,.F.);
#5939=ORIENTED_EDGE('',*,*,#5940,.T.);
#5940=EDGE_CURVE('',#5848,#5880,#5941,.T.);
#5941=LINE('',#5849,#1070);
#5942=ORIENTED_EDGE('',*,*,#5879,.T.);
#5943=PLANE('',#5944);
#5944=AXIS2_PLACEMENT_3D('',#5620,#57,#3247);
#5945=ADVANCED_FACE('',(#5946),#5954,.T.);
#5946=FACE_BOUND('',#5947,.F.);
#5947=EDGE_LOOP('',(#5948,#5949,#5952,#5953));
#5948=ORIENTED_EDGE('',*,*,#5897,.T.);
#5949=ORIENTED_EDGE('',*,*,#5950,.T.);
#5950=EDGE_CURVE('',#5892,#5835,#5951,.T.);
#5951=LINE('',#5893,#3246);
#5952=ORIENTED_EDGE('',*,*,#5834,.F.);
#5953=ORIENTED_EDGE('',*,*,#5930,.F.);
#5954=CYLINDRICAL_SURFACE('',#5955,0.2);
#5955=AXIS2_PLACEMENT_3D('',#5902,#3247,#46);
#5956=ADVANCED_FACE('',(#5957),#5962,.F.);
#5957=FACE_BOUND('',#5958,.T.);
#5958=EDGE_LOOP('',(#5840,#5959,#5890,#5949));
#5959=ORIENTED_EDGE('',*,*,#5960,.T.);
#5960=EDGE_CURVE('',#5842,#5885,#5961,.T.);
#5961=LINE('',#5843,#1070);
#5962=PLANE('',#5963);
#5963=AXIS2_PLACEMENT_3D('',#5964,#3262,#1071);
#5964=CARTESIAN_POINT('',(2.221751442127,3.305,2.347415946666));
#5965=ADVANCED_FACE('',(#5966),#5969,.T.);
#5966=FACE_BOUND('',#5967,.T.);
#5967=EDGE_LOOP('',(#5846,#5939,#5883,#5968));
#5968=ORIENTED_EDGE('',*,*,#5960,.F.);
#5969=CYLINDRICAL_SURFACE('',#5970,0.2);
#5970=AXIS2_PLACEMENT_3D('',#5852,#1071,#823);
#5971=MANIFOLD_SOLID_BREP('',#5972);
#5972=CLOSED_SHELL('',(#5973,#5998,#6017,#6036,#6049,#6059));
#5973=ADVANCED_FACE('',(#5974),#5996,.T.);
#5974=FACE_BOUND('',#5975,.F.);
#5975=EDGE_LOOP('',(#5976,#5983,#5988,#5993));
#5976=ORIENTED_EDGE('',*,*,#5977,.T.);
#5977=EDGE_CURVE('',#5978,#5980,#5982,.T.);
#5978=VERTEX_POINT('',#5979);
#5979=CARTESIAN_POINT('',(-2.875,-0.475,1.38));
#5980=VERTEX_POINT('',#5981);
#5981=CARTESIAN_POINT('',(-2.875,-0.475,1.28));
#5982=LINE('',#5979,#27);
#5983=ORIENTED_EDGE('',*,*,#5984,.T.);
#5984=EDGE_CURVE('',#5980,#5985,#5987,.T.);
#5985=VERTEX_POINT('',#5986);
#5986=CARTESIAN_POINT('',(-2.625,-0.475,1.28));
#5987=LINE('',#5981,#77);
#5988=ORIENTED_EDGE('',*,*,#5989,.F.);
#5989=EDGE_CURVE('',#5990,#5985,#5992,.T.);
#5990=VERTEX_POINT('',#5991);
#5991=CARTESIAN_POINT('',(-2.625,-0.475,1.38));
#5992=LINE('',#5991,#27);
#5993=ORIENTED_EDGE('',*,*,#5994,.F.);
#5994=EDGE_CURVE('',#5978,#5990,#5995,.T.);
#5995=LINE('',#5979,#77);
#5996=PLANE('',#5997);
#5997=AXIS2_PLACEMENT_3D('',#5979,#46,#35);
#5998=ADVANCED_FACE('',(#5999),#6015,.T.);
#5999=FACE_BOUND('',#6000,.F.);
#6000=EDGE_LOOP('',(#6001,#6002,#6007,#6012));
#6001=ORIENTED_EDGE('',*,*,#5989,.T.);
#6002=ORIENTED_EDGE('',*,*,#6003,.T.);
#6003=EDGE_CURVE('',#5985,#6004,#6006,.T.);
#6004=VERTEX_POINT('',#6005);
#6005=CARTESIAN_POINT('',(-2.625,-2.875,1.28));
#6006=LINE('',#5986,#56);
#6007=ORIENTED_EDGE('',*,*,#6008,.F.);
#6008=EDGE_CURVE('',#6009,#6004,#6011,.T.);
#6009=VERTEX_POINT('',#6010);
#6010=CARTESIAN_POINT('',(-2.625,-2.875,1.38));
#6011=LINE('',#6010,#27);
#6012=ORIENTED_EDGE('',*,*,#6013,.F.);
#6013=EDGE_CURVE('',#5990,#6009,#6014,.T.);
#6014=LINE('',#5991,#56);
#6015=PLANE('',#6016);
#6016=AXIS2_PLACEMENT_3D('',#5991,#14,#46);
#6017=ADVANCED_FACE('',(#6018),#6034,.T.);
#6018=FACE_BOUND('',#6019,.F.);
#6019=EDGE_LOOP('',(#6020,#6021,#6026,#6031));
#6020=ORIENTED_EDGE('',*,*,#6008,.T.);
#6021=ORIENTED_EDGE('',*,*,#6022,.T.);
#6022=EDGE_CURVE('',#6004,#6023,#6025,.T.);
#6023=VERTEX_POINT('',#6024);
#6024=CARTESIAN_POINT('',(-2.875,-2.875,1.28));
#6025=LINE('',#6005,#34);
#6026=ORIENTED_EDGE('',*,*,#6027,.F.);
#6027=EDGE_CURVE('',#6028,#6023,#6030,.T.);
#6028=VERTEX_POINT('',#6029);
#6029=CARTESIAN_POINT('',(-2.875,-2.875,1.38));
#6030=LINE('',#6029,#27);
#6031=ORIENTED_EDGE('',*,*,#6032,.F.);
#6032=EDGE_CURVE('',#6009,#6028,#6033,.T.);
#6033=LINE('',#6010,#34);
#6034=PLANE('',#6035);
#6035=AXIS2_PLACEMENT_3D('',#6010,#57,#14);
#6036=ADVANCED_FACE('',(#6037),#6047,.T.);
#6037=FACE_BOUND('',#6038,.F.);
#6038=EDGE_LOOP('',(#6039,#6040,#6043,#6044));
#6039=ORIENTED_EDGE('',*,*,#6027,.T.);
#6040=ORIENTED_EDGE('',*,*,#6041,.T.);
#6041=EDGE_CURVE('',#6023,#5980,#6042,.T.);
#6042=LINE('',#6024,#95);
#6043=ORIENTED_EDGE('',*,*,#5977,.F.);
#6044=ORIENTED_EDGE('',*,*,#6045,.F.);
#6045=EDGE_CURVE('',#6028,#5978,#6046,.T.);
#6046=LINE('',#6029,#95);
#6047=PLANE('',#6048);
#6048=AXIS2_PLACEMENT_3D('',#6029,#35,#57);
#6049=ADVANCED_FACE('',(#6050),#6056,.F.);
#6050=FACE_BOUND('',#6051,.F.);
#6051=EDGE_LOOP('',(#6052,#6053,#6054,#6055));
#6052=ORIENTED_EDGE('',*,*,#5994,.T.);
#6053=ORIENTED_EDGE('',*,*,#6013,.T.);
#6054=ORIENTED_EDGE('',*,*,#6032,.T.);
#6055=ORIENTED_EDGE('',*,*,#6045,.T.);
#6056=PLANE('',#6057);
#6057=AXIS2_PLACEMENT_3D('',#6058,#28,#35);
#6058=CARTESIAN_POINT('',(-2.75,-1.675,1.38));
#6059=ADVANCED_FACE('',(#6060),#6062,.T.);
#6060=FACE_BOUND('',#6061,.T.);
#6061=EDGE_LOOP('',(#5983,#6002,#6021,#6040));
#6062=PLANE('',#6063);
#6063=AXIS2_PLACEMENT_3D('',#6064,#28,#35);
#6064=CARTESIAN_POINT('',(-2.75,-1.675,1.28));
#6065=MANIFOLD_SOLID_BREP('',#6066);
#6066=CLOSED_SHELL('',(#6067,#6092,#6111,#6130,#6143,#6153));
#6067=ADVANCED_FACE('',(#6068),#6090,.T.);
#6068=FACE_BOUND('',#6069,.F.);
#6069=EDGE_LOOP('',(#6070,#6077,#6082,#6087));
#6070=ORIENTED_EDGE('',*,*,#6071,.T.);
#6071=EDGE_CURVE('',#6072,#6074,#6076,.T.);
#6072=VERTEX_POINT('',#6073);
#6073=CARTESIAN_POINT('',(-1.375,-0.475,1.38));
#6074=VERTEX_POINT('',#6075);
#6075=CARTESIAN_POINT('',(-1.375,-0.475,1.28));
#6076=LINE('',#6073,#27);
#6077=ORIENTED_EDGE('',*,*,#6078,.T.);
#6078=EDGE_CURVE('',#6074,#6079,#6081,.T.);
#6079=VERTEX_POINT('',#6080);
#6080=CARTESIAN_POINT('',(-1.125,-0.475,1.28));
#6081=LINE('',#6075,#77);
#6082=ORIENTED_EDGE('',*,*,#6083,.F.);
#6083=EDGE_CURVE('',#6084,#6079,#6086,.T.);
#6084=VERTEX_POINT('',#6085);
#6085=CARTESIAN_POINT('',(-1.125,-0.475,1.38));
#6086=LINE('',#6085,#27);
#6087=ORIENTED_EDGE('',*,*,#6088,.F.);
#6088=EDGE_CURVE('',#6072,#6084,#6089,.T.);
#6089=LINE('',#6073,#77);
#6090=PLANE('',#6091);
#6091=AXIS2_PLACEMENT_3D('',#6073,#46,#35);
#6092=ADVANCED_FACE('',(#6093),#6109,.T.);
#6093=FACE_BOUND('',#6094,.F.);
#6094=EDGE_LOOP('',(#6095,#6096,#6101,#6106));
#6095=ORIENTED_EDGE('',*,*,#6083,.T.);
#6096=ORIENTED_EDGE('',*,*,#6097,.T.);
#6097=EDGE_CURVE('',#6079,#6098,#6100,.T.);
#6098=VERTEX_POINT('',#6099);
#6099=CARTESIAN_POINT('',(-1.125,-2.875,1.28));
#6100=LINE('',#6080,#56);
#6101=ORIENTED_EDGE('',*,*,#6102,.F.);
#6102=EDGE_CURVE('',#6103,#6098,#6105,.T.);
#6103=VERTEX_POINT('',#6104);
#6104=CARTESIAN_POINT('',(-1.125,-2.875,1.38));
#6105=LINE('',#6104,#27);
#6106=ORIENTED_EDGE('',*,*,#6107,.F.);
#6107=EDGE_CURVE('',#6084,#6103,#6108,.T.);
#6108=LINE('',#6085,#56);
#6109=PLANE('',#6110);
#6110=AXIS2_PLACEMENT_3D('',#6085,#14,#46);
#6111=ADVANCED_FACE('',(#6112),#6128,.T.);
#6112=FACE_BOUND('',#6113,.F.);
#6113=EDGE_LOOP('',(#6114,#6115,#6120,#6125));
#6114=ORIENTED_EDGE('',*,*,#6102,.T.);
#6115=ORIENTED_EDGE('',*,*,#6116,.T.);
#6116=EDGE_CURVE('',#6098,#6117,#6119,.T.);
#6117=VERTEX_POINT('',#6118);
#6118=CARTESIAN_POINT('',(-1.375,-2.875,1.28));
#6119=LINE('',#6099,#34);
#6120=ORIENTED_EDGE('',*,*,#6121,.F.);
#6121=EDGE_CURVE('',#6122,#6117,#6124,.T.);
#6122=VERTEX_POINT('',#6123);
#6123=CARTESIAN_POINT('',(-1.375,-2.875,1.38));
#6124=LINE('',#6123,#27);
#6125=ORIENTED_EDGE('',*,*,#6126,.F.);
#6126=EDGE_CURVE('',#6103,#6122,#6127,.T.);
#6127=LINE('',#6104,#34);
#6128=PLANE('',#6129);
#6129=AXIS2_PLACEMENT_3D('',#6104,#57,#14);
#6130=ADVANCED_FACE('',(#6131),#6141,.T.);
#6131=FACE_BOUND('',#6132,.F.);
#6132=EDGE_LOOP('',(#6133,#6134,#6137,#6138));
#6133=ORIENTED_EDGE('',*,*,#6121,.T.);
#6134=ORIENTED_EDGE('',*,*,#6135,.T.);
#6135=EDGE_CURVE('',#6117,#6074,#6136,.T.);
#6136=LINE('',#6118,#95);
#6137=ORIENTED_EDGE('',*,*,#6071,.F.);
#6138=ORIENTED_EDGE('',*,*,#6139,.F.);
#6139=EDGE_CURVE('',#6122,#6072,#6140,.T.);
#6140=LINE('',#6123,#95);
#6141=PLANE('',#6142);
#6142=AXIS2_PLACEMENT_3D('',#6123,#35,#57);
#6143=ADVANCED_FACE('',(#6144),#6150,.F.);
#6144=FACE_BOUND('',#6145,.F.);
#6145=EDGE_LOOP('',(#6146,#6147,#6148,#6149));
#6146=ORIENTED_EDGE('',*,*,#6088,.T.);
#6147=ORIENTED_EDGE('',*,*,#6107,.T.);
#6148=ORIENTED_EDGE('',*,*,#6126,.T.);
#6149=ORIENTED_EDGE('',*,*,#6139,.T.);
#6150=PLANE('',#6151);
#6151=AXIS2_PLACEMENT_3D('',#6152,#28,#35);
#6152=CARTESIAN_POINT('',(-1.25,-1.675,1.38));
#6153=ADVANCED_FACE('',(#6154),#6156,.T.);
#6154=FACE_BOUND('',#6155,.T.);
#6155=EDGE_LOOP('',(#6077,#6096,#6115,#6134));
#6156=PLANE('',#6157);
#6157=AXIS2_PLACEMENT_3D('',#6158,#28,#35);
#6158=CARTESIAN_POINT('',(-1.25,-1.675,1.28));
#6159=MANIFOLD_SOLID_BREP('',#6160);
#6160=CLOSED_SHELL('',(#6161,#6186,#6205,#6224,#6237,#6247));
#6161=ADVANCED_FACE('',(#6162),#6184,.T.);
#6162=FACE_BOUND('',#6163,.F.);
#6163=EDGE_LOOP('',(#6164,#6171,#6176,#6181));
#6164=ORIENTED_EDGE('',*,*,#6165,.T.);
#6165=EDGE_CURVE('',#6166,#6168,#6170,.T.);
#6166=VERTEX_POINT('',#6167);
#6167=CARTESIAN_POINT('',(-0.875,-0.475,1.38));
#6168=VERTEX_POINT('',#6169);
#6169=CARTESIAN_POINT('',(-0.875,-0.475,1.28));
#6170=LINE('',#6167,#27);
#6171=ORIENTED_EDGE('',*,*,#6172,.T.);
#6172=EDGE_CURVE('',#6168,#6173,#6175,.T.);
#6173=VERTEX_POINT('',#6174);
#6174=CARTESIAN_POINT('',(-0.625,-0.475,1.28));
#6175=LINE('',#6169,#77);
#6176=ORIENTED_EDGE('',*,*,#6177,.F.);
#6177=EDGE_CURVE('',#6178,#6173,#6180,.T.);
#6178=VERTEX_POINT('',#6179);
#6179=CARTESIAN_POINT('',(-0.625,-0.475,1.38));
#6180=LINE('',#6179,#27);
#6181=ORIENTED_EDGE('',*,*,#6182,.F.);
#6182=EDGE_CURVE('',#6166,#6178,#6183,.T.);
#6183=LINE('',#6167,#77);
#6184=PLANE('',#6185);
#6185=AXIS2_PLACEMENT_3D('',#6167,#46,#35);
#6186=ADVANCED_FACE('',(#6187),#6203,.T.);
#6187=FACE_BOUND('',#6188,.F.);
#6188=EDGE_LOOP('',(#6189,#6190,#6195,#6200));
#6189=ORIENTED_EDGE('',*,*,#6177,.T.);
#6190=ORIENTED_EDGE('',*,*,#6191,.T.);
#6191=EDGE_CURVE('',#6173,#6192,#6194,.T.);
#6192=VERTEX_POINT('',#6193);
#6193=CARTESIAN_POINT('',(-0.625,-2.375,1.28));
#6194=LINE('',#6174,#56);
#6195=ORIENTED_EDGE('',*,*,#6196,.F.);
#6196=EDGE_CURVE('',#6197,#6192,#6199,.T.);
#6197=VERTEX_POINT('',#6198);
#6198=CARTESIAN_POINT('',(-0.625,-2.375,1.38));
#6199=LINE('',#6198,#27);
#6200=ORIENTED_EDGE('',*,*,#6201,.F.);
#6201=EDGE_CURVE('',#6178,#6197,#6202,.T.);
#6202=LINE('',#6179,#56);
#6203=PLANE('',#6204);
#6204=AXIS2_PLACEMENT_3D('',#6179,#14,#46);
#6205=ADVANCED_FACE('',(#6206),#6222,.T.);
#6206=FACE_BOUND('',#6207,.F.);
#6207=EDGE_LOOP('',(#6208,#6209,#6214,#6219));
#6208=ORIENTED_EDGE('',*,*,#6196,.T.);
#6209=ORIENTED_EDGE('',*,*,#6210,.T.);
#6210=EDGE_CURVE('',#6192,#6211,#6213,.T.);
#6211=VERTEX_POINT('',#6212);
#6212=CARTESIAN_POINT('',(-0.875,-2.375,1.28));
#6213=LINE('',#6193,#34);
#6214=ORIENTED_EDGE('',*,*,#6215,.F.);
#6215=EDGE_CURVE('',#6216,#6211,#6218,.T.);
#6216=VERTEX_POINT('',#6217);
#6217=CARTESIAN_POINT('',(-0.875,-2.375,1.38));
#6218=LINE('',#6217,#27);
#6219=ORIENTED_EDGE('',*,*,#6220,.F.);
#6220=EDGE_CURVE('',#6197,#6216,#6221,.T.);
#6221=LINE('',#6198,#34);
#6222=PLANE('',#6223);
#6223=AXIS2_PLACEMENT_3D('',#6198,#57,#14);
#6224=ADVANCED_FACE('',(#6225),#6235,.T.);
#6225=FACE_BOUND('',#6226,.F.);
#6226=EDGE_LOOP('',(#6227,#6228,#6231,#6232));
#6227=ORIENTED_EDGE('',*,*,#6215,.T.);
#6228=ORIENTED_EDGE('',*,*,#6229,.T.);
#6229=EDGE_CURVE('',#6211,#6168,#6230,.T.);
#6230=LINE('',#6212,#95);
#6231=ORIENTED_EDGE('',*,*,#6165,.F.);
#6232=ORIENTED_EDGE('',*,*,#6233,.F.);
#6233=EDGE_CURVE('',#6216,#6166,#6234,.T.);
#6234=LINE('',#6217,#95);
#6235=PLANE('',#6236);
#6236=AXIS2_PLACEMENT_3D('',#6217,#35,#57);
#6237=ADVANCED_FACE('',(#6238),#6244,.F.);
#6238=FACE_BOUND('',#6239,.F.);
#6239=EDGE_LOOP('',(#6240,#6241,#6242,#6243));
#6240=ORIENTED_EDGE('',*,*,#6182,.T.);
#6241=ORIENTED_EDGE('',*,*,#6201,.T.);
#6242=ORIENTED_EDGE('',*,*,#6220,.T.);
#6243=ORIENTED_EDGE('',*,*,#6233,.T.);
#6244=PLANE('',#6245);
#6245=AXIS2_PLACEMENT_3D('',#6246,#28,#35);
#6246=CARTESIAN_POINT('',(-0.75,-1.425,1.38));
#6247=ADVANCED_FACE('',(#6248),#6250,.T.);
#6248=FACE_BOUND('',#6249,.T.);
#6249=EDGE_LOOP('',(#6171,#6190,#6209,#6228));
#6250=PLANE('',#6251);
#6251=AXIS2_PLACEMENT_3D('',#6252,#28,#35);
#6252=CARTESIAN_POINT('',(-0.75,-1.425,1.28));
#6253=MANIFOLD_SOLID_BREP('',#6254);
#6254=CLOSED_SHELL('',(#6255,#6280,#6299,#6318,#6331,#6341));
#6255=ADVANCED_FACE('',(#6256),#6278,.T.);
#6256=FACE_BOUND('',#6257,.F.);
#6257=EDGE_LOOP('',(#6258,#6265,#6270,#6275));
#6258=ORIENTED_EDGE('',*,*,#6259,.T.);
#6259=EDGE_CURVE('',#6260,#6262,#6264,.T.);
#6260=VERTEX_POINT('',#6261);
#6261=CARTESIAN_POINT('',(-0.375,-0.475,1.38));
#6262=VERTEX_POINT('',#6263);
#6263=CARTESIAN_POINT('',(-0.375,-0.475,1.28));
#6264=LINE('',#6261,#27);
#6265=ORIENTED_EDGE('',*,*,#6266,.T.);
#6266=EDGE_CURVE('',#6262,#6267,#6269,.T.);
#6267=VERTEX_POINT('',#6268);
#6268=CARTESIAN_POINT('',(-0.125,-0.475,1.28));
#6269=LINE('',#6263,#77);
#6270=ORIENTED_EDGE('',*,*,#6271,.F.);
#6271=EDGE_CURVE('',#6272,#6267,#6274,.T.);
#6272=VERTEX_POINT('',#6273);
#6273=CARTESIAN_POINT('',(-0.125,-0.475,1.38));
#6274=LINE('',#6273,#27);
#6275=ORIENTED_EDGE('',*,*,#6276,.F.);
#6276=EDGE_CURVE('',#6260,#6272,#6277,.T.);
#6277=LINE('',#6261,#77);
#6278=PLANE('',#6279);
#6279=AXIS2_PLACEMENT_3D('',#6261,#46,#35);
#6280=ADVANCED_FACE('',(#6281),#6297,.T.);
#6281=FACE_BOUND('',#6282,.F.);
#6282=EDGE_LOOP('',(#6283,#6284,#6289,#6294));
#6283=ORIENTED_EDGE('',*,*,#6271,.T.);
#6284=ORIENTED_EDGE('',*,*,#6285,.T.);
#6285=EDGE_CURVE('',#6267,#6286,#6288,.T.);
#6286=VERTEX_POINT('',#6287);
#6287=CARTESIAN_POINT('',(-0.125,-2.375,1.28));
#6288=LINE('',#6268,#56);
#6289=ORIENTED_EDGE('',*,*,#6290,.F.);
#6290=EDGE_CURVE('',#6291,#6286,#6293,.T.);
#6291=VERTEX_POINT('',#6292);
#6292=CARTESIAN_POINT('',(-0.125,-2.375,1.38));
#6293=LINE('',#6292,#27);
#6294=ORIENTED_EDGE('',*,*,#6295,.F.);
#6295=EDGE_CURVE('',#6272,#6291,#6296,.T.);
#6296=LINE('',#6273,#56);
#6297=PLANE('',#6298);
#6298=AXIS2_PLACEMENT_3D('',#6273,#14,#46);
#6299=ADVANCED_FACE('',(#6300),#6316,.T.);
#6300=FACE_BOUND('',#6301,.F.);
#6301=EDGE_LOOP('',(#6302,#6303,#6308,#6313));
#6302=ORIENTED_EDGE('',*,*,#6290,.T.);
#6303=ORIENTED_EDGE('',*,*,#6304,.T.);
#6304=EDGE_CURVE('',#6286,#6305,#6307,.T.);
#6305=VERTEX_POINT('',#6306);
#6306=CARTESIAN_POINT('',(-0.375,-2.375,1.28));
#6307=LINE('',#6287,#34);
#6308=ORIENTED_EDGE('',*,*,#6309,.F.);
#6309=EDGE_CURVE('',#6310,#6305,#6312,.T.);
#6310=VERTEX_POINT('',#6311);
#6311=CARTESIAN_POINT('',(-0.375,-2.375,1.38));
#6312=LINE('',#6311,#27);
#6313=ORIENTED_EDGE('',*,*,#6314,.F.);
#6314=EDGE_CURVE('',#6291,#6310,#6315,.T.);
#6315=LINE('',#6292,#34);
#6316=PLANE('',#6317);
#6317=AXIS2_PLACEMENT_3D('',#6292,#57,#14);
#6318=ADVANCED_FACE('',(#6319),#6329,.T.);
#6319=FACE_BOUND('',#6320,.F.);
#6320=EDGE_LOOP('',(#6321,#6322,#6325,#6326));
#6321=ORIENTED_EDGE('',*,*,#6309,.T.);
#6322=ORIENTED_EDGE('',*,*,#6323,.T.);
#6323=EDGE_CURVE('',#6305,#6262,#6324,.T.);
#6324=LINE('',#6306,#95);
#6325=ORIENTED_EDGE('',*,*,#6259,.F.);
#6326=ORIENTED_EDGE('',*,*,#6327,.F.);
#6327=EDGE_CURVE('',#6310,#6260,#6328,.T.);
#6328=LINE('',#6311,#95);
#6329=PLANE('',#6330);
#6330=AXIS2_PLACEMENT_3D('',#6311,#35,#57);
#6331=ADVANCED_FACE('',(#6332),#6338,.F.);
#6332=FACE_BOUND('',#6333,.F.);
#6333=EDGE_LOOP('',(#6334,#6335,#6336,#6337));
#6334=ORIENTED_EDGE('',*,*,#6276,.T.);
#6335=ORIENTED_EDGE('',*,*,#6295,.T.);
#6336=ORIENTED_EDGE('',*,*,#6314,.T.);
#6337=ORIENTED_EDGE('',*,*,#6327,.T.);
#6338=PLANE('',#6339);
#6339=AXIS2_PLACEMENT_3D('',#6340,#28,#35);
#6340=CARTESIAN_POINT('',(-0.25,-1.425,1.38));
#6341=ADVANCED_FACE('',(#6342),#6344,.T.);
#6342=FACE_BOUND('',#6343,.T.);
#6343=EDGE_LOOP('',(#6265,#6284,#6303,#6322));
#6344=PLANE('',#6345);
#6345=AXIS2_PLACEMENT_3D('',#6346,#28,#35);
#6346=CARTESIAN_POINT('',(-0.25,-1.425,1.28));
#6347=MANIFOLD_SOLID_BREP('',#6348);
#6348=CLOSED_SHELL('',(#6349,#6374,#6393,#6412,#6425,#6435));
#6349=ADVANCED_FACE('',(#6350),#6372,.T.);
#6350=FACE_BOUND('',#6351,.T.);
#6351=EDGE_LOOP('',(#6352,#6359,#6364,#6369));
#6352=ORIENTED_EDGE('',*,*,#6353,.T.);
#6353=EDGE_CURVE('',#6354,#6356,#6358,.T.);
#6354=VERTEX_POINT('',#6355);
#6355=CARTESIAN_POINT('',(-2.875,-0.475,2.08));
#6356=VERTEX_POINT('',#6357);
#6357=CARTESIAN_POINT('',(-2.875,-0.475,2.18));
#6358=LINE('',#6355,#412);
#6359=ORIENTED_EDGE('',*,*,#6360,.T.);
#6360=EDGE_CURVE('',#6356,#6361,#6363,.T.);
#6361=VERTEX_POINT('',#6362);
#6362=CARTESIAN_POINT('',(-2.625,-0.475,2.18));
#6363=LINE('',#6357,#77);
#6364=ORIENTED_EDGE('',*,*,#6365,.F.);
#6365=EDGE_CURVE('',#6366,#6361,#6368,.T.);
#6366=VERTEX_POINT('',#6367);
#6367=CARTESIAN_POINT('',(-2.625,-0.475,2.08));
#6368=LINE('',#6367,#412);
#6369=ORIENTED_EDGE('',*,*,#6370,.F.);
#6370=EDGE_CURVE('',#6354,#6366,#6371,.T.);
#6371=LINE('',#6355,#77);
#6372=PLANE('',#6373);
#6373=AXIS2_PLACEMENT_3D('',#6355,#46,#14);
#6374=ADVANCED_FACE('',(#6375),#6391,.T.);
#6375=FACE_BOUND('',#6376,.T.);
#6376=EDGE_LOOP('',(#6377,#6378,#6383,#6388));
#6377=ORIENTED_EDGE('',*,*,#6365,.T.);
#6378=ORIENTED_EDGE('',*,*,#6379,.T.);
#6379=EDGE_CURVE('',#6361,#6380,#6382,.T.);
#6380=VERTEX_POINT('',#6381);
#6381=CARTESIAN_POINT('',(-2.625,-2.875,2.18));
#6382=LINE('',#6362,#56);
#6383=ORIENTED_EDGE('',*,*,#6384,.F.);
#6384=EDGE_CURVE('',#6385,#6380,#6387,.T.);
#6385=VERTEX_POINT('',#6386);
#6386=CARTESIAN_POINT('',(-2.625,-2.875,2.08));
#6387=LINE('',#6386,#412);
#6388=ORIENTED_EDGE('',*,*,#6389,.F.);
#6389=EDGE_CURVE('',#6366,#6385,#6390,.T.);
#6390=LINE('',#6367,#56);
#6391=PLANE('',#6392);
#6392=AXIS2_PLACEMENT_3D('',#6367,#14,#57);
#6393=ADVANCED_FACE('',(#6394),#6410,.T.);
#6394=FACE_BOUND('',#6395,.T.);
#6395=EDGE_LOOP('',(#6396,#6397,#6402,#6407));
#6396=ORIENTED_EDGE('',*,*,#6384,.T.);
#6397=ORIENTED_EDGE('',*,*,#6398,.T.);
#6398=EDGE_CURVE('',#6380,#6399,#6401,.T.);
#6399=VERTEX_POINT('',#6400);
#6400=CARTESIAN_POINT('',(-2.875,-2.875,2.18));
#6401=LINE('',#6381,#34);
#6402=ORIENTED_EDGE('',*,*,#6403,.F.);
#6403=EDGE_CURVE('',#6404,#6399,#6406,.T.);
#6404=VERTEX_POINT('',#6405);
#6405=CARTESIAN_POINT('',(-2.875,-2.875,2.08));
#6406=LINE('',#6405,#412);
#6407=ORIENTED_EDGE('',*,*,#6408,.F.);
#6408=EDGE_CURVE('',#6385,#6404,#6409,.T.);
#6409=LINE('',#6386,#34);
#6410=PLANE('',#6411);
#6411=AXIS2_PLACEMENT_3D('',#6386,#57,#35);
#6412=ADVANCED_FACE('',(#6413),#6423,.T.);
#6413=FACE_BOUND('',#6414,.T.);
#6414=EDGE_LOOP('',(#6415,#6416,#6419,#6420));
#6415=ORIENTED_EDGE('',*,*,#6403,.T.);
#6416=ORIENTED_EDGE('',*,*,#6417,.T.);
#6417=EDGE_CURVE('',#6399,#6356,#6418,.T.);
#6418=LINE('',#6400,#95);
#6419=ORIENTED_EDGE('',*,*,#6353,.F.);
#6420=ORIENTED_EDGE('',*,*,#6421,.F.);
#6421=EDGE_CURVE('',#6404,#6354,#6422,.T.);
#6422=LINE('',#6405,#95);
#6423=PLANE('',#6424);
#6424=AXIS2_PLACEMENT_3D('',#6405,#35,#46);
#6425=ADVANCED_FACE('',(#6426),#6432,.F.);
#6426=FACE_BOUND('',#6427,.T.);
#6427=EDGE_LOOP('',(#6428,#6429,#6430,#6431));
#6428=ORIENTED_EDGE('',*,*,#6370,.T.);
#6429=ORIENTED_EDGE('',*,*,#6389,.T.);
#6430=ORIENTED_EDGE('',*,*,#6408,.T.);
#6431=ORIENTED_EDGE('',*,*,#6421,.T.);
#6432=PLANE('',#6433);
#6433=AXIS2_PLACEMENT_3D('',#6434,#13,#14);
#6434=CARTESIAN_POINT('',(-2.75,-1.675,2.08));
#6435=ADVANCED_FACE('',(#6436),#6438,.T.);
#6436=FACE_BOUND('',#6437,.F.);
#6437=EDGE_LOOP('',(#6359,#6378,#6397,#6416));
#6438=PLANE('',#6439);
#6439=AXIS2_PLACEMENT_3D('',#6440,#13,#14);
#6440=CARTESIAN_POINT('',(-2.75,-1.675,2.18));
#6441=MANIFOLD_SOLID_BREP('',#6442);
#6442=CLOSED_SHELL('',(#6443,#6468,#6487,#6506,#6519,#6529));
#6443=ADVANCED_FACE('',(#6444),#6466,.T.);
#6444=FACE_BOUND('',#6445,.T.);
#6445=EDGE_LOOP('',(#6446,#6453,#6458,#6463));
#6446=ORIENTED_EDGE('',*,*,#6447,.T.);
#6447=EDGE_CURVE('',#6448,#6450,#6452,.T.);
#6448=VERTEX_POINT('',#6449);
#6449=CARTESIAN_POINT('',(-1.375,-0.475,2.08));
#6450=VERTEX_POINT('',#6451);
#6451=CARTESIAN_POINT('',(-1.375,-0.475,2.18));
#6452=LINE('',#6449,#412);
#6453=ORIENTED_EDGE('',*,*,#6454,.T.);
#6454=EDGE_CURVE('',#6450,#6455,#6457,.T.);
#6455=VERTEX_POINT('',#6456);
#6456=CARTESIAN_POINT('',(-1.125,-0.475,2.18));
#6457=LINE('',#6451,#77);
#6458=ORIENTED_EDGE('',*,*,#6459,.F.);
#6459=EDGE_CURVE('',#6460,#6455,#6462,.T.);
#6460=VERTEX_POINT('',#6461);
#6461=CARTESIAN_POINT('',(-1.125,-0.475,2.08));
#6462=LINE('',#6461,#412);
#6463=ORIENTED_EDGE('',*,*,#6464,.F.);
#6464=EDGE_CURVE('',#6448,#6460,#6465,.T.);
#6465=LINE('',#6449,#77);
#6466=PLANE('',#6467);
#6467=AXIS2_PLACEMENT_3D('',#6449,#46,#14);
#6468=ADVANCED_FACE('',(#6469),#6485,.T.);
#6469=FACE_BOUND('',#6470,.T.);
#6470=EDGE_LOOP('',(#6471,#6472,#6477,#6482));
#6471=ORIENTED_EDGE('',*,*,#6459,.T.);
#6472=ORIENTED_EDGE('',*,*,#6473,.T.);
#6473=EDGE_CURVE('',#6455,#6474,#6476,.T.);
#6474=VERTEX_POINT('',#6475);
#6475=CARTESIAN_POINT('',(-1.125,-2.875,2.18));
#6476=LINE('',#6456,#56);
#6477=ORIENTED_EDGE('',*,*,#6478,.F.);
#6478=EDGE_CURVE('',#6479,#6474,#6481,.T.);
#6479=VERTEX_POINT('',#6480);
#6480=CARTESIAN_POINT('',(-1.125,-2.875,2.08));
#6481=LINE('',#6480,#412);
#6482=ORIENTED_EDGE('',*,*,#6483,.F.);
#6483=EDGE_CURVE('',#6460,#6479,#6484,.T.);
#6484=LINE('',#6461,#56);
#6485=PLANE('',#6486);
#6486=AXIS2_PLACEMENT_3D('',#6461,#14,#57);
#6487=ADVANCED_FACE('',(#6488),#6504,.T.);
#6488=FACE_BOUND('',#6489,.T.);
#6489=EDGE_LOOP('',(#6490,#6491,#6496,#6501));
#6490=ORIENTED_EDGE('',*,*,#6478,.T.);
#6491=ORIENTED_EDGE('',*,*,#6492,.T.);
#6492=EDGE_CURVE('',#6474,#6493,#6495,.T.);
#6493=VERTEX_POINT('',#6494);
#6494=CARTESIAN_POINT('',(-1.375,-2.875,2.18));
#6495=LINE('',#6475,#34);
#6496=ORIENTED_EDGE('',*,*,#6497,.F.);
#6497=EDGE_CURVE('',#6498,#6493,#6500,.T.);
#6498=VERTEX_POINT('',#6499);
#6499=CARTESIAN_POINT('',(-1.375,-2.875,2.08));
#6500=LINE('',#6499,#412);
#6501=ORIENTED_EDGE('',*,*,#6502,.F.);
#6502=EDGE_CURVE('',#6479,#6498,#6503,.T.);
#6503=LINE('',#6480,#34);
#6504=PLANE('',#6505);
#6505=AXIS2_PLACEMENT_3D('',#6480,#57,#35);
#6506=ADVANCED_FACE('',(#6507),#6517,.T.);
#6507=FACE_BOUND('',#6508,.T.);
#6508=EDGE_LOOP('',(#6509,#6510,#6513,#6514));
#6509=ORIENTED_EDGE('',*,*,#6497,.T.);
#6510=ORIENTED_EDGE('',*,*,#6511,.T.);
#6511=EDGE_CURVE('',#6493,#6450,#6512,.T.);
#6512=LINE('',#6494,#95);
#6513=ORIENTED_EDGE('',*,*,#6447,.F.);
#6514=ORIENTED_EDGE('',*,*,#6515,.F.);
#6515=EDGE_CURVE('',#6498,#6448,#6516,.T.);
#6516=LINE('',#6499,#95);
#6517=PLANE('',#6518);
#6518=AXIS2_PLACEMENT_3D('',#6499,#35,#46);
#6519=ADVANCED_FACE('',(#6520),#6526,.F.);
#6520=FACE_BOUND('',#6521,.T.);
#6521=EDGE_LOOP('',(#6522,#6523,#6524,#6525));
#6522=ORIENTED_EDGE('',*,*,#6464,.T.);
#6523=ORIENTED_EDGE('',*,*,#6483,.T.);
#6524=ORIENTED_EDGE('',*,*,#6502,.T.);
#6525=ORIENTED_EDGE('',*,*,#6515,.T.);
#6526=PLANE('',#6527);
#6527=AXIS2_PLACEMENT_3D('',#6528,#13,#14);
#6528=CARTESIAN_POINT('',(-1.25,-1.675,2.08));
#6529=ADVANCED_FACE('',(#6530),#6532,.T.);
#6530=FACE_BOUND('',#6531,.F.);
#6531=EDGE_LOOP('',(#6453,#6472,#6491,#6510));
#6532=PLANE('',#6533);
#6533=AXIS2_PLACEMENT_3D('',#6534,#13,#14);
#6534=CARTESIAN_POINT('',(-1.25,-1.675,2.18));
#6535=MANIFOLD_SOLID_BREP('',#6536);
#6536=CLOSED_SHELL('',(#6537,#6562,#6581,#6600,#6613,#6623));
#6537=ADVANCED_FACE('',(#6538),#6560,.T.);
#6538=FACE_BOUND('',#6539,.T.);
#6539=EDGE_LOOP('',(#6540,#6547,#6552,#6557));
#6540=ORIENTED_EDGE('',*,*,#6541,.T.);
#6541=EDGE_CURVE('',#6542,#6544,#6546,.T.);
#6542=VERTEX_POINT('',#6543);
#6543=CARTESIAN_POINT('',(-0.875,-0.475,2.08));
#6544=VERTEX_POINT('',#6545);
#6545=CARTESIAN_POINT('',(-0.875,-0.475,2.18));
#6546=LINE('',#6543,#412);
#6547=ORIENTED_EDGE('',*,*,#6548,.T.);
#6548=EDGE_CURVE('',#6544,#6549,#6551,.T.);
#6549=VERTEX_POINT('',#6550);
#6550=CARTESIAN_POINT('',(-0.625,-0.475,2.18));
#6551=LINE('',#6545,#77);
#6552=ORIENTED_EDGE('',*,*,#6553,.F.);
#6553=EDGE_CURVE('',#6554,#6549,#6556,.T.);
#6554=VERTEX_POINT('',#6555);
#6555=CARTESIAN_POINT('',(-0.625,-0.475,2.08));
#6556=LINE('',#6555,#412);
#6557=ORIENTED_EDGE('',*,*,#6558,.F.);
#6558=EDGE_CURVE('',#6542,#6554,#6559,.T.);
#6559=LINE('',#6543,#77);
#6560=PLANE('',#6561);
#6561=AXIS2_PLACEMENT_3D('',#6543,#46,#14);
#6562=ADVANCED_FACE('',(#6563),#6579,.T.);
#6563=FACE_BOUND('',#6564,.T.);
#6564=EDGE_LOOP('',(#6565,#6566,#6571,#6576));
#6565=ORIENTED_EDGE('',*,*,#6553,.T.);
#6566=ORIENTED_EDGE('',*,*,#6567,.T.);
#6567=EDGE_CURVE('',#6549,#6568,#6570,.T.);
#6568=VERTEX_POINT('',#6569);
#6569=CARTESIAN_POINT('',(-0.625,-2.375,2.18));
#6570=LINE('',#6550,#56);
#6571=ORIENTED_EDGE('',*,*,#6572,.F.);
#6572=EDGE_CURVE('',#6573,#6568,#6575,.T.);
#6573=VERTEX_POINT('',#6574);
#6574=CARTESIAN_POINT('',(-0.625,-2.375,2.08));
#6575=LINE('',#6574,#412);
#6576=ORIENTED_EDGE('',*,*,#6577,.F.);
#6577=EDGE_CURVE('',#6554,#6573,#6578,.T.);
#6578=LINE('',#6555,#56);
#6579=PLANE('',#6580);
#6580=AXIS2_PLACEMENT_3D('',#6555,#14,#57);
#6581=ADVANCED_FACE('',(#6582),#6598,.T.);
#6582=FACE_BOUND('',#6583,.T.);
#6583=EDGE_LOOP('',(#6584,#6585,#6590,#6595));
#6584=ORIENTED_EDGE('',*,*,#6572,.T.);
#6585=ORIENTED_EDGE('',*,*,#6586,.T.);
#6586=EDGE_CURVE('',#6568,#6587,#6589,.T.);
#6587=VERTEX_POINT('',#6588);
#6588=CARTESIAN_POINT('',(-0.875,-2.375,2.18));
#6589=LINE('',#6569,#34);
#6590=ORIENTED_EDGE('',*,*,#6591,.F.);
#6591=EDGE_CURVE('',#6592,#6587,#6594,.T.);
#6592=VERTEX_POINT('',#6593);
#6593=CARTESIAN_POINT('',(-0.875,-2.375,2.08));
#6594=LINE('',#6593,#412);
#6595=ORIENTED_EDGE('',*,*,#6596,.F.);
#6596=EDGE_CURVE('',#6573,#6592,#6597,.T.);
#6597=LINE('',#6574,#34);
#6598=PLANE('',#6599);
#6599=AXIS2_PLACEMENT_3D('',#6574,#57,#35);
#6600=ADVANCED_FACE('',(#6601),#6611,.T.);
#6601=FACE_BOUND('',#6602,.T.);
#6602=EDGE_LOOP('',(#6603,#6604,#6607,#6608));
#6603=ORIENTED_EDGE('',*,*,#6591,.T.);
#6604=ORIENTED_EDGE('',*,*,#6605,.T.);
#6605=EDGE_CURVE('',#6587,#6544,#6606,.T.);
#6606=LINE('',#6588,#95);
#6607=ORIENTED_EDGE('',*,*,#6541,.F.);
#6608=ORIENTED_EDGE('',*,*,#6609,.F.);
#6609=EDGE_CURVE('',#6592,#6542,#6610,.T.);
#6610=LINE('',#6593,#95);
#6611=PLANE('',#6612);
#6612=AXIS2_PLACEMENT_3D('',#6593,#35,#46);
#6613=ADVANCED_FACE('',(#6614),#6620,.F.);
#6614=FACE_BOUND('',#6615,.T.);
#6615=EDGE_LOOP('',(#6616,#6617,#6618,#6619));
#6616=ORIENTED_EDGE('',*,*,#6558,.T.);
#6617=ORIENTED_EDGE('',*,*,#6577,.T.);
#6618=ORIENTED_EDGE('',*,*,#6596,.T.);
#6619=ORIENTED_EDGE('',*,*,#6609,.T.);
#6620=PLANE('',#6621);
#6621=AXIS2_PLACEMENT_3D('',#6622,#13,#14);
#6622=CARTESIAN_POINT('',(-0.75,-1.425,2.08));
#6623=ADVANCED_FACE('',(#6624),#6626,.T.);
#6624=FACE_BOUND('',#6625,.F.);
#6625=EDGE_LOOP('',(#6547,#6566,#6585,#6604));
#6626=PLANE('',#6627);
#6627=AXIS2_PLACEMENT_3D('',#6628,#13,#14);
#6628=CARTESIAN_POINT('',(-0.75,-1.425,2.18));
#6629=MANIFOLD_SOLID_BREP('',#6630);
#6630=CLOSED_SHELL('',(#6631,#6656,#6675,#6694,#6707,#6717));
#6631=ADVANCED_FACE('',(#6632),#6654,.T.);
#6632=FACE_BOUND('',#6633,.T.);
#6633=EDGE_LOOP('',(#6634,#6641,#6646,#6651));
#6634=ORIENTED_EDGE('',*,*,#6635,.T.);
#6635=EDGE_CURVE('',#6636,#6638,#6640,.T.);
#6636=VERTEX_POINT('',#6637);
#6637=CARTESIAN_POINT('',(-0.375,-0.475,2.08));
#6638=VERTEX_POINT('',#6639);
#6639=CARTESIAN_POINT('',(-0.375,-0.475,2.18));
#6640=LINE('',#6637,#412);
#6641=ORIENTED_EDGE('',*,*,#6642,.T.);
#6642=EDGE_CURVE('',#6638,#6643,#6645,.T.);
#6643=VERTEX_POINT('',#6644);
#6644=CARTESIAN_POINT('',(-0.125,-0.475,2.18));
#6645=LINE('',#6639,#77);
#6646=ORIENTED_EDGE('',*,*,#6647,.F.);
#6647=EDGE_CURVE('',#6648,#6643,#6650,.T.);
#6648=VERTEX_POINT('',#6649);
#6649=CARTESIAN_POINT('',(-0.125,-0.475,2.08));
#6650=LINE('',#6649,#412);
#6651=ORIENTED_EDGE('',*,*,#6652,.F.);
#6652=EDGE_CURVE('',#6636,#6648,#6653,.T.);
#6653=LINE('',#6637,#77);
#6654=PLANE('',#6655);
#6655=AXIS2_PLACEMENT_3D('',#6637,#46,#14);
#6656=ADVANCED_FACE('',(#6657),#6673,.T.);
#6657=FACE_BOUND('',#6658,.T.);
#6658=EDGE_LOOP('',(#6659,#6660,#6665,#6670));
#6659=ORIENTED_EDGE('',*,*,#6647,.T.);
#6660=ORIENTED_EDGE('',*,*,#6661,.T.);
#6661=EDGE_CURVE('',#6643,#6662,#6664,.T.);
#6662=VERTEX_POINT('',#6663);
#6663=CARTESIAN_POINT('',(-0.125,-2.375,2.18));
#6664=LINE('',#6644,#56);
#6665=ORIENTED_EDGE('',*,*,#6666,.F.);
#6666=EDGE_CURVE('',#6667,#6662,#6669,.T.);
#6667=VERTEX_POINT('',#6668);
#6668=CARTESIAN_POINT('',(-0.125,-2.375,2.08));
#6669=LINE('',#6668,#412);
#6670=ORIENTED_EDGE('',*,*,#6671,.F.);
#6671=EDGE_CURVE('',#6648,#6667,#6672,.T.);
#6672=LINE('',#6649,#56);
#6673=PLANE('',#6674);
#6674=AXIS2_PLACEMENT_3D('',#6649,#14,#57);
#6675=ADVANCED_FACE('',(#6676),#6692,.T.);
#6676=FACE_BOUND('',#6677,.T.);
#6677=EDGE_LOOP('',(#6678,#6679,#6684,#6689));
#6678=ORIENTED_EDGE('',*,*,#6666,.T.);
#6679=ORIENTED_EDGE('',*,*,#6680,.T.);
#6680=EDGE_CURVE('',#6662,#6681,#6683,.T.);
#6681=VERTEX_POINT('',#6682);
#6682=CARTESIAN_POINT('',(-0.375,-2.375,2.18));
#6683=LINE('',#6663,#34);
#6684=ORIENTED_EDGE('',*,*,#6685,.F.);
#6685=EDGE_CURVE('',#6686,#6681,#6688,.T.);
#6686=VERTEX_POINT('',#6687);
#6687=CARTESIAN_POINT('',(-0.375,-2.375,2.08));
#6688=LINE('',#6687,#412);
#6689=ORIENTED_EDGE('',*,*,#6690,.F.);
#6690=EDGE_CURVE('',#6667,#6686,#6691,.T.);
#6691=LINE('',#6668,#34);
#6692=PLANE('',#6693);
#6693=AXIS2_PLACEMENT_3D('',#6668,#57,#35);
#6694=ADVANCED_FACE('',(#6695),#6705,.T.);
#6695=FACE_BOUND('',#6696,.T.);
#6696=EDGE_LOOP('',(#6697,#6698,#6701,#6702));
#6697=ORIENTED_EDGE('',*,*,#6685,.T.);
#6698=ORIENTED_EDGE('',*,*,#6699,.T.);
#6699=EDGE_CURVE('',#6681,#6638,#6700,.T.);
#6700=LINE('',#6682,#95);
#6701=ORIENTED_EDGE('',*,*,#6635,.F.);
#6702=ORIENTED_EDGE('',*,*,#6703,.F.);
#6703=EDGE_CURVE('',#6686,#6636,#6704,.T.);
#6704=LINE('',#6687,#95);
#6705=PLANE('',#6706);
#6706=AXIS2_PLACEMENT_3D('',#6687,#35,#46);
#6707=ADVANCED_FACE('',(#6708),#6714,.F.);
#6708=FACE_BOUND('',#6709,.T.);
#6709=EDGE_LOOP('',(#6710,#6711,#6712,#6713));
#6710=ORIENTED_EDGE('',*,*,#6652,.T.);
#6711=ORIENTED_EDGE('',*,*,#6671,.T.);
#6712=ORIENTED_EDGE('',*,*,#6690,.T.);
#6713=ORIENTED_EDGE('',*,*,#6703,.T.);
#6714=PLANE('',#6715);
#6715=AXIS2_PLACEMENT_3D('',#6716,#13,#14);
#6716=CARTESIAN_POINT('',(-0.25,-1.425,2.08));
#6717=ADVANCED_FACE('',(#6718),#6720,.T.);
#6718=FACE_BOUND('',#6719,.F.);
#6719=EDGE_LOOP('',(#6641,#6660,#6679,#6698));
#6720=PLANE('',#6721);
#6721=AXIS2_PLACEMENT_3D('',#6722,#13,#14);
#6722=CARTESIAN_POINT('',(-0.25,-1.425,2.18));
#6723=MANIFOLD_SOLID_BREP('',#6724);
#6724=CLOSED_SHELL('',(#6725,#6753,#6770,#6782,#6786,#6800,#6809,#6826,#6853,#6857,#6871,#6891,#6907,#6917,#6968,#6996,#7000,#7031,#7045,#7050,#7063,#7081,#7101,#7116,#7130,#7176,#7185,#7220,#7240,#7260,#7272,#7287,#7291,#7303,#7316,#7330,#7344,#7380,#7395,#7411,#7418,#7431,#7445,#7454,#7466,#7473,#7489,#7503,#7520,#7524,#7537,#7547,#7557,#7570,#7579,#7586,#7629,#7674,#7692,#7708,#7717,#7728,#7742,#7751,#7761,#7772));
#6725=ADVANCED_FACE('',(#6726,#6735),#6750,.F.);
#6726=FACE_BOUND('',#6727,.F.);
#6727=EDGE_LOOP('',(#6728));
#6728=ORIENTED_EDGE('',*,*,#6729,.T.);
#6729=EDGE_CURVE('',#6730,#6730,#6732,.T.);
#6730=VERTEX_POINT('',#6731);
#6731=CARTESIAN_POINT('',(-2.56,2.605,0.12));
#6732=CIRCLE('',#6733,0.33);
#6733=AXIS2_PLACEMENT_3D('',#6734,#28,#14);
#6734=CARTESIAN_POINT('',(-2.89,2.605,0.12));
#6735=FACE_BOUND('',#6736,.F.);
#6736=EDGE_LOOP('',(#6737,#6742,#6747,#808));
#6737=ORIENTED_EDGE('',*,*,#6738,.T.);
#6738=EDGE_CURVE('',#793,#6739,#6741,.T.);
#6739=VERTEX_POINT('',#6740);
#6740=CARTESIAN_POINT('',(-3.6,3.725,0.12));
#6741=LINE('',#794,#34);
#6742=ORIENTED_EDGE('',*,*,#6743,.T.);
#6743=EDGE_CURVE('',#6739,#6744,#6746,.T.);
#6744=VERTEX_POINT('',#6745);
#6745=CARTESIAN_POINT('',(-3.6,2.175,0.12));
#6746=LINE('',#6740,#56);
#6747=ORIENTED_EDGE('',*,*,#6748,.T.);
#6748=EDGE_CURVE('',#6744,#805,#6749,.T.);
#6749=LINE('',#6745,#77);
#6750=PLANE('',#6751);
#6751=AXIS2_PLACEMENT_3D('',#6752,#13,#46);
#6752=CARTESIAN_POINT('',(-1.8,2.95,0.12));
#6753=ADVANCED_FACE('',(#6754),#6768,.T.);
#6754=FACE_BOUND('',#6755,.T.);
#6755=EDGE_LOOP('',(#6756,#6728,#6762,#6763));
#6756=ORIENTED_EDGE('',*,*,#6757,.F.);
#6757=EDGE_CURVE('',#6730,#6758,#6760,.T.);
#6758=VERTEX_POINT('',#6759);
#6759=CARTESIAN_POINT('',(-2.64,2.605,3.999999999999E-02));
#6760=LINE('',#6761,#1070);
#6761=CARTESIAN_POINT('',(-2.64,2.605,4.E-02));
#6762=ORIENTED_EDGE('',*,*,#6757,.T.);
#6763=ORIENTED_EDGE('',*,*,#6764,.F.);
#6764=EDGE_CURVE('',#6758,#6758,#6765,.T.);
#6765=CIRCLE('',#6766,0.25);
#6766=AXIS2_PLACEMENT_3D('',#6767,#28,#14);
#6767=CARTESIAN_POINT('',(-2.89,2.605,4.E-02));
#6768=CONICAL_SURFACE('',#6769,0.25,0.785398163397);
#6769=AXIS2_PLACEMENT_3D('',#6767,#13,#14);
#6770=ADVANCED_FACE('',(#6771),#848,.T.);
#6771=FACE_BOUND('',#6772,.T.);
#6772=EDGE_LOOP('',(#834,#6737,#6773,#6778));
#6773=ORIENTED_EDGE('',*,*,#6774,.F.);
#6774=EDGE_CURVE('',#6775,#6739,#6777,.T.);
#6775=VERTEX_POINT('',#6776);
#6776=CARTESIAN_POINT('',(-3.6,3.725,0.43));
#6777=LINE('',#6776,#27);
#6778=ORIENTED_EDGE('',*,*,#6779,.T.);
#6779=EDGE_CURVE('',#6775,#836,#6780,.T.);
#6780=LINE('',#6781,#77);
#6781=CARTESIAN_POINT('',(-4.15,3.725,0.43));
#6782=ADVANCED_FACE('',(#6783),#6784,.T.);
#6783=FACE_BOUND('',#852,.T.);
#6784=PLANE('',#6785);
#6785=AXIS2_PLACEMENT_3D('',#856,#14,#46);
#6786=ADVANCED_FACE('',(#6787),#6798,.T.);
#6787=FACE_BOUND('',#6788,.T.);
#6788=EDGE_LOOP('',(#6789,#6742,#6790,#6795));
#6789=ORIENTED_EDGE('',*,*,#6774,.T.);
#6790=ORIENTED_EDGE('',*,*,#6791,.F.);
#6791=EDGE_CURVE('',#6792,#6744,#6794,.T.);
#6792=VERTEX_POINT('',#6793);
#6793=CARTESIAN_POINT('',(-3.6,2.175,0.43));
#6794=LINE('',#6793,#27);
#6795=ORIENTED_EDGE('',*,*,#6796,.F.);
#6796=EDGE_CURVE('',#6775,#6792,#6797,.T.);
#6797=LINE('',#6776,#56);
#6798=PLANE('',#6799);
#6799=AXIS2_PLACEMENT_3D('',#6776,#35,#57);
#6800=ADVANCED_FACE('',(#6801),#6807,.T.);
#6801=FACE_BOUND('',#6802,.T.);
#6802=EDGE_LOOP('',(#6803,#6747,#882,#6804));
#6803=ORIENTED_EDGE('',*,*,#6791,.T.);
#6804=ORIENTED_EDGE('',*,*,#6805,.T.);
#6805=EDGE_CURVE('',#855,#6792,#6806,.T.);
#6806=LINE('',#856,#34);
#6807=PLANE('',#6808);
#6808=AXIS2_PLACEMENT_3D('',#6793,#57,#14);
#6809=ADVANCED_FACE('',(#6810),#6824,.T.);
#6810=FACE_BOUND('',#6811,.F.);
#6811=EDGE_LOOP('',(#6812,#6818,#6823,#6763));
#6812=ORIENTED_EDGE('',*,*,#6813,.T.);
#6813=EDGE_CURVE('',#6758,#6814,#6816,.T.);
#6814=VERTEX_POINT('',#6815);
#6815=CARTESIAN_POINT('',(-2.64,2.605,-0.52));
#6816=LINE('',#6817,#27);
#6817=CARTESIAN_POINT('',(-2.64,2.605,0.12));
#6818=ORIENTED_EDGE('',*,*,#6819,.T.);
#6819=EDGE_CURVE('',#6814,#6814,#6820,.T.);
#6820=CIRCLE('',#6821,0.25);
#6821=AXIS2_PLACEMENT_3D('',#6822,#28,#14);
#6822=CARTESIAN_POINT('',(-2.89,2.605,-0.52));
#6823=ORIENTED_EDGE('',*,*,#6813,.F.);
#6824=CYLINDRICAL_SURFACE('',#6825,0.25);
#6825=AXIS2_PLACEMENT_3D('',#6734,#13,#14);
#6826=ADVANCED_FACE('',(#6827),#6851,.F.);
#6827=FACE_BOUND('',#6828,.F.);
#6828=EDGE_LOOP('',(#6829,#6836,#6841,#6778,#921,#6843,#6848));
#6829=ORIENTED_EDGE('',*,*,#6830,.T.);
#6830=EDGE_CURVE('',#6831,#6833,#6835,.T.);
#6831=VERTEX_POINT('',#6832);
#6832=CARTESIAN_POINT('',(-3.15,3.725,1.73));
#6833=VERTEX_POINT('',#6834);
#6834=CARTESIAN_POINT('',(-4.15,3.725,1.73));
#6835=LINE('',#6832,#34);
#6836=ORIENTED_EDGE('',*,*,#6837,.T.);
#6837=EDGE_CURVE('',#6833,#6838,#6839,.T.);
#6838=VERTEX_POINT('',#6781);
#6839=LINE('',#6840,#27);
#6840=CARTESIAN_POINT('',(-4.15,3.725,1.82));
#6841=ORIENTED_EDGE('',*,*,#6842,.T.);
#6842=EDGE_CURVE('',#6838,#6775,#6780,.T.);
#6843=ORIENTED_EDGE('',*,*,#6844,.F.);
#6844=EDGE_CURVE('',#6845,#923,#6847,.T.);
#6845=VERTEX_POINT('',#6846);
#6846=CARTESIAN_POINT('',(-3.15,3.725,1.82));
#6847=LINE('',#6840,#77);
#6848=ORIENTED_EDGE('',*,*,#6849,.F.);
#6849=EDGE_CURVE('',#6831,#6845,#6850,.T.);
#6850=LINE('',#6832,#412);
#6851=PLANE('',#6852);
#6852=AXIS2_PLACEMENT_3D('',#6840,#57,#14);
#6853=ADVANCED_FACE('',(#6854),#6855,.F.);
#6854=FACE_BOUND('',#938,.F.);
#6855=PLANE('',#6856);
#6856=AXIS2_PLACEMENT_3D('',#924,#35,#57);
#6857=ADVANCED_FACE('',(#6858),#6868,.F.);
#6858=FACE_BOUND('',#6859,.F.);
#6859=EDGE_LOOP('',(#6860,#6861,#6866,#6795));
#6860=ORIENTED_EDGE('',*,*,#6842,.F.);
#6861=ORIENTED_EDGE('',*,*,#6862,.F.);
#6862=EDGE_CURVE('',#6863,#6838,#6865,.T.);
#6863=VERTEX_POINT('',#6864);
#6864=CARTESIAN_POINT('',(-4.15,2.175,0.43));
#6865=LINE('',#6864,#95);
#6866=ORIENTED_EDGE('',*,*,#6867,.F.);
#6867=EDGE_CURVE('',#6792,#6863,#6806,.T.);
#6868=PLANE('',#6869);
#6869=AXIS2_PLACEMENT_3D('',#6870,#13,#46);
#6870=CARTESIAN_POINT('',(-2.075,2.95,0.43));
#6871=ADVANCED_FACE('',(#6872),#990,.F.);
#6872=FACE_BOUND('',#6873,.F.);
#6873=EDGE_LOOP('',(#6874,#977,#6804,#6879,#6880,#6886));
#6874=ORIENTED_EDGE('',*,*,#6875,.F.);
#6875=EDGE_CURVE('',#942,#6876,#6878,.T.);
#6876=VERTEX_POINT('',#6877);
#6877=CARTESIAN_POINT('',(-3.17,2.175,0.47));
#6878=LINE('',#943,#34);
#6879=ORIENTED_EDGE('',*,*,#6867,.T.);
#6880=ORIENTED_EDGE('',*,*,#6881,.F.);
#6881=EDGE_CURVE('',#6882,#6863,#6884,.T.);
#6882=VERTEX_POINT('',#6883);
#6883=CARTESIAN_POINT('',(-4.15,2.175,1.45));
#6884=LINE('',#6885,#27);
#6885=CARTESIAN_POINT('',(-4.15,2.175,1.82));
#6886=ORIENTED_EDGE('',*,*,#6887,.T.);
#6887=EDGE_CURVE('',#6882,#6876,#6888,.T.);
#6888=CIRCLE('',#6889,0.98);
#6889=AXIS2_PLACEMENT_3D('',#6890,#57,#14);
#6890=CARTESIAN_POINT('',(-3.17,2.175,1.45));
#6891=ADVANCED_FACE('',(#6892),#6905,.T.);
#6892=FACE_BOUND('',#6893,.T.);
#6893=EDGE_LOOP('',(#6894,#6818,#6899,#6900));
#6894=ORIENTED_EDGE('',*,*,#6895,.F.);
#6895=EDGE_CURVE('',#6814,#6896,#6898,.T.);
#6896=VERTEX_POINT('',#6897);
#6897=CARTESIAN_POINT('',(-2.72,2.605,-0.6));
#6898=LINE('',#6815,#1070);
#6899=ORIENTED_EDGE('',*,*,#6895,.T.);
#6900=ORIENTED_EDGE('',*,*,#6901,.F.);
#6901=EDGE_CURVE('',#6896,#6896,#6902,.T.);
#6902=CIRCLE('',#6903,0.17);
#6903=AXIS2_PLACEMENT_3D('',#6904,#28,#14);
#6904=CARTESIAN_POINT('',(-2.89,2.605,-0.6));
#6905=CONICAL_SURFACE('',#6906,0.25,0.785398163397);
#6906=AXIS2_PLACEMENT_3D('',#6822,#13,#14);
#6907=ADVANCED_FACE('',(#6908),#6851,.F.);
#6908=FACE_BOUND('',#6909,.F.);
#6909=EDGE_LOOP('',(#6910,#6913,#6915,#6916));
#6910=ORIENTED_EDGE('',*,*,#6911,.F.);
#6911=EDGE_CURVE('',#6912,#6845,#6847,.T.);
#6912=VERTEX_POINT('',#6840);
#6913=ORIENTED_EDGE('',*,*,#6914,.T.);
#6914=EDGE_CURVE('',#6912,#6833,#6839,.T.);
#6915=ORIENTED_EDGE('',*,*,#6830,.F.);
#6916=ORIENTED_EDGE('',*,*,#6849,.T.);
#6917=ADVANCED_FACE('',(#6918),#6965,.T.);
#6918=FACE_BOUND('',#6919,.T.);
#6919=EDGE_LOOP('',(#6920,#6928,#6933,#6938,#1044,#6843,#6942,#6946,#6951,#6957,#6961));
#6920=ORIENTED_EDGE('',*,*,#6921,.T.);
#6921=EDGE_CURVE('',#6922,#6924,#6926,.T.);
#6922=VERTEX_POINT('',#6923);
#6923=CARTESIAN_POINT('',(-2.4,3.725,2.79));
#6924=VERTEX_POINT('',#6925);
#6925=CARTESIAN_POINT('',(-2.4,3.725,2.19));
#6926=LINE('',#6927,#27);
#6927=CARTESIAN_POINT('',(-2.4,3.725,2.99));
#6928=ORIENTED_EDGE('',*,*,#6929,.T.);
#6929=EDGE_CURVE('',#6924,#6930,#6932,.T.);
#6930=VERTEX_POINT('',#6931);
#6931=CARTESIAN_POINT('',(-1.2,3.725,2.19));
#6932=LINE('',#6925,#77);
#6933=ORIENTED_EDGE('',*,*,#6934,.F.);
#6934=EDGE_CURVE('',#6935,#6930,#6937,.T.);
#6935=VERTEX_POINT('',#6936);
#6936=CARTESIAN_POINT('',(-1.2,3.725,2.99));
#6937=LINE('',#6936,#27);
#6938=ORIENTED_EDGE('',*,*,#6939,.T.);
#6939=EDGE_CURVE('',#6935,#1040,#6940,.T.);
#6940=LINE('',#6941,#77);
#6941=CARTESIAN_POINT('',(-3.17,3.725,2.99));
#6942=ORIENTED_EDGE('',*,*,#6943,.T.);
#6943=EDGE_CURVE('',#6845,#6944,#6850,.T.);
#6944=VERTEX_POINT('',#6945);
#6945=CARTESIAN_POINT('',(-3.15,3.725,2.66));
#6946=ORIENTED_EDGE('',*,*,#6947,.T.);
#6947=EDGE_CURVE('',#6944,#6948,#6950,.T.);
#6948=VERTEX_POINT('',#6949);
#6949=CARTESIAN_POINT('',(-3.903416661932,3.725,2.66));
#6950=LINE('',#6945,#34);
#6951=ORIENTED_EDGE('',*,*,#6952,.F.);
#6952=EDGE_CURVE('',#6953,#6948,#6954,.T.);
#6953=VERTEX_POINT('',#6941);
#6954=CIRCLE('',#6955,0.98);
#6955=AXIS2_PLACEMENT_3D('',#6956,#57,#14);
#6956=CARTESIAN_POINT('',(-3.17,3.725,2.01));
#6957=ORIENTED_EDGE('',*,*,#6958,.T.);
#6958=EDGE_CURVE('',#6953,#6959,#6940,.T.);
#6959=VERTEX_POINT('',#6960);
#6960=CARTESIAN_POINT('',(-2.6,3.725,2.99));
#6961=ORIENTED_EDGE('',*,*,#6962,.T.);
#6962=EDGE_CURVE('',#6959,#6922,#6963,.T.);
#6963=LINE('',#6964,#822);
#6964=CARTESIAN_POINT('',(-2.063926689938,3.725,2.453926689938));
#6965=PLANE('',#6966);
#6966=AXIS2_PLACEMENT_3D('',#6967,#46,#13);
#6967=CARTESIAN_POINT('',(-1.915706759753,3.725,1.73));
#6968=ADVANCED_FACE('',(#6969),#6994,.F.);
#6969=FACE_BOUND('',#6970,.F.);
#6970=EDGE_LOOP('',(#6971,#6977,#6981,#6982,#6983,#6984,#6990));
#6971=ORIENTED_EDGE('',*,*,#6972,.F.);
#6972=EDGE_CURVE('',#6973,#6974,#6976,.T.);
#6973=VERTEX_POINT('',#6885);
#6974=VERTEX_POINT('',#6975);
#6975=CARTESIAN_POINT('',(-4.15,3.035,1.82));
#6976=LINE('',#6885,#95);
#6977=ORIENTED_EDGE('',*,*,#6978,.F.);
#6978=EDGE_CURVE('',#6882,#6973,#6979,.T.);
#6979=LINE('',#6980,#412);
#6980=CARTESIAN_POINT('',(-4.15,2.175,0.47));
#6981=ORIENTED_EDGE('',*,*,#6881,.T.);
#6982=ORIENTED_EDGE('',*,*,#6862,.T.);
#6983=ORIENTED_EDGE('',*,*,#6837,.F.);
#6984=ORIENTED_EDGE('',*,*,#6985,.F.);
#6985=EDGE_CURVE('',#6986,#6833,#6988,.T.);
#6986=VERTEX_POINT('',#6987);
#6987=CARTESIAN_POINT('',(-4.15,3.125,1.73));
#6988=LINE('',#6989,#95);
#6989=CARTESIAN_POINT('',(-4.15,2.6,1.73));
#6990=ORIENTED_EDGE('',*,*,#6991,.F.);
#6991=EDGE_CURVE('',#6974,#6986,#6992,.T.);
#6992=LINE('',#6993,#1101);
#6993=CARTESIAN_POINT('',(-4.15,2.84,2.015));
#6994=PLANE('',#6995);
#6995=AXIS2_PLACEMENT_3D('',#6885,#14,#46);
#6996=ADVANCED_FACE('',(#6997),#6998,.F.);
#6997=FACE_BOUND('',#1107,.F.);
#6998=PLANE('',#6999);
#6999=AXIS2_PLACEMENT_3D('',#1111,#35,#28);
#7000=ADVANCED_FACE('',(#7001),#1166,.F.);
#7001=FACE_BOUND('',#7002,.F.);
#7002=EDGE_LOOP('',(#7003,#1142,#7008,#7009,#7014,#7018,#7023,#7028));
#7003=ORIENTED_EDGE('',*,*,#7004,.F.);
#7004=EDGE_CURVE('',#1122,#7005,#7007,.T.);
#7005=VERTEX_POINT('',#7006);
#7006=CARTESIAN_POINT('',(-1.1,1.125,0.47));
#7007=LINE('',#1123,#34);
#7008=ORIENTED_EDGE('',*,*,#6875,.T.);
#7009=ORIENTED_EDGE('',*,*,#7010,.F.);
#7010=EDGE_CURVE('',#7011,#6876,#7013,.T.);
#7011=VERTEX_POINT('',#7012);
#7012=CARTESIAN_POINT('',(-3.17,1.125,0.47));
#7013=LINE('',#7012,#95);
#7014=ORIENTED_EDGE('',*,*,#7015,.F.);
#7015=EDGE_CURVE('',#7016,#7011,#7007,.T.);
#7016=VERTEX_POINT('',#7017);
#7017=CARTESIAN_POINT('',(-2.5,1.125,0.47));
#7018=ORIENTED_EDGE('',*,*,#7019,.T.);
#7019=EDGE_CURVE('',#7016,#7020,#7022,.T.);
#7020=VERTEX_POINT('',#7021);
#7021=CARTESIAN_POINT('',(-2.5,1.675,0.47));
#7022=LINE('',#7017,#95);
#7023=ORIENTED_EDGE('',*,*,#7024,.T.);
#7024=EDGE_CURVE('',#7020,#7025,#7027,.T.);
#7025=VERTEX_POINT('',#7026);
#7026=CARTESIAN_POINT('',(-1.1,1.675,0.47));
#7027=LINE('',#7021,#77);
#7028=ORIENTED_EDGE('',*,*,#7029,.T.);
#7029=EDGE_CURVE('',#7025,#7005,#7030,.T.);
#7030=LINE('',#7026,#56);
#7031=ADVANCED_FACE('',(#7032),#7044,.T.);
#7032=FACE_BOUND('',#7033,.T.);
#7033=EDGE_LOOP('',(#7034,#7041,#6886,#7009));
#7034=ORIENTED_EDGE('',*,*,#7035,.F.);
#7035=EDGE_CURVE('',#7036,#7011,#7038,.T.);
#7036=VERTEX_POINT('',#7037);
#7037=CARTESIAN_POINT('',(-4.15,1.125,1.45));
#7038=CIRCLE('',#7039,0.98);
#7039=AXIS2_PLACEMENT_3D('',#7040,#57,#14);
#7040=CARTESIAN_POINT('',(-3.17,1.125,1.45));
#7041=ORIENTED_EDGE('',*,*,#7042,.T.);
#7042=EDGE_CURVE('',#7036,#6882,#7043,.T.);
#7043=LINE('',#7037,#95);
#7044=CYLINDRICAL_SURFACE('',#7039,0.98);
#7045=ADVANCED_FACE('',(#7046),#7048,.F.);
#7046=FACE_BOUND('',#7047,.F.);
#7047=EDGE_LOOP('',(#6900));
#7048=PLANE('',#7049);
#7049=AXIS2_PLACEMENT_3D('',#6904,#13,#46);
#7050=ADVANCED_FACE('',(#7051),#6965,.T.);
#7051=FACE_BOUND('',#7052,.T.);
#7052=EDGE_LOOP('',(#7053,#7057,#7058,#6910,#7059));
#7053=ORIENTED_EDGE('',*,*,#7054,.F.);
#7054=EDGE_CURVE('',#6948,#7055,#6954,.T.);
#7055=VERTEX_POINT('',#7056);
#7056=CARTESIAN_POINT('',(-4.15,3.725,2.01));
#7057=ORIENTED_EDGE('',*,*,#6947,.F.);
#7058=ORIENTED_EDGE('',*,*,#6943,.F.);
#7059=ORIENTED_EDGE('',*,*,#7060,.T.);
#7060=EDGE_CURVE('',#6912,#7055,#7061,.T.);
#7061=LINE('',#7062,#412);
#7062=CARTESIAN_POINT('',(-4.15,3.725,1.45));
#7063=ADVANCED_FACE('',(#7064),#7079,.T.);
#7064=FACE_BOUND('',#7065,.T.);
#7065=EDGE_LOOP('',(#6913,#7066,#7070,#7075,#7077,#7078));
#7066=ORIENTED_EDGE('',*,*,#7067,.T.);
#7067=EDGE_CURVE('',#6833,#7068,#6835,.T.);
#7068=VERTEX_POINT('',#7069);
#7069=CARTESIAN_POINT('',(-4.45,3.725,1.73));
#7070=ORIENTED_EDGE('',*,*,#7071,.T.);
#7071=EDGE_CURVE('',#7068,#7072,#7074,.T.);
#7072=VERTEX_POINT('',#7073);
#7073=CARTESIAN_POINT('',(-4.45,3.725,2.66));
#7074=LINE('',#7069,#412);
#7075=ORIENTED_EDGE('',*,*,#7076,.F.);
#7076=EDGE_CURVE('',#6948,#7072,#6950,.T.);
#7077=ORIENTED_EDGE('',*,*,#7054,.T.);
#7078=ORIENTED_EDGE('',*,*,#7060,.F.);
#7079=PLANE('',#7080);
#7080=AXIS2_PLACEMENT_3D('',#6832,#46,#13);
#7081=ADVANCED_FACE('',(#7082),#7099,.T.);
#7082=FACE_BOUND('',#7083,.T.);
#7083=EDGE_LOOP('',(#7084,#7092,#7095,#7096));
#7084=ORIENTED_EDGE('',*,*,#7085,.T.);
#7085=EDGE_CURVE('',#7086,#7088,#7090,.T.);
#7086=VERTEX_POINT('',#7087);
#7087=CARTESIAN_POINT('',(-2.4,2.775,2.79));
#7088=VERTEX_POINT('',#7089);
#7089=CARTESIAN_POINT('',(-2.4,2.775,2.19));
#7090=LINE('',#7091,#27);
#7091=CARTESIAN_POINT('',(-2.4,2.775,2.99));
#7092=ORIENTED_EDGE('',*,*,#7093,.T.);
#7093=EDGE_CURVE('',#7088,#6924,#7094,.T.);
#7094=LINE('',#7089,#95);
#7095=ORIENTED_EDGE('',*,*,#6921,.F.);
#7096=ORIENTED_EDGE('',*,*,#7097,.F.);
#7097=EDGE_CURVE('',#7086,#6922,#7098,.T.);
#7098=LINE('',#7087,#95);
#7099=PLANE('',#7100);
#7100=AXIS2_PLACEMENT_3D('',#7091,#14,#46);
#7101=ADVANCED_FACE('',(#7102),#7113,.F.);
#7102=FACE_BOUND('',#7103,.F.);
#7103=EDGE_LOOP('',(#7104,#7110,#6961,#7096));
#7104=ORIENTED_EDGE('',*,*,#7105,.F.);
#7105=EDGE_CURVE('',#7106,#7086,#7108,.T.);
#7106=VERTEX_POINT('',#7107);
#7107=CARTESIAN_POINT('',(-2.6,2.775,2.99));
#7108=LINE('',#7109,#822);
#7109=CARTESIAN_POINT('',(-2.2,2.775,2.59));
#7110=ORIENTED_EDGE('',*,*,#7111,.T.);
#7111=EDGE_CURVE('',#7106,#6959,#7112,.T.);
#7112=LINE('',#7107,#95);
#7113=PLANE('',#7114);
#7114=AXIS2_PLACEMENT_3D('',#7115,#1071,#46);
#7115=CARTESIAN_POINT('',(-2.5,2.775,2.89));
#7116=ADVANCED_FACE('',(#7117),#7127,.T.);
#7117=FACE_BOUND('',#7118,.F.);
#7118=EDGE_LOOP('',(#7119,#7092,#6928,#7124));
#7119=ORIENTED_EDGE('',*,*,#7120,.T.);
#7120=EDGE_CURVE('',#7121,#7088,#7123,.T.);
#7121=VERTEX_POINT('',#7122);
#7122=CARTESIAN_POINT('',(-1.2,2.775,2.19));
#7123=LINE('',#7122,#34);
#7124=ORIENTED_EDGE('',*,*,#7125,.T.);
#7125=EDGE_CURVE('',#6930,#7121,#7126,.T.);
#7126=LINE('',#6931,#56);
#7127=PLANE('',#7128);
#7128=AXIS2_PLACEMENT_3D('',#7129,#13,#46);
#7129=CARTESIAN_POINT('',(-1.8,3.25,2.19));
#7130=ADVANCED_FACE('',(#7131),#7174,.F.);
#7131=FACE_BOUND('',#7132,.F.);
#7132=EDGE_LOOP('',(#6957,#7133,#7134,#7139,#7144,#6938,#1285,#7147,#7153,#7158,#7163,#7168,#7171));
#7133=ORIENTED_EDGE('',*,*,#7111,.F.);
#7134=ORIENTED_EDGE('',*,*,#7135,.F.);
#7135=EDGE_CURVE('',#7136,#7106,#7137,.T.);
#7136=VERTEX_POINT('',#7091);
#7137=LINE('',#7138,#34);
#7138=CARTESIAN_POINT('',(-2.185,2.775,2.99));
#7139=ORIENTED_EDGE('',*,*,#7140,.F.);
#7140=EDGE_CURVE('',#7141,#7136,#7143,.T.);
#7141=VERTEX_POINT('',#7142);
#7142=CARTESIAN_POINT('',(-1.2,2.775,2.99));
#7143=LINE('',#7142,#34);
#7144=ORIENTED_EDGE('',*,*,#7145,.F.);
#7145=EDGE_CURVE('',#6935,#7141,#7146,.T.);
#7146=LINE('',#6936,#56);
#7147=ORIENTED_EDGE('',*,*,#7148,.F.);
#7148=EDGE_CURVE('',#7149,#1110,#7151,.T.);
#7149=VERTEX_POINT('',#7150);
#7150=CARTESIAN_POINT('',(-1.1,1.125,2.99));
#7151=LINE('',#7152,#77);
#7152=CARTESIAN_POINT('',(-3.17,1.125,2.99));
#7153=ORIENTED_EDGE('',*,*,#7154,.F.);
#7154=EDGE_CURVE('',#7155,#7149,#7157,.T.);
#7155=VERTEX_POINT('',#7156);
#7156=CARTESIAN_POINT('',(-1.1,1.675,2.99));
#7157=LINE('',#7156,#56);
#7158=ORIENTED_EDGE('',*,*,#7159,.F.);
#7159=EDGE_CURVE('',#7160,#7155,#7162,.T.);
#7160=VERTEX_POINT('',#7161);
#7161=CARTESIAN_POINT('',(-2.5,1.675,2.99));
#7162=LINE('',#7161,#77);
#7163=ORIENTED_EDGE('',*,*,#7164,.F.);
#7164=EDGE_CURVE('',#7165,#7160,#7167,.T.);
#7165=VERTEX_POINT('',#7166);
#7166=CARTESIAN_POINT('',(-2.5,1.125,2.99));
#7167=LINE('',#7166,#95);
#7168=ORIENTED_EDGE('',*,*,#7169,.F.);
#7169=EDGE_CURVE('',#7170,#7165,#7151,.T.);
#7170=VERTEX_POINT('',#7152);
#7171=ORIENTED_EDGE('',*,*,#7172,.T.);
#7172=EDGE_CURVE('',#7170,#6953,#7173,.T.);
#7173=LINE('',#7152,#95);
#7174=PLANE('',#7175);
#7175=AXIS2_PLACEMENT_3D('',#7152,#28,#14);
#7176=ADVANCED_FACE('',(#7177),#7183,.T.);
#7177=FACE_BOUND('',#7178,.T.);
#7178=EDGE_LOOP('',(#7179,#7124,#7180,#7144));
#7179=ORIENTED_EDGE('',*,*,#6934,.T.);
#7180=ORIENTED_EDGE('',*,*,#7181,.F.);
#7181=EDGE_CURVE('',#7141,#7121,#7182,.T.);
#7182=LINE('',#7142,#27);
#7183=PLANE('',#7184);
#7184=AXIS2_PLACEMENT_3D('',#6936,#35,#57);
#7185=ADVANCED_FACE('',(#7186),#7219,.T.);
#7186=FACE_BOUND('',#7187,.T.);
#7187=EDGE_LOOP('',(#7188,#7197,#7202,#7171,#7207,#7208,#7214));
#7188=ORIENTED_EDGE('',*,*,#7189,.T.);
#7189=EDGE_CURVE('',#7190,#7192,#7194,.T.);
#7190=VERTEX_POINT('',#7191);
#7191=CARTESIAN_POINT('',(-3.981110350076,3.025,2.56));
#7192=VERTEX_POINT('',#7193);
#7193=CARTESIAN_POINT('',(-4.15,3.025,2.01));
#7194=CIRCLE('',#7195,0.98);
#7195=AXIS2_PLACEMENT_3D('',#7196,#57,#14);
#7196=CARTESIAN_POINT('',(-3.17,3.025,2.01));
#7197=ORIENTED_EDGE('',*,*,#7198,.F.);
#7198=EDGE_CURVE('',#7199,#7192,#7201,.T.);
#7199=VERTEX_POINT('',#7200);
#7200=CARTESIAN_POINT('',(-4.15,1.125,2.01));
#7201=LINE('',#7200,#95);
#7202=ORIENTED_EDGE('',*,*,#7203,.F.);
#7203=EDGE_CURVE('',#7170,#7199,#7204,.T.);
#7204=CIRCLE('',#7205,0.98);
#7205=AXIS2_PLACEMENT_3D('',#7206,#57,#14);
#7206=CARTESIAN_POINT('',(-3.17,1.125,2.01));
#7207=ORIENTED_EDGE('',*,*,#6952,.T.);
#7208=ORIENTED_EDGE('',*,*,#7209,.T.);
#7209=EDGE_CURVE('',#6948,#7210,#7212,.T.);
#7210=VERTEX_POINT('',#7211);
#7211=CARTESIAN_POINT('',(-3.903416661932,3.125,2.66));
#7212=LINE('',#7213,#56);
#7213=CARTESIAN_POINT('',(-3.903416661932,1.125,2.66));
#7214=ORIENTED_EDGE('',*,*,#7215,.F.);
#7215=EDGE_CURVE('',#7190,#7210,#7216,.T.);
#7216=ELLIPSE('',#7217,1.385929291126,0.98);
#7217=AXIS2_PLACEMENT_3D('',#7218,#1102,#1359);
#7218=CARTESIAN_POINT('',(-3.17,2.475,2.01));
#7219=CYLINDRICAL_SURFACE('',#7205,0.98);
#7220=ADVANCED_FACE('',(#7221),#7238,.F.);
#7221=FACE_BOUND('',#7222,.F.);
#7222=EDGE_LOOP('',(#7223,#7197,#7229,#7041,#7232,#7233,#7234));
#7223=ORIENTED_EDGE('',*,*,#7224,.F.);
#7224=EDGE_CURVE('',#7192,#7225,#7227,.T.);
#7225=VERTEX_POINT('',#7226);
#7226=CARTESIAN_POINT('',(-4.15,3.025,1.83));
#7227=LINE('',#7228,#27);
#7228=CARTESIAN_POINT('',(-4.15,3.025,2.055));
#7229=ORIENTED_EDGE('',*,*,#7230,.F.);
#7230=EDGE_CURVE('',#7036,#7199,#7231,.T.);
#7231=LINE('',#7037,#412);
#7232=ORIENTED_EDGE('',*,*,#6978,.T.);
#7233=ORIENTED_EDGE('',*,*,#6972,.T.);
#7234=ORIENTED_EDGE('',*,*,#7235,.F.);
#7235=EDGE_CURVE('',#7225,#6974,#7236,.T.);
#7236=LINE('',#7237,#1101);
#7237=CARTESIAN_POINT('',(-4.15,2.67,2.185));
#7238=PLANE('',#7239);
#7239=AXIS2_PLACEMENT_3D('',#7037,#14,#13);
#7240=ADVANCED_FACE('',(#7241),#7257,.T.);
#7241=FACE_BOUND('',#7242,.T.);
#7242=EDGE_LOOP('',(#7234,#7243,#7248,#7254,#6990));
#7243=ORIENTED_EDGE('',*,*,#7244,.T.);
#7244=EDGE_CURVE('',#7225,#7245,#7247,.T.);
#7245=VERTEX_POINT('',#7246);
#7246=CARTESIAN_POINT('',(-4.45,3.025,1.83));
#7247=LINE('',#7226,#34);
#7248=ORIENTED_EDGE('',*,*,#7249,.T.);
#7249=EDGE_CURVE('',#7245,#7250,#7252,.T.);
#7250=VERTEX_POINT('',#7251);
#7251=CARTESIAN_POINT('',(-4.45,3.125,1.73));
#7252=LINE('',#7253,#1101);
#7253=CARTESIAN_POINT('',(-4.45,3.04625,1.80875));
#7254=ORIENTED_EDGE('',*,*,#7255,.F.);
#7255=EDGE_CURVE('',#6986,#7250,#7256,.T.);
#7256=LINE('',#6987,#34);
#7257=PLANE('',#7258);
#7258=AXIS2_PLACEMENT_3D('',#7259,#1359,#35);
#7259=CARTESIAN_POINT('',(-4.15,3.075,1.78));
#7260=ADVANCED_FACE('',(#7261),#7269,.T.);
#7261=FACE_BOUND('',#7262,.T.);
#7262=EDGE_LOOP('',(#6984,#7263,#7264,#7268));
#7263=ORIENTED_EDGE('',*,*,#7255,.T.);
#7264=ORIENTED_EDGE('',*,*,#7265,.T.);
#7265=EDGE_CURVE('',#7250,#7068,#7266,.T.);
#7266=LINE('',#7267,#95);
#7267=CARTESIAN_POINT('',(-4.45,3.025,1.73));
#7268=ORIENTED_EDGE('',*,*,#7067,.F.);
#7269=PLANE('',#7270);
#7270=AXIS2_PLACEMENT_3D('',#7271,#28,#46);
#7271=CARTESIAN_POINT('',(-3.15,3.025,1.73));
#7272=ADVANCED_FACE('',(#7273),#7284,.F.);
#7273=FACE_BOUND('',#7274,.F.);
#7274=EDGE_LOOP('',(#7275,#7280,#1423,#7281));
#7275=ORIENTED_EDGE('',*,*,#7276,.F.);
#7276=EDGE_CURVE('',#7149,#7277,#7279,.T.);
#7277=VERTEX_POINT('',#7278);
#7278=CARTESIAN_POINT('',(-1.1,1.125,2.33));
#7279=LINE('',#7150,#27);
#7280=ORIENTED_EDGE('',*,*,#7148,.T.);
#7281=ORIENTED_EDGE('',*,*,#7282,.T.);
#7282=EDGE_CURVE('',#1112,#7277,#7283,.T.);
#7283=LINE('',#1113,#34);
#7284=PLANE('',#7285);
#7285=AXIS2_PLACEMENT_3D('',#7286,#46,#13);
#7286=CARTESIAN_POINT('',(-1.915706759753,1.125,1.73));
#7287=ADVANCED_FACE('',(#7288),#7289,.T.);
#7288=FACE_BOUND('',#1432,.T.);
#7289=PLANE('',#7290);
#7290=AXIS2_PLACEMENT_3D('',#1113,#14,#28);
#7291=ADVANCED_FACE('',(#7292),#7284,.F.);
#7292=FACE_BOUND('',#7293,.F.);
#7293=EDGE_LOOP('',(#7294,#7295,#7300,#1469));
#7294=ORIENTED_EDGE('',*,*,#7004,.T.);
#7295=ORIENTED_EDGE('',*,*,#7296,.F.);
#7296=EDGE_CURVE('',#7297,#7005,#7299,.T.);
#7297=VERTEX_POINT('',#7298);
#7298=CARTESIAN_POINT('',(-1.1,1.125,1.13));
#7299=LINE('',#7298,#27);
#7300=ORIENTED_EDGE('',*,*,#7301,.F.);
#7301=EDGE_CURVE('',#1127,#7297,#7302,.T.);
#7302=LINE('',#1128,#34);
#7303=ADVANCED_FACE('',(#7304),#7314,.T.);
#7304=FACE_BOUND('',#7305,.T.);
#7305=EDGE_LOOP('',(#7306,#7028,#7295,#7311));
#7306=ORIENTED_EDGE('',*,*,#7307,.T.);
#7307=EDGE_CURVE('',#7308,#7025,#7310,.T.);
#7308=VERTEX_POINT('',#7309);
#7309=CARTESIAN_POINT('',(-1.1,1.675,1.13));
#7310=LINE('',#7309,#27);
#7311=ORIENTED_EDGE('',*,*,#7312,.F.);
#7312=EDGE_CURVE('',#7308,#7297,#7313,.T.);
#7313=LINE('',#7309,#56);
#7314=PLANE('',#7315);
#7315=AXIS2_PLACEMENT_3D('',#7309,#35,#57);
#7316=ADVANCED_FACE('',(#7317),#7328,.T.);
#7317=FACE_BOUND('',#7318,.T.);
#7318=EDGE_LOOP('',(#7319,#7023,#7324,#7325));
#7319=ORIENTED_EDGE('',*,*,#7320,.T.);
#7320=EDGE_CURVE('',#7321,#7020,#7323,.T.);
#7321=VERTEX_POINT('',#7322);
#7322=CARTESIAN_POINT('',(-2.5,1.675,1.13));
#7323=LINE('',#7322,#27);
#7324=ORIENTED_EDGE('',*,*,#7307,.F.);
#7325=ORIENTED_EDGE('',*,*,#7326,.F.);
#7326=EDGE_CURVE('',#7321,#7308,#7327,.T.);
#7327=LINE('',#7322,#77);
#7328=PLANE('',#7329);
#7329=AXIS2_PLACEMENT_3D('',#7322,#57,#14);
#7330=ADVANCED_FACE('',(#7331),#7342,.T.);
#7331=FACE_BOUND('',#7332,.T.);
#7332=EDGE_LOOP('',(#7333,#7018,#7338,#7339));
#7333=ORIENTED_EDGE('',*,*,#7334,.T.);
#7334=EDGE_CURVE('',#7335,#7016,#7337,.T.);
#7335=VERTEX_POINT('',#7336);
#7336=CARTESIAN_POINT('',(-2.5,1.125,1.13));
#7337=LINE('',#7336,#27);
#7338=ORIENTED_EDGE('',*,*,#7320,.F.);
#7339=ORIENTED_EDGE('',*,*,#7340,.F.);
#7340=EDGE_CURVE('',#7335,#7321,#7341,.T.);
#7341=LINE('',#7336,#95);
#7342=PLANE('',#7343);
#7343=AXIS2_PLACEMENT_3D('',#7336,#14,#46);
#7344=ADVANCED_FACE('',(#7345),#7284,.F.);
#7345=FACE_BOUND('',#7346,.F.);
#7346=EDGE_LOOP('',(#7202,#7347,#7348,#7353,#7357,#7364,#7369,#7376,#7333,#7378,#7034,#7379));
#7347=ORIENTED_EDGE('',*,*,#7169,.T.);
#7348=ORIENTED_EDGE('',*,*,#7349,.T.);
#7349=EDGE_CURVE('',#7165,#7350,#7352,.T.);
#7350=VERTEX_POINT('',#7351);
#7351=CARTESIAN_POINT('',(-2.5,1.125,2.33));
#7352=LINE('',#7166,#27);
#7353=ORIENTED_EDGE('',*,*,#7354,.T.);
#7354=EDGE_CURVE('',#7350,#7355,#7283,.T.);
#7355=VERTEX_POINT('',#7356);
#7356=CARTESIAN_POINT('',(-3.095,1.125,2.33));
#7357=ORIENTED_EDGE('',*,*,#7358,.T.);
#7358=EDGE_CURVE('',#7355,#7359,#7361,.T.);
#7359=VERTEX_POINT('',#7360);
#7360=CARTESIAN_POINT('',(-3.345,1.125,2.08));
#7361=CIRCLE('',#7362,0.25);
#7362=AXIS2_PLACEMENT_3D('',#7363,#57,#14);
#7363=CARTESIAN_POINT('',(-3.095,1.125,2.08));
#7364=ORIENTED_EDGE('',*,*,#7365,.T.);
#7365=EDGE_CURVE('',#7359,#7366,#7368,.T.);
#7366=VERTEX_POINT('',#7367);
#7367=CARTESIAN_POINT('',(-3.345,1.125,1.38));
#7368=LINE('',#7360,#27);
#7369=ORIENTED_EDGE('',*,*,#7370,.T.);
#7370=EDGE_CURVE('',#7366,#7371,#7373,.T.);
#7371=VERTEX_POINT('',#7372);
#7372=CARTESIAN_POINT('',(-3.095,1.125,1.13));
#7373=CIRCLE('',#7374,0.25);
#7374=AXIS2_PLACEMENT_3D('',#7375,#57,#14);
#7375=CARTESIAN_POINT('',(-3.095,1.125,1.38));
#7376=ORIENTED_EDGE('',*,*,#7377,.F.);
#7377=EDGE_CURVE('',#7335,#7371,#7302,.T.);
#7378=ORIENTED_EDGE('',*,*,#7015,.T.);
#7379=ORIENTED_EDGE('',*,*,#7230,.T.);
#7380=ADVANCED_FACE('',(#7381),#7393,.T.);
#7381=FACE_BOUND('',#7382,.T.);
#7382=EDGE_LOOP('',(#7383,#7384,#7385,#7390));
#7383=ORIENTED_EDGE('',*,*,#7209,.F.);
#7384=ORIENTED_EDGE('',*,*,#7076,.T.);
#7385=ORIENTED_EDGE('',*,*,#7386,.T.);
#7386=EDGE_CURVE('',#7072,#7387,#7389,.T.);
#7387=VERTEX_POINT('',#7388);
#7388=CARTESIAN_POINT('',(-4.45,3.125,2.66));
#7389=LINE('',#7073,#56);
#7390=ORIENTED_EDGE('',*,*,#7391,.F.);
#7391=EDGE_CURVE('',#7210,#7387,#7392,.T.);
#7392=LINE('',#7211,#34);
#7393=PLANE('',#7394);
#7394=AXIS2_PLACEMENT_3D('',#6945,#13,#57);
#7395=ADVANCED_FACE('',(#7396),#7408,.F.);
#7396=FACE_BOUND('',#7397,.F.);
#7397=EDGE_LOOP('',(#7398,#7248,#7264,#7070,#7385,#7404));
#7398=ORIENTED_EDGE('',*,*,#7399,.T.);
#7399=EDGE_CURVE('',#7400,#7245,#7402,.T.);
#7400=VERTEX_POINT('',#7401);
#7401=CARTESIAN_POINT('',(-4.45,3.025,2.56));
#7402=LINE('',#7403,#27);
#7403=CARTESIAN_POINT('',(-4.45,3.025,2.66));
#7404=ORIENTED_EDGE('',*,*,#7405,.F.);
#7405=EDGE_CURVE('',#7400,#7387,#7406,.T.);
#7406=LINE('',#7407,#1575);
#7407=CARTESIAN_POINT('',(-4.45,3.04625,2.58125));
#7408=PLANE('',#7409);
#7409=AXIS2_PLACEMENT_3D('',#7410,#14,#13);
#7410=CARTESIAN_POINT('',(-4.45,3.375,2.195));
#7411=ADVANCED_FACE('',(#7412),#7416,.T.);
#7412=FACE_BOUND('',#7413,.T.);
#7413=EDGE_LOOP('',(#7414,#7104,#7134,#7139,#7415,#7119));
#7414=ORIENTED_EDGE('',*,*,#7085,.F.);
#7415=ORIENTED_EDGE('',*,*,#7181,.T.);
#7416=PLANE('',#7417);
#7417=AXIS2_PLACEMENT_3D('',#7142,#46,#35);
#7418=ADVANCED_FACE('',(#7419),#7429,.T.);
#7419=FACE_BOUND('',#7420,.T.);
#7420=EDGE_LOOP('',(#7348,#7421,#7426,#7163));
#7421=ORIENTED_EDGE('',*,*,#7422,.T.);
#7422=EDGE_CURVE('',#7350,#7423,#7425,.T.);
#7423=VERTEX_POINT('',#7424);
#7424=CARTESIAN_POINT('',(-2.5,1.675,2.33));
#7425=LINE('',#7351,#95);
#7426=ORIENTED_EDGE('',*,*,#7427,.F.);
#7427=EDGE_CURVE('',#7160,#7423,#7428,.T.);
#7428=LINE('',#7161,#27);
#7429=PLANE('',#7430);
#7430=AXIS2_PLACEMENT_3D('',#7166,#14,#46);
#7431=ADVANCED_FACE('',(#7432),#7443,.T.);
#7432=FACE_BOUND('',#7433,.T.);
#7433=EDGE_LOOP('',(#7434,#7435,#7440,#7158));
#7434=ORIENTED_EDGE('',*,*,#7427,.T.);
#7435=ORIENTED_EDGE('',*,*,#7436,.T.);
#7436=EDGE_CURVE('',#7423,#7437,#7439,.T.);
#7437=VERTEX_POINT('',#7438);
#7438=CARTESIAN_POINT('',(-1.1,1.675,2.33));
#7439=LINE('',#7424,#77);
#7440=ORIENTED_EDGE('',*,*,#7441,.F.);
#7441=EDGE_CURVE('',#7155,#7437,#7442,.T.);
#7442=LINE('',#7156,#27);
#7443=PLANE('',#7444);
#7444=AXIS2_PLACEMENT_3D('',#7161,#57,#14);
#7445=ADVANCED_FACE('',(#7446),#7452,.T.);
#7446=FACE_BOUND('',#7447,.T.);
#7447=EDGE_LOOP('',(#7448,#7449,#7275,#7153));
#7448=ORIENTED_EDGE('',*,*,#7441,.T.);
#7449=ORIENTED_EDGE('',*,*,#7450,.T.);
#7450=EDGE_CURVE('',#7437,#7277,#7451,.T.);
#7451=LINE('',#7438,#56);
#7452=PLANE('',#7453);
#7453=AXIS2_PLACEMENT_3D('',#7156,#35,#57);
#7454=ADVANCED_FACE('',(#7455),#7463,.T.);
#7455=FACE_BOUND('',#7456,.T.);
#7456=EDGE_LOOP('',(#7457,#7458,#7398,#7462,#7223));
#7457=ORIENTED_EDGE('',*,*,#7189,.F.);
#7458=ORIENTED_EDGE('',*,*,#7459,.T.);
#7459=EDGE_CURVE('',#7190,#7400,#7460,.T.);
#7460=LINE('',#7461,#34);
#7461=CARTESIAN_POINT('',(-3.903416661932,3.025,2.56));
#7462=ORIENTED_EDGE('',*,*,#7244,.F.);
#7463=PLANE('',#7464);
#7464=AXIS2_PLACEMENT_3D('',#7465,#57,#28);
#7465=CARTESIAN_POINT('',(-3.15,3.025,2.66));
#7466=ADVANCED_FACE('',(#7467),#7470,.T.);
#7467=FACE_BOUND('',#7468,.F.);
#7468=EDGE_LOOP('',(#7214,#7458,#7469,#7390));
#7469=ORIENTED_EDGE('',*,*,#7405,.T.);
#7470=PLANE('',#7471);
#7471=AXIS2_PLACEMENT_3D('',#7472,#1358,#14);
#7472=CARTESIAN_POINT('',(-3.903416661932,3.075,2.61));
#7473=ADVANCED_FACE('',(#7474),#1658,.F.);
#7474=FACE_BOUND('',#7475,.F.);
#7475=EDGE_LOOP('',(#1433,#7476,#7481,#7484,#7485,#7488));
#7476=ORIENTED_EDGE('',*,*,#7477,.T.);
#7477=EDGE_CURVE('',#1435,#7478,#7480,.T.);
#7478=VERTEX_POINT('',#7479);
#7479=CARTESIAN_POINT('',(-3.095,-0.475,2.33));
#7480=LINE('',#1436,#34);
#7481=ORIENTED_EDGE('',*,*,#7482,.F.);
#7482=EDGE_CURVE('',#7355,#7478,#7483,.T.);
#7483=LINE('',#7356,#56);
#7484=ORIENTED_EDGE('',*,*,#7354,.F.);
#7485=ORIENTED_EDGE('',*,*,#7486,.F.);
#7486=EDGE_CURVE('',#7277,#7350,#7487,.T.);
#7487=LINE('',#7278,#34);
#7488=ORIENTED_EDGE('',*,*,#7282,.F.);
#7489=ADVANCED_FACE('',(#7490),#1675,.T.);
#7490=FACE_BOUND('',#7491,.T.);
#7491=EDGE_LOOP('',(#1663,#7492,#7497,#7376,#7500,#7300));
#7492=ORIENTED_EDGE('',*,*,#7493,.T.);
#7493=EDGE_CURVE('',#1450,#7494,#7496,.T.);
#7494=VERTEX_POINT('',#7495);
#7495=CARTESIAN_POINT('',(-3.095,-0.475,1.13));
#7496=LINE('',#1451,#34);
#7497=ORIENTED_EDGE('',*,*,#7498,.F.);
#7498=EDGE_CURVE('',#7371,#7494,#7499,.T.);
#7499=LINE('',#7372,#56);
#7500=ORIENTED_EDGE('',*,*,#7501,.F.);
#7501=EDGE_CURVE('',#7297,#7335,#7502,.T.);
#7502=LINE('',#7298,#34);
#7503=ADVANCED_FACE('',(#7504),#7517,.F.);
#7504=FACE_BOUND('',#7505,.F.);
#7505=EDGE_LOOP('',(#7506,#1438,#7507,#7512));
#7506=ORIENTED_EDGE('',*,*,#7477,.F.);
#7507=ORIENTED_EDGE('',*,*,#7508,.T.);
#7508=EDGE_CURVE('',#1440,#7509,#7511,.T.);
#7509=VERTEX_POINT('',#7510);
#7510=CARTESIAN_POINT('',(-3.345,-0.475,2.08));
#7511=LINE('',#1441,#34);
#7512=ORIENTED_EDGE('',*,*,#7513,.F.);
#7513=EDGE_CURVE('',#7478,#7509,#7514,.T.);
#7514=CIRCLE('',#7515,0.25);
#7515=AXIS2_PLACEMENT_3D('',#7516,#57,#14);
#7516=CARTESIAN_POINT('',(-3.095,-0.475,2.08));
#7517=PLANE('',#7518);
#7518=AXIS2_PLACEMENT_3D('',#7519,#46,#13);
#7519=CARTESIAN_POINT('',(-1.629106230553,-0.475,1.73));
#7520=ADVANCED_FACE('',(#7521),#7522,.F.);
#7521=FACE_BOUND('',#1696,.F.);
#7522=PLANE('',#7523);
#7523=AXIS2_PLACEMENT_3D('',#1446,#35,#13);
#7524=ADVANCED_FACE('',(#7525),#7517,.F.);
#7525=FACE_BOUND('',#7526,.F.);
#7526=EDGE_LOOP('',(#7527,#1448,#7492,#7532));
#7527=ORIENTED_EDGE('',*,*,#7528,.T.);
#7528=EDGE_CURVE('',#7529,#1445,#7531,.T.);
#7529=VERTEX_POINT('',#7530);
#7530=CARTESIAN_POINT('',(-3.345,-0.475,1.38));
#7531=LINE('',#7530,#77);
#7532=ORIENTED_EDGE('',*,*,#7533,.F.);
#7533=EDGE_CURVE('',#7529,#7494,#7534,.T.);
#7534=CIRCLE('',#7535,0.25);
#7535=AXIS2_PLACEMENT_3D('',#7536,#57,#14);
#7536=CARTESIAN_POINT('',(-3.095,-0.475,1.38));
#7537=ADVANCED_FACE('',(#7538),#7544,.F.);
#7538=FACE_BOUND('',#7539,.T.);
#7539=EDGE_LOOP('',(#7540,#7541,#7542,#7543));
#7540=ORIENTED_EDGE('',*,*,#7501,.T.);
#7541=ORIENTED_EDGE('',*,*,#7340,.T.);
#7542=ORIENTED_EDGE('',*,*,#7326,.T.);
#7543=ORIENTED_EDGE('',*,*,#7312,.T.);
#7544=PLANE('',#7545);
#7545=AXIS2_PLACEMENT_3D('',#7546,#13,#46);
#7546=CARTESIAN_POINT('',(-1.8,1.4,1.13));
#7547=ADVANCED_FACE('',(#7548),#7555,.T.);
#7548=FACE_BOUND('',#7549,.F.);
#7549=EDGE_LOOP('',(#7550,#7553,#7497,#7554));
#7550=ORIENTED_EDGE('',*,*,#7551,.T.);
#7551=EDGE_CURVE('',#7366,#7529,#7552,.T.);
#7552=LINE('',#7367,#56);
#7553=ORIENTED_EDGE('',*,*,#7533,.T.);
#7554=ORIENTED_EDGE('',*,*,#7370,.F.);
#7555=CYLINDRICAL_SURFACE('',#7556,0.25);
#7556=AXIS2_PLACEMENT_3D('',#7375,#46,#14);
#7557=ADVANCED_FACE('',(#7558),#7568,.F.);
#7558=FACE_BOUND('',#7559,.F.);
#7559=EDGE_LOOP('',(#7560,#7563,#7566,#7567));
#7560=ORIENTED_EDGE('',*,*,#7561,.T.);
#7561=EDGE_CURVE('',#7359,#7509,#7562,.T.);
#7562=LINE('',#7360,#56);
#7563=ORIENTED_EDGE('',*,*,#7564,.T.);
#7564=EDGE_CURVE('',#7509,#7529,#7565,.T.);
#7565=LINE('',#7510,#27);
#7566=ORIENTED_EDGE('',*,*,#7551,.F.);
#7567=ORIENTED_EDGE('',*,*,#7365,.F.);
#7568=PLANE('',#7569);
#7569=AXIS2_PLACEMENT_3D('',#7360,#14,#28);
#7570=ADVANCED_FACE('',(#7571),#7577,.T.);
#7571=FACE_BOUND('',#7572,.F.);
#7572=EDGE_LOOP('',(#7573,#7574,#7575,#7576));
#7573=ORIENTED_EDGE('',*,*,#7482,.T.);
#7574=ORIENTED_EDGE('',*,*,#7513,.T.);
#7575=ORIENTED_EDGE('',*,*,#7561,.F.);
#7576=ORIENTED_EDGE('',*,*,#7358,.F.);
#7577=CYLINDRICAL_SURFACE('',#7578,0.25);
#7578=AXIS2_PLACEMENT_3D('',#7363,#46,#14);
#7579=ADVANCED_FACE('',(#7580),#7583,.T.);
#7580=FACE_BOUND('',#7581,.F.);
#7581=EDGE_LOOP('',(#7582,#7421,#7435,#7449));
#7582=ORIENTED_EDGE('',*,*,#7486,.T.);
#7583=PLANE('',#7584);
#7584=AXIS2_PLACEMENT_3D('',#7585,#13,#46);
#7585=CARTESIAN_POINT('',(-1.8,1.4,2.33));
#7586=ADVANCED_FACE('',(#7587),#1830,.F.);
#7587=FACE_BOUND('',#7588,.F.);
#7588=EDGE_LOOP('',(#7589,#7599,#7604,#7611,#7616,#7623,#7625,#1826,#7626));
#7589=ORIENTED_EDGE('',*,*,#7590,.T.);
#7590=EDGE_CURVE('',#7591,#7593,#7595,.T.);
#7591=VERTEX_POINT('',#7592);
#7592=CARTESIAN_POINT('',(-3.045,-3.125,2.08));
#7593=VERTEX_POINT('',#7594);
#7594=CARTESIAN_POINT('',(-3.345,-2.525,2.08));
#7595=LINE('',#7596,#7597);
#7596=CARTESIAN_POINT('',(-3.3205,-2.574,2.08));
#7597=VECTOR('',#7598,1.);
#7598=DIRECTION('',(-0.4472135955,0.894427191,-4.E-16));
#7599=ORIENTED_EDGE('',*,*,#7600,.F.);
#7600=EDGE_CURVE('',#7601,#7593,#7603,.T.);
#7601=VERTEX_POINT('',#7602);
#7602=CARTESIAN_POINT('',(-3.345,-2.075,2.08));
#7603=LINE('',#7510,#56);
#7604=ORIENTED_EDGE('',*,*,#7605,.T.);
#7605=EDGE_CURVE('',#7601,#7606,#7608,.T.);
#7606=VERTEX_POINT('',#7607);
#7607=CARTESIAN_POINT('',(-3.045,-1.775,2.08));
#7608=CIRCLE('',#7609,0.3);
#7609=AXIS2_PLACEMENT_3D('',#7610,#13,#35);
#7610=CARTESIAN_POINT('',(-3.345,-1.775,2.08));
#7611=ORIENTED_EDGE('',*,*,#7612,.T.);
#7612=EDGE_CURVE('',#7606,#7613,#7615,.T.);
#7613=VERTEX_POINT('',#7614);
#7614=CARTESIAN_POINT('',(-3.045,-0.875,2.08));
#7615=LINE('',#7607,#95);
#7616=ORIENTED_EDGE('',*,*,#7617,.T.);
#7617=EDGE_CURVE('',#7613,#7618,#7620,.T.);
#7618=VERTEX_POINT('',#7619);
#7619=CARTESIAN_POINT('',(-3.345,-0.575,2.08));
#7620=CIRCLE('',#7621,0.3);
#7621=AXIS2_PLACEMENT_3D('',#7622,#13,#35);
#7622=CARTESIAN_POINT('',(-3.345,-0.875,2.08));
#7623=ORIENTED_EDGE('',*,*,#7624,.F.);
#7624=EDGE_CURVE('',#7509,#7618,#7603,.T.);
#7625=ORIENTED_EDGE('',*,*,#7508,.F.);
#7626=ORIENTED_EDGE('',*,*,#7627,.T.);
#7627=EDGE_CURVE('',#1716,#7591,#7628,.T.);
#7628=LINE('',#1717,#34);
#7629=ADVANCED_FACE('',(#7630),#7672,.F.);
#7630=FACE_BOUND('',#7631,.F.);
#7631=EDGE_LOOP('',(#7632,#7640,#1847,#7644,#7645,#7650,#7657,#7663,#7670));
#7632=ORIENTED_EDGE('',*,*,#7633,.F.);
#7633=EDGE_CURVE('',#7634,#7636,#7638,.T.);
#7634=VERTEX_POINT('',#7635);
#7635=CARTESIAN_POINT('',(-3.045,-3.125,1.38));
#7636=VERTEX_POINT('',#7637);
#7637=CARTESIAN_POINT('',(-3.345,-2.525,1.38));
#7638=LINE('',#7639,#7597);
#7639=CARTESIAN_POINT('',(-3.655,-1.905,1.38));
#7640=ORIENTED_EDGE('',*,*,#7641,.T.);
#7641=EDGE_CURVE('',#7634,#1699,#7642,.T.);
#7642=LINE('',#7643,#77);
#7643=CARTESIAN_POINT('',(-2.945,-3.125,1.38));
#7644=ORIENTED_EDGE('',*,*,#7528,.F.);
#7645=ORIENTED_EDGE('',*,*,#7646,.T.);
#7646=EDGE_CURVE('',#7529,#7647,#7649,.T.);
#7647=VERTEX_POINT('',#7648);
#7648=CARTESIAN_POINT('',(-3.345,-0.575,1.38));
#7649=LINE('',#7530,#56);
#7650=ORIENTED_EDGE('',*,*,#7651,.F.);
#7651=EDGE_CURVE('',#7652,#7647,#7654,.T.);
#7652=VERTEX_POINT('',#7653);
#7653=CARTESIAN_POINT('',(-3.045,-0.875,1.38));
#7654=CIRCLE('',#7655,0.3);
#7655=AXIS2_PLACEMENT_3D('',#7656,#13,#35);
#7656=CARTESIAN_POINT('',(-3.345,-0.875,1.38));
#7657=ORIENTED_EDGE('',*,*,#7658,.F.);
#7658=EDGE_CURVE('',#7659,#7652,#7661,.T.);
#7659=VERTEX_POINT('',#7660);
#7660=CARTESIAN_POINT('',(-3.045,-1.775,1.38));
#7661=LINE('',#7662,#95);
#7662=CARTESIAN_POINT('',(-3.045,-1.125,1.38));
#7663=ORIENTED_EDGE('',*,*,#7664,.F.);
#7664=EDGE_CURVE('',#7665,#7659,#7667,.T.);
#7665=VERTEX_POINT('',#7666);
#7666=CARTESIAN_POINT('',(-3.345,-2.075,1.38));
#7667=CIRCLE('',#7668,0.3);
#7668=AXIS2_PLACEMENT_3D('',#7669,#13,#35);
#7669=CARTESIAN_POINT('',(-3.345,-1.775,1.38));
#7670=ORIENTED_EDGE('',*,*,#7671,.T.);
#7671=EDGE_CURVE('',#7665,#7636,#7649,.T.);
#7672=PLANE('',#7673);
#7673=AXIS2_PLACEMENT_3D('',#7530,#13,#14);
#7674=ADVANCED_FACE('',(#7675),#7689,.T.);
#7675=FACE_BOUND('',#7676,.F.);
#7676=EDGE_LOOP('',(#7677,#7685,#1892,#7688));
#7677=ORIENTED_EDGE('',*,*,#7678,.F.);
#7678=EDGE_CURVE('',#7679,#7634,#7681,.T.);
#7679=VERTEX_POINT('',#7680);
#7680=CARTESIAN_POINT('',(-2.945,-3.325,1.58));
#7681=LINE('',#7682,#7683);
#7682=CARTESIAN_POINT('',(-2.967222222222,-3.280555555556,1.535555555556));
#7683=VECTOR('',#7684,1.);
#7684=DIRECTION('',(-0.333333333333,0.666666666667,-0.666666666667));
#7685=ORIENTED_EDGE('',*,*,#7686,.T.);
#7686=EDGE_CURVE('',#7679,#1704,#7687,.T.);
#7687=LINE('',#7680,#77);
#7688=ORIENTED_EDGE('',*,*,#7641,.F.);
#7689=PLANE('',#7690);
#7690=AXIS2_PLACEMENT_3D('',#7691,#1359,#35);
#7691=CARTESIAN_POINT('',(-2.945,-3.225,1.48));
#7692=ADVANCED_FACE('',(#7693),#7705,.F.);
#7693=FACE_BOUND('',#7694,.F.);
#7694=EDGE_LOOP('',(#7695,#7701,#1909,#7704));
#7695=ORIENTED_EDGE('',*,*,#7696,.F.);
#7696=EDGE_CURVE('',#7697,#7679,#7699,.T.);
#7697=VERTEX_POINT('',#7698);
#7698=CARTESIAN_POINT('',(-2.945,-3.325,1.88));
#7699=LINE('',#7700,#27);
#7700=CARTESIAN_POINT('',(-2.945,-3.325,2.08));
#7701=ORIENTED_EDGE('',*,*,#7702,.F.);
#7702=EDGE_CURVE('',#1710,#7697,#7703,.T.);
#7703=LINE('',#1711,#34);
#7704=ORIENTED_EDGE('',*,*,#7686,.F.);
#7705=PLANE('',#7706);
#7706=AXIS2_PLACEMENT_3D('',#7707,#46,#13);
#7707=CARTESIAN_POINT('',(-1.6725,-3.325,1.73));
#7708=ADVANCED_FACE('',(#7709),#1923,.T.);
#7709=FACE_BOUND('',#7710,.T.);
#7710=EDGE_LOOP('',(#1714,#7626,#7711,#7701));
#7711=ORIENTED_EDGE('',*,*,#7712,.T.);
#7712=EDGE_CURVE('',#7591,#7697,#7713,.T.);
#7713=LINE('',#7714,#7715);
#7714=CARTESIAN_POINT('',(-2.881388888889,-3.452222222222,1.752777777778));
#7715=VECTOR('',#7716,1.);
#7716=DIRECTION('',(0.333333333333,-0.666666666667,-0.666666666667));
#7717=ADVANCED_FACE('',(#7718),#7726,.F.);
#7718=FACE_BOUND('',#7719,.F.);
#7719=EDGE_LOOP('',(#7720,#7721,#7722,#7725));
#7720=ORIENTED_EDGE('',*,*,#7564,.F.);
#7721=ORIENTED_EDGE('',*,*,#7624,.T.);
#7722=ORIENTED_EDGE('',*,*,#7723,.T.);
#7723=EDGE_CURVE('',#7618,#7647,#7724,.T.);
#7724=LINE('',#7619,#27);
#7725=ORIENTED_EDGE('',*,*,#7646,.F.);
#7726=PLANE('',#7727);
#7727=AXIS2_PLACEMENT_3D('',#7510,#14,#28);
#7728=ADVANCED_FACE('',(#7729),#7738,.T.);
#7729=FACE_BOUND('',#7730,.F.);
#7730=EDGE_LOOP('',(#7731,#7711,#7732,#7733,#7734,#7735));
#7731=ORIENTED_EDGE('',*,*,#7590,.F.);
#7732=ORIENTED_EDGE('',*,*,#7696,.T.);
#7733=ORIENTED_EDGE('',*,*,#7678,.T.);
#7734=ORIENTED_EDGE('',*,*,#7633,.T.);
#7735=ORIENTED_EDGE('',*,*,#7736,.F.);
#7736=EDGE_CURVE('',#7593,#7636,#7737,.T.);
#7737=LINE('',#7594,#27);
#7738=PLANE('',#7739);
#7739=AXIS2_PLACEMENT_3D('',#7740,#7741,#13);
#7740=CARTESIAN_POINT('',(-3.145,-2.925,2.08));
#7741=DIRECTION('',(-0.894427191,-0.4472135955,1.1E-16));
#7742=ADVANCED_FACE('',(#7743),#7726,.F.);
#7743=FACE_BOUND('',#7744,.F.);
#7744=EDGE_LOOP('',(#7745,#7746,#7749,#7750));
#7745=ORIENTED_EDGE('',*,*,#7671,.F.);
#7746=ORIENTED_EDGE('',*,*,#7747,.F.);
#7747=EDGE_CURVE('',#7601,#7665,#7748,.T.);
#7748=LINE('',#7602,#27);
#7749=ORIENTED_EDGE('',*,*,#7600,.T.);
#7750=ORIENTED_EDGE('',*,*,#7736,.T.);
#7751=ADVANCED_FACE('',(#7752),#7760,.F.);
#7752=FACE_BOUND('',#7753,.F.);
#7753=EDGE_LOOP('',(#7754,#7755,#7756,#7757));
#7754=ORIENTED_EDGE('',*,*,#7605,.F.);
#7755=ORIENTED_EDGE('',*,*,#7747,.T.);
#7756=ORIENTED_EDGE('',*,*,#7664,.T.);
#7757=ORIENTED_EDGE('',*,*,#7758,.F.);
#7758=EDGE_CURVE('',#7606,#7659,#7759,.T.);
#7759=LINE('',#7607,#27);
#7760=CYLINDRICAL_SURFACE('',#7609,0.3);
#7761=ADVANCED_FACE('',(#7762),#7770,.F.);
#7762=FACE_BOUND('',#7763,.F.);
#7763=EDGE_LOOP('',(#7764,#7765,#7766,#7767));
#7764=ORIENTED_EDGE('',*,*,#7612,.F.);
#7765=ORIENTED_EDGE('',*,*,#7758,.T.);
#7766=ORIENTED_EDGE('',*,*,#7658,.T.);
#7767=ORIENTED_EDGE('',*,*,#7768,.F.);
#7768=EDGE_CURVE('',#7613,#7652,#7769,.T.);
#7769=LINE('',#7614,#27);
#7770=PLANE('',#7771);
#7771=AXIS2_PLACEMENT_3D('',#7607,#14,#46);
#7772=ADVANCED_FACE('',(#7773),#7779,.F.);
#7773=FACE_BOUND('',#7774,.F.);
#7774=EDGE_LOOP('',(#7775,#7776,#7777,#7778));
#7775=ORIENTED_EDGE('',*,*,#7617,.F.);
#7776=ORIENTED_EDGE('',*,*,#7768,.T.);
#7777=ORIENTED_EDGE('',*,*,#7651,.T.);
#7778=ORIENTED_EDGE('',*,*,#7723,.F.);
#7779=CYLINDRICAL_SURFACE('',#7621,0.3);
#7780=MANIFOLD_SOLID_BREP('',#7781);
#7781=CLOSED_SHELL('',(#7782,#7807,#7826,#7844,#7860,#7868));
#7782=ADVANCED_FACE('',(#7783),#7805,.T.);
#7783=FACE_BOUND('',#7784,.T.);
#7784=EDGE_LOOP('',(#7785,#7792,#7797,#7802));
#7785=ORIENTED_EDGE('',*,*,#7786,.T.);
#7786=EDGE_CURVE('',#7787,#7789,#7791,.T.);
#7787=VERTEX_POINT('',#7788);
#7788=CARTESIAN_POINT('',(-3.425,3.305,0.12));
#7789=VERTEX_POINT('',#7790);
#7790=CARTESIAN_POINT('',(-3.225,3.305,0.12));
#7791=LINE('',#7788,#77);
#7792=ORIENTED_EDGE('',*,*,#7793,.T.);
#7793=EDGE_CURVE('',#7789,#7794,#7796,.T.);
#7794=VERTEX_POINT('',#7795);
#7795=CARTESIAN_POINT('',(-3.225,4.105,0.12));
#7796=LINE('',#7790,#95);
#7797=ORIENTED_EDGE('',*,*,#7798,.F.);
#7798=EDGE_CURVE('',#7799,#7794,#7801,.T.);
#7799=VERTEX_POINT('',#7800);
#7800=CARTESIAN_POINT('',(-3.425,4.105,0.12));
#7801=LINE('',#7800,#77);
#7802=ORIENTED_EDGE('',*,*,#7803,.F.);
#7803=EDGE_CURVE('',#7787,#7799,#7804,.T.);
#7804=LINE('',#7788,#95);
#7805=PLANE('',#7806);
#7806=AXIS2_PLACEMENT_3D('',#7788,#13,#46);
#7807=ADVANCED_FACE('',(#7808),#7824,.T.);
#7808=FACE_BOUND('',#7809,.T.);
#7809=EDGE_LOOP('',(#7810,#7811,#7816,#7821));
#7810=ORIENTED_EDGE('',*,*,#7798,.T.);
#7811=ORIENTED_EDGE('',*,*,#7812,.T.);
#7812=EDGE_CURVE('',#7794,#7813,#7815,.T.);
#7813=VERTEX_POINT('',#7814);
#7814=CARTESIAN_POINT('',(-3.225,4.105,0.));
#7815=LINE('',#7795,#27);
#7816=ORIENTED_EDGE('',*,*,#7817,.F.);
#7817=EDGE_CURVE('',#7818,#7813,#7820,.T.);
#7818=VERTEX_POINT('',#7819);
#7819=CARTESIAN_POINT('',(-3.425,4.105,0.));
#7820=LINE('',#7819,#77);
#7821=ORIENTED_EDGE('',*,*,#7822,.F.);
#7822=EDGE_CURVE('',#7799,#7818,#7823,.T.);
#7823=LINE('',#7800,#27);
#7824=PLANE('',#7825);
#7825=AXIS2_PLACEMENT_3D('',#7800,#46,#28);
#7826=ADVANCED_FACE('',(#7827),#7842,.F.);
#7827=FACE_BOUND('',#7828,.F.);
#7828=EDGE_LOOP('',(#7829,#7836,#7816,#7839));
#7829=ORIENTED_EDGE('',*,*,#7830,.T.);
#7830=EDGE_CURVE('',#7831,#7833,#7835,.T.);
#7831=VERTEX_POINT('',#7832);
#7832=CARTESIAN_POINT('',(-3.425,3.425,0.));
#7833=VERTEX_POINT('',#7834);
#7834=CARTESIAN_POINT('',(-3.225,3.425,0.));
#7835=LINE('',#7832,#77);
#7836=ORIENTED_EDGE('',*,*,#7837,.T.);
#7837=EDGE_CURVE('',#7833,#7813,#7838,.T.);
#7838=LINE('',#7834,#95);
#7839=ORIENTED_EDGE('',*,*,#7840,.F.);
#7840=EDGE_CURVE('',#7831,#7818,#7841,.T.);
#7841=LINE('',#7832,#95);
#7842=PLANE('',#7843);
#7843=AXIS2_PLACEMENT_3D('',#7832,#13,#46);
#7844=ADVANCED_FACE('',(#7845),#7858,.T.);
#7845=FACE_BOUND('',#7846,.F.);
#7846=EDGE_LOOP('',(#7785,#7847,#7852,#7853));
#7847=ORIENTED_EDGE('',*,*,#7848,.T.);
#7848=EDGE_CURVE('',#7789,#7833,#7849,.T.);
#7849=CIRCLE('',#7850,0.12);
#7850=AXIS2_PLACEMENT_3D('',#7851,#14,#46);
#7851=CARTESIAN_POINT('',(-3.225,3.425,0.12));
#7852=ORIENTED_EDGE('',*,*,#7830,.F.);
#7853=ORIENTED_EDGE('',*,*,#7854,.F.);
#7854=EDGE_CURVE('',#7787,#7831,#7855,.T.);
#7855=CIRCLE('',#7856,0.12);
#7856=AXIS2_PLACEMENT_3D('',#7857,#14,#46);
#7857=CARTESIAN_POINT('',(-3.425,3.425,0.12));
#7858=CYLINDRICAL_SURFACE('',#7859,0.12);
#7859=AXIS2_PLACEMENT_3D('',#7857,#35,#46);
#7860=ADVANCED_FACE('',(#7861),#7865,.F.);
#7861=FACE_BOUND('',#7862,.T.);
#7862=EDGE_LOOP('',(#7863,#7864,#7839,#7853));
#7863=ORIENTED_EDGE('',*,*,#7803,.T.);
#7864=ORIENTED_EDGE('',*,*,#7822,.T.);
#7865=PLANE('',#7866);
#7866=AXIS2_PLACEMENT_3D('',#7867,#14,#13);
#7867=CARTESIAN_POINT('',(-3.425,3.717714614865,6.250323372778E-02));
#7868=ADVANCED_FACE('',(#7869),#7873,.T.);
#7869=FACE_BOUND('',#7870,.F.);
#7870=EDGE_LOOP('',(#7792,#7811,#7871,#7872));
#7871=ORIENTED_EDGE('',*,*,#7837,.F.);
#7872=ORIENTED_EDGE('',*,*,#7848,.F.);
#7873=PLANE('',#7874);
#7874=AXIS2_PLACEMENT_3D('',#7875,#14,#13);
#7875=CARTESIAN_POINT('',(-3.225,3.717714614865,6.250323372778E-02));
#7876=MANIFOLD_SOLID_BREP('',#7877);
#7877=CLOSED_SHELL('',(#7878,#7903,#7922,#7940,#7956,#7964));
#7878=ADVANCED_FACE('',(#7879),#7901,.T.);
#7879=FACE_BOUND('',#7880,.T.);
#7880=EDGE_LOOP('',(#7881,#7888,#7893,#7898));
#7881=ORIENTED_EDGE('',*,*,#7882,.T.);
#7882=EDGE_CURVE('',#7883,#7885,#7887,.T.);
#7883=VERTEX_POINT('',#7884);
#7884=CARTESIAN_POINT('',(-3.175,3.305,0.12));
#7885=VERTEX_POINT('',#7886);
#7886=CARTESIAN_POINT('',(-2.975,3.305,0.12));
#7887=LINE('',#7884,#77);
#7888=ORIENTED_EDGE('',*,*,#7889,.T.);
#7889=EDGE_CURVE('',#7885,#7890,#7892,.T.);
#7890=VERTEX_POINT('',#7891);
#7891=CARTESIAN_POINT('',(-2.975,4.105,0.12));
#7892=LINE('',#7886,#95);
#7893=ORIENTED_EDGE('',*,*,#7894,.F.);
#7894=EDGE_CURVE('',#7895,#7890,#7897,.T.);
#7895=VERTEX_POINT('',#7896);
#7896=CARTESIAN_POINT('',(-3.175,4.105,0.12));
#7897=LINE('',#7896,#77);
#7898=ORIENTED_EDGE('',*,*,#7899,.F.);
#7899=EDGE_CURVE('',#7883,#7895,#7900,.T.);
#7900=LINE('',#7884,#95);
#7901=PLANE('',#7902);
#7902=AXIS2_PLACEMENT_3D('',#7884,#13,#46);
#7903=ADVANCED_FACE('',(#7904),#7920,.T.);
#7904=FACE_BOUND('',#7905,.T.);
#7905=EDGE_LOOP('',(#7906,#7907,#7912,#7917));
#7906=ORIENTED_EDGE('',*,*,#7894,.T.);
#7907=ORIENTED_EDGE('',*,*,#7908,.T.);
#7908=EDGE_CURVE('',#7890,#7909,#7911,.T.);
#7909=VERTEX_POINT('',#7910);
#7910=CARTESIAN_POINT('',(-2.975,4.105,0.));
#7911=LINE('',#7891,#27);
#7912=ORIENTED_EDGE('',*,*,#7913,.F.);
#7913=EDGE_CURVE('',#7914,#7909,#7916,.T.);
#7914=VERTEX_POINT('',#7915);
#7915=CARTESIAN_POINT('',(-3.175,4.105,0.));
#7916=LINE('',#7915,#77);
#7917=ORIENTED_EDGE('',*,*,#7918,.F.);
#7918=EDGE_CURVE('',#7895,#7914,#7919,.T.);
#7919=LINE('',#7896,#27);
#7920=PLANE('',#7921);
#7921=AXIS2_PLACEMENT_3D('',#7896,#46,#28);
#7922=ADVANCED_FACE('',(#7923),#7938,.F.);
#7923=FACE_BOUND('',#7924,.F.);
#7924=EDGE_LOOP('',(#7925,#7932,#7912,#7935));
#7925=ORIENTED_EDGE('',*,*,#7926,.T.);
#7926=EDGE_CURVE('',#7927,#7929,#7931,.T.);
#7927=VERTEX_POINT('',#7928);
#7928=CARTESIAN_POINT('',(-3.175,3.425,0.));
#7929=VERTEX_POINT('',#7930);
#7930=CARTESIAN_POINT('',(-2.975,3.425,0.));
#7931=LINE('',#7928,#77);
#7932=ORIENTED_EDGE('',*,*,#7933,.T.);
#7933=EDGE_CURVE('',#7929,#7909,#7934,.T.);
#7934=LINE('',#7930,#95);
#7935=ORIENTED_EDGE('',*,*,#7936,.F.);
#7936=EDGE_CURVE('',#7927,#7914,#7937,.T.);
#7937=LINE('',#7928,#95);
#7938=PLANE('',#7939);
#7939=AXIS2_PLACEMENT_3D('',#7928,#13,#46);
#7940=ADVANCED_FACE('',(#7941),#7954,.T.);
#7941=FACE_BOUND('',#7942,.F.);
#7942=EDGE_LOOP('',(#7881,#7943,#7948,#7949));
#7943=ORIENTED_EDGE('',*,*,#7944,.T.);
#7944=EDGE_CURVE('',#7885,#7929,#7945,.T.);
#7945=CIRCLE('',#7946,0.12);
#7946=AXIS2_PLACEMENT_3D('',#7947,#14,#46);
#7947=CARTESIAN_POINT('',(-2.975,3.425,0.12));
#7948=ORIENTED_EDGE('',*,*,#7926,.F.);
#7949=ORIENTED_EDGE('',*,*,#7950,.F.);
#7950=EDGE_CURVE('',#7883,#7927,#7951,.T.);
#7951=CIRCLE('',#7952,0.12);
#7952=AXIS2_PLACEMENT_3D('',#7953,#14,#46);
#7953=CARTESIAN_POINT('',(-3.175,3.425,0.12));
#7954=CYLINDRICAL_SURFACE('',#7955,0.12);
#7955=AXIS2_PLACEMENT_3D('',#7953,#35,#46);
#7956=ADVANCED_FACE('',(#7957),#7961,.F.);
#7957=FACE_BOUND('',#7958,.T.);
#7958=EDGE_LOOP('',(#7959,#7960,#7935,#7949));
#7959=ORIENTED_EDGE('',*,*,#7899,.T.);
#7960=ORIENTED_EDGE('',*,*,#7918,.T.);
#7961=PLANE('',#7962);
#7962=AXIS2_PLACEMENT_3D('',#7963,#14,#13);
#7963=CARTESIAN_POINT('',(-3.175,3.717714614865,6.250323372778E-02));
#7964=ADVANCED_FACE('',(#7965),#7969,.T.);
#7965=FACE_BOUND('',#7966,.F.);
#7966=EDGE_LOOP('',(#7888,#7907,#7967,#7968));
#7967=ORIENTED_EDGE('',*,*,#7933,.F.);
#7968=ORIENTED_EDGE('',*,*,#7944,.F.);
#7969=PLANE('',#7970);
#7970=AXIS2_PLACEMENT_3D('',#7971,#14,#13);
#7971=CARTESIAN_POINT('',(-2.975,3.717714614865,6.250323372778E-02));
#7972=MANIFOLD_SOLID_BREP('',#7973);
#7973=CLOSED_SHELL('',(#7974,#7999,#8018,#8036,#8052,#8060));
#7974=ADVANCED_FACE('',(#7975),#7997,.T.);
#7975=FACE_BOUND('',#7976,.T.);
#7976=EDGE_LOOP('',(#7977,#7984,#7989,#7994));
#7977=ORIENTED_EDGE('',*,*,#7978,.T.);
#7978=EDGE_CURVE('',#7979,#7981,#7983,.T.);
#7979=VERTEX_POINT('',#7980);
#7980=CARTESIAN_POINT('',(-2.625,3.305,0.12));
#7981=VERTEX_POINT('',#7982);
#7982=CARTESIAN_POINT('',(-2.425,3.305,0.12));
#7983=LINE('',#7980,#77);
#7984=ORIENTED_EDGE('',*,*,#7985,.T.);
#7985=EDGE_CURVE('',#7981,#7986,#7988,.T.);
#7986=VERTEX_POINT('',#7987);
#7987=CARTESIAN_POINT('',(-2.425,4.105,0.12));
#7988=LINE('',#7982,#95);
#7989=ORIENTED_EDGE('',*,*,#7990,.F.);
#7990=EDGE_CURVE('',#7991,#7986,#7993,.T.);
#7991=VERTEX_POINT('',#7992);
#7992=CARTESIAN_POINT('',(-2.625,4.105,0.12));
#7993=LINE('',#7992,#77);
#7994=ORIENTED_EDGE('',*,*,#7995,.F.);
#7995=EDGE_CURVE('',#7979,#7991,#7996,.T.);
#7996=LINE('',#7980,#95);
#7997=PLANE('',#7998);
#7998=AXIS2_PLACEMENT_3D('',#7980,#13,#46);
#7999=ADVANCED_FACE('',(#8000),#8016,.T.);
#8000=FACE_BOUND('',#8001,.T.);
#8001=EDGE_LOOP('',(#8002,#8003,#8008,#8013));
#8002=ORIENTED_EDGE('',*,*,#7990,.T.);
#8003=ORIENTED_EDGE('',*,*,#8004,.T.);
#8004=EDGE_CURVE('',#7986,#8005,#8007,.T.);
#8005=VERTEX_POINT('',#8006);
#8006=CARTESIAN_POINT('',(-2.425,4.105,0.));
#8007=LINE('',#7987,#27);
#8008=ORIENTED_EDGE('',*,*,#8009,.F.);
#8009=EDGE_CURVE('',#8010,#8005,#8012,.T.);
#8010=VERTEX_POINT('',#8011);
#8011=CARTESIAN_POINT('',(-2.625,4.105,0.));
#8012=LINE('',#8011,#77);
#8013=ORIENTED_EDGE('',*,*,#8014,.F.);
#8014=EDGE_CURVE('',#7991,#8010,#8015,.T.);
#8015=LINE('',#7992,#27);
#8016=PLANE('',#8017);
#8017=AXIS2_PLACEMENT_3D('',#7992,#46,#28);
#8018=ADVANCED_FACE('',(#8019),#8034,.F.);
#8019=FACE_BOUND('',#8020,.F.);
#8020=EDGE_LOOP('',(#8021,#8028,#8008,#8031));
#8021=ORIENTED_EDGE('',*,*,#8022,.T.);
#8022=EDGE_CURVE('',#8023,#8025,#8027,.T.);
#8023=VERTEX_POINT('',#8024);
#8024=CARTESIAN_POINT('',(-2.625,3.425,0.));
#8025=VERTEX_POINT('',#8026);
#8026=CARTESIAN_POINT('',(-2.425,3.425,0.));
#8027=LINE('',#8024,#77);
#8028=ORIENTED_EDGE('',*,*,#8029,.T.);
#8029=EDGE_CURVE('',#8025,#8005,#8030,.T.);
#8030=LINE('',#8026,#95);
#8031=ORIENTED_EDGE('',*,*,#8032,.F.);
#8032=EDGE_CURVE('',#8023,#8010,#8033,.T.);
#8033=LINE('',#8024,#95);
#8034=PLANE('',#8035);
#8035=AXIS2_PLACEMENT_3D('',#8024,#13,#46);
#8036=ADVANCED_FACE('',(#8037),#8050,.T.);
#8037=FACE_BOUND('',#8038,.F.);
#8038=EDGE_LOOP('',(#7977,#8039,#8044,#8045));
#8039=ORIENTED_EDGE('',*,*,#8040,.T.);
#8040=EDGE_CURVE('',#7981,#8025,#8041,.T.);
#8041=CIRCLE('',#8042,0.12);
#8042=AXIS2_PLACEMENT_3D('',#8043,#14,#46);
#8043=CARTESIAN_POINT('',(-2.425,3.425,0.12));
#8044=ORIENTED_EDGE('',*,*,#8022,.F.);
#8045=ORIENTED_EDGE('',*,*,#8046,.F.);
#8046=EDGE_CURVE('',#7979,#8023,#8047,.T.);
#8047=CIRCLE('',#8048,0.12);
#8048=AXIS2_PLACEMENT_3D('',#8049,#14,#46);
#8049=CARTESIAN_POINT('',(-2.625,3.425,0.12));
#8050=CYLINDRICAL_SURFACE('',#8051,0.12);
#8051=AXIS2_PLACEMENT_3D('',#8049,#35,#46);
#8052=ADVANCED_FACE('',(#8053),#8057,.F.);
#8053=FACE_BOUND('',#8054,.T.);
#8054=EDGE_LOOP('',(#8055,#8056,#8031,#8045));
#8055=ORIENTED_EDGE('',*,*,#7995,.T.);
#8056=ORIENTED_EDGE('',*,*,#8014,.T.);
#8057=PLANE('',#8058);
#8058=AXIS2_PLACEMENT_3D('',#8059,#14,#13);
#8059=CARTESIAN_POINT('',(-2.625,3.717714614865,6.250323372778E-02));
#8060=ADVANCED_FACE('',(#8061),#8065,.T.);
#8061=FACE_BOUND('',#8062,.F.);
#8062=EDGE_LOOP('',(#7984,#8003,#8063,#8064));
#8063=ORIENTED_EDGE('',*,*,#8029,.F.);
#8064=ORIENTED_EDGE('',*,*,#8040,.F.);
#8065=PLANE('',#8066);
#8066=AXIS2_PLACEMENT_3D('',#8067,#14,#13);
#8067=CARTESIAN_POINT('',(-2.425,3.717714614865,6.250323372778E-02));
#8068=MANIFOLD_SOLID_BREP('',#8069);
#8069=CLOSED_SHELL('',(#8070,#8095,#8114,#8132,#8148,#8156));
#8070=ADVANCED_FACE('',(#8071),#8093,.T.);
#8071=FACE_BOUND('',#8072,.T.);
#8072=EDGE_LOOP('',(#8073,#8080,#8085,#8090));
#8073=ORIENTED_EDGE('',*,*,#8074,.T.);
#8074=EDGE_CURVE('',#8075,#8077,#8079,.T.);
#8075=VERTEX_POINT('',#8076);
#8076=CARTESIAN_POINT('',(-2.375,3.305,0.12));
#8077=VERTEX_POINT('',#8078);
#8078=CARTESIAN_POINT('',(-2.175,3.305,0.12));
#8079=LINE('',#8076,#77);
#8080=ORIENTED_EDGE('',*,*,#8081,.T.);
#8081=EDGE_CURVE('',#8077,#8082,#8084,.T.);
#8082=VERTEX_POINT('',#8083);
#8083=CARTESIAN_POINT('',(-2.175,4.105,0.12));
#8084=LINE('',#8078,#95);
#8085=ORIENTED_EDGE('',*,*,#8086,.F.);
#8086=EDGE_CURVE('',#8087,#8082,#8089,.T.);
#8087=VERTEX_POINT('',#8088);
#8088=CARTESIAN_POINT('',(-2.375,4.105,0.12));
#8089=LINE('',#8088,#77);
#8090=ORIENTED_EDGE('',*,*,#8091,.F.);
#8091=EDGE_CURVE('',#8075,#8087,#8092,.T.);
#8092=LINE('',#8076,#95);
#8093=PLANE('',#8094);
#8094=AXIS2_PLACEMENT_3D('',#8076,#13,#46);
#8095=ADVANCED_FACE('',(#8096),#8112,.T.);
#8096=FACE_BOUND('',#8097,.T.);
#8097=EDGE_LOOP('',(#8098,#8099,#8104,#8109));
#8098=ORIENTED_EDGE('',*,*,#8086,.T.);
#8099=ORIENTED_EDGE('',*,*,#8100,.T.);
#8100=EDGE_CURVE('',#8082,#8101,#8103,.T.);
#8101=VERTEX_POINT('',#8102);
#8102=CARTESIAN_POINT('',(-2.175,4.105,0.));
#8103=LINE('',#8083,#27);
#8104=ORIENTED_EDGE('',*,*,#8105,.F.);
#8105=EDGE_CURVE('',#8106,#8101,#8108,.T.);
#8106=VERTEX_POINT('',#8107);
#8107=CARTESIAN_POINT('',(-2.375,4.105,0.));
#8108=LINE('',#8107,#77);
#8109=ORIENTED_EDGE('',*,*,#8110,.F.);
#8110=EDGE_CURVE('',#8087,#8106,#8111,.T.);
#8111=LINE('',#8088,#27);
#8112=PLANE('',#8113);
#8113=AXIS2_PLACEMENT_3D('',#8088,#46,#28);
#8114=ADVANCED_FACE('',(#8115),#8130,.F.);
#8115=FACE_BOUND('',#8116,.F.);
#8116=EDGE_LOOP('',(#8117,#8124,#8104,#8127));
#8117=ORIENTED_EDGE('',*,*,#8118,.T.);
#8118=EDGE_CURVE('',#8119,#8121,#8123,.T.);
#8119=VERTEX_POINT('',#8120);
#8120=CARTESIAN_POINT('',(-2.375,3.425,0.));
#8121=VERTEX_POINT('',#8122);
#8122=CARTESIAN_POINT('',(-2.175,3.425,0.));
#8123=LINE('',#8120,#77);
#8124=ORIENTED_EDGE('',*,*,#8125,.T.);
#8125=EDGE_CURVE('',#8121,#8101,#8126,.T.);
#8126=LINE('',#8122,#95);
#8127=ORIENTED_EDGE('',*,*,#8128,.F.);
#8128=EDGE_CURVE('',#8119,#8106,#8129,.T.);
#8129=LINE('',#8120,#95);
#8130=PLANE('',#8131);
#8131=AXIS2_PLACEMENT_3D('',#8120,#13,#46);
#8132=ADVANCED_FACE('',(#8133),#8146,.T.);
#8133=FACE_BOUND('',#8134,.F.);
#8134=EDGE_LOOP('',(#8073,#8135,#8140,#8141));
#8135=ORIENTED_EDGE('',*,*,#8136,.T.);
#8136=EDGE_CURVE('',#8077,#8121,#8137,.T.);
#8137=CIRCLE('',#8138,0.12);
#8138=AXIS2_PLACEMENT_3D('',#8139,#14,#46);
#8139=CARTESIAN_POINT('',(-2.175,3.425,0.12));
#8140=ORIENTED_EDGE('',*,*,#8118,.F.);
#8141=ORIENTED_EDGE('',*,*,#8142,.F.);
#8142=EDGE_CURVE('',#8075,#8119,#8143,.T.);
#8143=CIRCLE('',#8144,0.12);
#8144=AXIS2_PLACEMENT_3D('',#8145,#14,#46);
#8145=CARTESIAN_POINT('',(-2.375,3.425,0.12));
#8146=CYLINDRICAL_SURFACE('',#8147,0.12);
#8147=AXIS2_PLACEMENT_3D('',#8145,#35,#46);
#8148=ADVANCED_FACE('',(#8149),#8153,.F.);
#8149=FACE_BOUND('',#8150,.T.);
#8150=EDGE_LOOP('',(#8151,#8152,#8127,#8141));
#8151=ORIENTED_EDGE('',*,*,#8091,.T.);
#8152=ORIENTED_EDGE('',*,*,#8110,.T.);
#8153=PLANE('',#8154);
#8154=AXIS2_PLACEMENT_3D('',#8155,#14,#13);
#8155=CARTESIAN_POINT('',(-2.375,3.717714614865,6.250323372778E-02));
#8156=ADVANCED_FACE('',(#8157),#8161,.T.);
#8157=FACE_BOUND('',#8158,.F.);
#8158=EDGE_LOOP('',(#8080,#8099,#8159,#8160));
#8159=ORIENTED_EDGE('',*,*,#8125,.F.);
#8160=ORIENTED_EDGE('',*,*,#8136,.F.);
#8161=PLANE('',#8162);
#8162=AXIS2_PLACEMENT_3D('',#8163,#14,#13);
#8163=CARTESIAN_POINT('',(-2.175,3.717714614865,6.250323372778E-02));
#8164=MANIFOLD_SOLID_BREP('',#8165);
#8165=CLOSED_SHELL('',(#8166,#8191,#8210,#8228,#8244,#8252));
#8166=ADVANCED_FACE('',(#8167),#8189,.T.);
#8167=FACE_BOUND('',#8168,.T.);
#8168=EDGE_LOOP('',(#8169,#8176,#8181,#8186));
#8169=ORIENTED_EDGE('',*,*,#8170,.T.);
#8170=EDGE_CURVE('',#8171,#8173,#8175,.T.);
#8171=VERTEX_POINT('',#8172);
#8172=CARTESIAN_POINT('',(-1.85,3.305,0.12));
#8173=VERTEX_POINT('',#8174);
#8174=CARTESIAN_POINT('',(-1.65,3.305,0.12));
#8175=LINE('',#8172,#77);
#8176=ORIENTED_EDGE('',*,*,#8177,.T.);
#8177=EDGE_CURVE('',#8173,#8178,#8180,.T.);
#8178=VERTEX_POINT('',#8179);
#8179=CARTESIAN_POINT('',(-1.65,4.105,0.12));
#8180=LINE('',#8174,#95);
#8181=ORIENTED_EDGE('',*,*,#8182,.F.);
#8182=EDGE_CURVE('',#8183,#8178,#8185,.T.);
#8183=VERTEX_POINT('',#8184);
#8184=CARTESIAN_POINT('',(-1.85,4.105,0.12));
#8185=LINE('',#8184,#77);
#8186=ORIENTED_EDGE('',*,*,#8187,.F.);
#8187=EDGE_CURVE('',#8171,#8183,#8188,.T.);
#8188=LINE('',#8172,#95);
#8189=PLANE('',#8190);
#8190=AXIS2_PLACEMENT_3D('',#8172,#13,#46);
#8191=ADVANCED_FACE('',(#8192),#8208,.T.);
#8192=FACE_BOUND('',#8193,.T.);
#8193=EDGE_LOOP('',(#8194,#8195,#8200,#8205));
#8194=ORIENTED_EDGE('',*,*,#8182,.T.);
#8195=ORIENTED_EDGE('',*,*,#8196,.T.);
#8196=EDGE_CURVE('',#8178,#8197,#8199,.T.);
#8197=VERTEX_POINT('',#8198);
#8198=CARTESIAN_POINT('',(-1.65,4.105,0.));
#8199=LINE('',#8179,#27);
#8200=ORIENTED_EDGE('',*,*,#8201,.F.);
#8201=EDGE_CURVE('',#8202,#8197,#8204,.T.);
#8202=VERTEX_POINT('',#8203);
#8203=CARTESIAN_POINT('',(-1.85,4.105,0.));
#8204=LINE('',#8203,#77);
#8205=ORIENTED_EDGE('',*,*,#8206,.F.);
#8206=EDGE_CURVE('',#8183,#8202,#8207,.T.);
#8207=LINE('',#8184,#27);
#8208=PLANE('',#8209);
#8209=AXIS2_PLACEMENT_3D('',#8184,#46,#28);
#8210=ADVANCED_FACE('',(#8211),#8226,.F.);
#8211=FACE_BOUND('',#8212,.F.);
#8212=EDGE_LOOP('',(#8213,#8220,#8200,#8223));
#8213=ORIENTED_EDGE('',*,*,#8214,.T.);
#8214=EDGE_CURVE('',#8215,#8217,#8219,.T.);
#8215=VERTEX_POINT('',#8216);
#8216=CARTESIAN_POINT('',(-1.85,3.425,0.));
#8217=VERTEX_POINT('',#8218);
#8218=CARTESIAN_POINT('',(-1.65,3.425,0.));
#8219=LINE('',#8216,#77);
#8220=ORIENTED_EDGE('',*,*,#8221,.T.);
#8221=EDGE_CURVE('',#8217,#8197,#8222,.T.);
#8222=LINE('',#8218,#95);
#8223=ORIENTED_EDGE('',*,*,#8224,.F.);
#8224=EDGE_CURVE('',#8215,#8202,#8225,.T.);
#8225=LINE('',#8216,#95);
#8226=PLANE('',#8227);
#8227=AXIS2_PLACEMENT_3D('',#8216,#13,#46);
#8228=ADVANCED_FACE('',(#8229),#8242,.T.);
#8229=FACE_BOUND('',#8230,.F.);
#8230=EDGE_LOOP('',(#8169,#8231,#8236,#8237));
#8231=ORIENTED_EDGE('',*,*,#8232,.T.);
#8232=EDGE_CURVE('',#8173,#8217,#8233,.T.);
#8233=CIRCLE('',#8234,0.12);
#8234=AXIS2_PLACEMENT_3D('',#8235,#14,#46);
#8235=CARTESIAN_POINT('',(-1.65,3.425,0.12));
#8236=ORIENTED_EDGE('',*,*,#8214,.F.);
#8237=ORIENTED_EDGE('',*,*,#8238,.F.);
#8238=EDGE_CURVE('',#8171,#8215,#8239,.T.);
#8239=CIRCLE('',#8240,0.12);
#8240=AXIS2_PLACEMENT_3D('',#8241,#14,#46);
#8241=CARTESIAN_POINT('',(-1.85,3.425,0.12));
#8242=CYLINDRICAL_SURFACE('',#8243,0.12);
#8243=AXIS2_PLACEMENT_3D('',#8241,#35,#46);
#8244=ADVANCED_FACE('',(#8245),#8249,.F.);
#8245=FACE_BOUND('',#8246,.T.);
#8246=EDGE_LOOP('',(#8247,#8248,#8223,#8237));
#8247=ORIENTED_EDGE('',*,*,#8187,.T.);
#8248=ORIENTED_EDGE('',*,*,#8206,.T.);
#8249=PLANE('',#8250);
#8250=AXIS2_PLACEMENT_3D('',#8251,#14,#13);
#8251=CARTESIAN_POINT('',(-1.85,3.717714614865,6.250323372778E-02));
#8252=ADVANCED_FACE('',(#8253),#8257,.T.);
#8253=FACE_BOUND('',#8254,.F.);
#8254=EDGE_LOOP('',(#8176,#8195,#8255,#8256));
#8255=ORIENTED_EDGE('',*,*,#8221,.F.);
#8256=ORIENTED_EDGE('',*,*,#8232,.F.);
#8257=PLANE('',#8258);
#8258=AXIS2_PLACEMENT_3D('',#8259,#14,#13);
#8259=CARTESIAN_POINT('',(-1.65,3.717714614865,6.250323372778E-02));
#8260=MANIFOLD_SOLID_BREP('',#8261);
#8261=CLOSED_SHELL('',(#8262,#8287,#8306,#8324,#8340,#8348));
#8262=ADVANCED_FACE('',(#8263),#8285,.T.);
#8263=FACE_BOUND('',#8264,.T.);
#8264=EDGE_LOOP('',(#8265,#8272,#8277,#8282));
#8265=ORIENTED_EDGE('',*,*,#8266,.T.);
#8266=EDGE_CURVE('',#8267,#8269,#8271,.T.);
#8267=VERTEX_POINT('',#8268);
#8268=CARTESIAN_POINT('',(-1.35,3.305,0.12));
#8269=VERTEX_POINT('',#8270);
#8270=CARTESIAN_POINT('',(-1.15,3.305,0.12));
#8271=LINE('',#8268,#77);
#8272=ORIENTED_EDGE('',*,*,#8273,.T.);
#8273=EDGE_CURVE('',#8269,#8274,#8276,.T.);
#8274=VERTEX_POINT('',#8275);
#8275=CARTESIAN_POINT('',(-1.15,4.105,0.12));
#8276=LINE('',#8270,#95);
#8277=ORIENTED_EDGE('',*,*,#8278,.F.);
#8278=EDGE_CURVE('',#8279,#8274,#8281,.T.);
#8279=VERTEX_POINT('',#8280);
#8280=CARTESIAN_POINT('',(-1.35,4.105,0.12));
#8281=LINE('',#8280,#77);
#8282=ORIENTED_EDGE('',*,*,#8283,.F.);
#8283=EDGE_CURVE('',#8267,#8279,#8284,.T.);
#8284=LINE('',#8268,#95);
#8285=PLANE('',#8286);
#8286=AXIS2_PLACEMENT_3D('',#8268,#13,#46);
#8287=ADVANCED_FACE('',(#8288),#8304,.T.);
#8288=FACE_BOUND('',#8289,.T.);
#8289=EDGE_LOOP('',(#8290,#8291,#8296,#8301));
#8290=ORIENTED_EDGE('',*,*,#8278,.T.);
#8291=ORIENTED_EDGE('',*,*,#8292,.T.);
#8292=EDGE_CURVE('',#8274,#8293,#8295,.T.);
#8293=VERTEX_POINT('',#8294);
#8294=CARTESIAN_POINT('',(-1.15,4.105,0.));
#8295=LINE('',#8275,#27);
#8296=ORIENTED_EDGE('',*,*,#8297,.F.);
#8297=EDGE_CURVE('',#8298,#8293,#8300,.T.);
#8298=VERTEX_POINT('',#8299);
#8299=CARTESIAN_POINT('',(-1.35,4.105,0.));
#8300=LINE('',#8299,#77);
#8301=ORIENTED_EDGE('',*,*,#8302,.F.);
#8302=EDGE_CURVE('',#8279,#8298,#8303,.T.);
#8303=LINE('',#8280,#27);
#8304=PLANE('',#8305);
#8305=AXIS2_PLACEMENT_3D('',#8280,#46,#28);
#8306=ADVANCED_FACE('',(#8307),#8322,.F.);
#8307=FACE_BOUND('',#8308,.F.);
#8308=EDGE_LOOP('',(#8309,#8316,#8296,#8319));
#8309=ORIENTED_EDGE('',*,*,#8310,.T.);
#8310=EDGE_CURVE('',#8311,#8313,#8315,.T.);
#8311=VERTEX_POINT('',#8312);
#8312=CARTESIAN_POINT('',(-1.35,3.425,0.));
#8313=VERTEX_POINT('',#8314);
#8314=CARTESIAN_POINT('',(-1.15,3.425,0.));
#8315=LINE('',#8312,#77);
#8316=ORIENTED_EDGE('',*,*,#8317,.T.);
#8317=EDGE_CURVE('',#8313,#8293,#8318,.T.);
#8318=LINE('',#8314,#95);
#8319=ORIENTED_EDGE('',*,*,#8320,.F.);
#8320=EDGE_CURVE('',#8311,#8298,#8321,.T.);
#8321=LINE('',#8312,#95);
#8322=PLANE('',#8323);
#8323=AXIS2_PLACEMENT_3D('',#8312,#13,#46);
#8324=ADVANCED_FACE('',(#8325),#8338,.T.);
#8325=FACE_BOUND('',#8326,.F.);
#8326=EDGE_LOOP('',(#8265,#8327,#8332,#8333));
#8327=ORIENTED_EDGE('',*,*,#8328,.T.);
#8328=EDGE_CURVE('',#8269,#8313,#8329,.T.);
#8329=CIRCLE('',#8330,0.12);
#8330=AXIS2_PLACEMENT_3D('',#8331,#14,#46);
#8331=CARTESIAN_POINT('',(-1.15,3.425,0.12));
#8332=ORIENTED_EDGE('',*,*,#8310,.F.);
#8333=ORIENTED_EDGE('',*,*,#8334,.F.);
#8334=EDGE_CURVE('',#8267,#8311,#8335,.T.);
#8335=CIRCLE('',#8336,0.12);
#8336=AXIS2_PLACEMENT_3D('',#8337,#14,#46);
#8337=CARTESIAN_POINT('',(-1.35,3.425,0.12));
#8338=CYLINDRICAL_SURFACE('',#8339,0.12);
#8339=AXIS2_PLACEMENT_3D('',#8337,#35,#46);
#8340=ADVANCED_FACE('',(#8341),#8345,.F.);
#8341=FACE_BOUND('',#8342,.T.);
#8342=EDGE_LOOP('',(#8343,#8344,#8319,#8333));
#8343=ORIENTED_EDGE('',*,*,#8283,.T.);
#8344=ORIENTED_EDGE('',*,*,#8302,.T.);
#8345=PLANE('',#8346);
#8346=AXIS2_PLACEMENT_3D('',#8347,#14,#13);
#8347=CARTESIAN_POINT('',(-1.35,3.717714614865,6.250323372778E-02));
#8348=ADVANCED_FACE('',(#8349),#8353,.T.);
#8349=FACE_BOUND('',#8350,.F.);
#8350=EDGE_LOOP('',(#8272,#8291,#8351,#8352));
#8351=ORIENTED_EDGE('',*,*,#8317,.F.);
#8352=ORIENTED_EDGE('',*,*,#8328,.F.);
#8353=PLANE('',#8354);
#8354=AXIS2_PLACEMENT_3D('',#8355,#14,#13);
#8355=CARTESIAN_POINT('',(-1.15,3.717714614865,6.250323372777E-02));
#8356=MANIFOLD_SOLID_BREP('',#8357);
#8357=CLOSED_SHELL('',(#8358,#8383,#8402,#8420,#8436,#8444));
#8358=ADVANCED_FACE('',(#8359),#8381,.T.);
#8359=FACE_BOUND('',#8360,.T.);
#8360=EDGE_LOOP('',(#8361,#8368,#8373,#8378));
#8361=ORIENTED_EDGE('',*,*,#8362,.T.);
#8362=EDGE_CURVE('',#8363,#8365,#8367,.T.);
#8363=VERTEX_POINT('',#8364);
#8364=CARTESIAN_POINT('',(-0.85,3.305,0.12));
#8365=VERTEX_POINT('',#8366);
#8366=CARTESIAN_POINT('',(-0.65,3.305,0.12));
#8367=LINE('',#8364,#77);
#8368=ORIENTED_EDGE('',*,*,#8369,.T.);
#8369=EDGE_CURVE('',#8365,#8370,#8372,.T.);
#8370=VERTEX_POINT('',#8371);
#8371=CARTESIAN_POINT('',(-0.65,4.105,0.12));
#8372=LINE('',#8366,#95);
#8373=ORIENTED_EDGE('',*,*,#8374,.F.);
#8374=EDGE_CURVE('',#8375,#8370,#8377,.T.);
#8375=VERTEX_POINT('',#8376);
#8376=CARTESIAN_POINT('',(-0.85,4.105,0.12));
#8377=LINE('',#8376,#77);
#8378=ORIENTED_EDGE('',*,*,#8379,.F.);
#8379=EDGE_CURVE('',#8363,#8375,#8380,.T.);
#8380=LINE('',#8364,#95);
#8381=PLANE('',#8382);
#8382=AXIS2_PLACEMENT_3D('',#8364,#13,#46);
#8383=ADVANCED_FACE('',(#8384),#8400,.T.);
#8384=FACE_BOUND('',#8385,.T.);
#8385=EDGE_LOOP('',(#8386,#8387,#8392,#8397));
#8386=ORIENTED_EDGE('',*,*,#8374,.T.);
#8387=ORIENTED_EDGE('',*,*,#8388,.T.);
#8388=EDGE_CURVE('',#8370,#8389,#8391,.T.);
#8389=VERTEX_POINT('',#8390);
#8390=CARTESIAN_POINT('',(-0.65,4.105,0.));
#8391=LINE('',#8371,#27);
#8392=ORIENTED_EDGE('',*,*,#8393,.F.);
#8393=EDGE_CURVE('',#8394,#8389,#8396,.T.);
#8394=VERTEX_POINT('',#8395);
#8395=CARTESIAN_POINT('',(-0.85,4.105,0.));
#8396=LINE('',#8395,#77);
#8397=ORIENTED_EDGE('',*,*,#8398,.F.);
#8398=EDGE_CURVE('',#8375,#8394,#8399,.T.);
#8399=LINE('',#8376,#27);
#8400=PLANE('',#8401);
#8401=AXIS2_PLACEMENT_3D('',#8376,#46,#28);
#8402=ADVANCED_FACE('',(#8403),#8418,.F.);
#8403=FACE_BOUND('',#8404,.F.);
#8404=EDGE_LOOP('',(#8405,#8412,#8392,#8415));
#8405=ORIENTED_EDGE('',*,*,#8406,.T.);
#8406=EDGE_CURVE('',#8407,#8409,#8411,.T.);
#8407=VERTEX_POINT('',#8408);
#8408=CARTESIAN_POINT('',(-0.85,3.425,0.));
#8409=VERTEX_POINT('',#8410);
#8410=CARTESIAN_POINT('',(-0.65,3.425,0.));
#8411=LINE('',#8408,#77);
#8412=ORIENTED_EDGE('',*,*,#8413,.T.);
#8413=EDGE_CURVE('',#8409,#8389,#8414,.T.);
#8414=LINE('',#8410,#95);
#8415=ORIENTED_EDGE('',*,*,#8416,.F.);
#8416=EDGE_CURVE('',#8407,#8394,#8417,.T.);
#8417=LINE('',#8408,#95);
#8418=PLANE('',#8419);
#8419=AXIS2_PLACEMENT_3D('',#8408,#13,#46);
#8420=ADVANCED_FACE('',(#8421),#8434,.T.);
#8421=FACE_BOUND('',#8422,.F.);
#8422=EDGE_LOOP('',(#8361,#8423,#8428,#8429));
#8423=ORIENTED_EDGE('',*,*,#8424,.T.);
#8424=EDGE_CURVE('',#8365,#8409,#8425,.T.);
#8425=CIRCLE('',#8426,0.12);
#8426=AXIS2_PLACEMENT_3D('',#8427,#14,#46);
#8427=CARTESIAN_POINT('',(-0.65,3.425,0.12));
#8428=ORIENTED_EDGE('',*,*,#8406,.F.);
#8429=ORIENTED_EDGE('',*,*,#8430,.F.);
#8430=EDGE_CURVE('',#8363,#8407,#8431,.T.);
#8431=CIRCLE('',#8432,0.12);
#8432=AXIS2_PLACEMENT_3D('',#8433,#14,#46);
#8433=CARTESIAN_POINT('',(-0.85,3.425,0.12));
#8434=CYLINDRICAL_SURFACE('',#8435,0.12);
#8435=AXIS2_PLACEMENT_3D('',#8433,#35,#46);
#8436=ADVANCED_FACE('',(#8437),#8441,.F.);
#8437=FACE_BOUND('',#8438,.T.);
#8438=EDGE_LOOP('',(#8439,#8440,#8415,#8429));
#8439=ORIENTED_EDGE('',*,*,#8379,.T.);
#8440=ORIENTED_EDGE('',*,*,#8398,.T.);
#8441=PLANE('',#8442);
#8442=AXIS2_PLACEMENT_3D('',#8443,#14,#13);
#8443=CARTESIAN_POINT('',(-0.85,3.717714614865,6.250323372777E-02));
#8444=ADVANCED_FACE('',(#8445),#8449,.T.);
#8445=FACE_BOUND('',#8446,.F.);
#8446=EDGE_LOOP('',(#8368,#8387,#8447,#8448));
#8447=ORIENTED_EDGE('',*,*,#8413,.F.);
#8448=ORIENTED_EDGE('',*,*,#8424,.F.);
#8449=PLANE('',#8450);
#8450=AXIS2_PLACEMENT_3D('',#8451,#14,#13);
#8451=CARTESIAN_POINT('',(-0.65,3.717714614865,6.250323372777E-02));
#8452=MANIFOLD_SOLID_BREP('',#8453);
#8453=CLOSED_SHELL('',(#8454,#8479,#8498,#8516,#8532,#8540));
#8454=ADVANCED_FACE('',(#8455),#8477,.T.);
#8455=FACE_BOUND('',#8456,.T.);
#8456=EDGE_LOOP('',(#8457,#8464,#8469,#8474));
#8457=ORIENTED_EDGE('',*,*,#8458,.T.);
#8458=EDGE_CURVE('',#8459,#8461,#8463,.T.);
#8459=VERTEX_POINT('',#8460);
#8460=CARTESIAN_POINT('',(-0.35,3.305,0.12));
#8461=VERTEX_POINT('',#8462);
#8462=CARTESIAN_POINT('',(-0.15,3.305,0.12));
#8463=LINE('',#8460,#77);
#8464=ORIENTED_EDGE('',*,*,#8465,.T.);
#8465=EDGE_CURVE('',#8461,#8466,#8468,.T.);
#8466=VERTEX_POINT('',#8467);
#8467=CARTESIAN_POINT('',(-0.15,4.105,0.12));
#8468=LINE('',#8462,#95);
#8469=ORIENTED_EDGE('',*,*,#8470,.F.);
#8470=EDGE_CURVE('',#8471,#8466,#8473,.T.);
#8471=VERTEX_POINT('',#8472);
#8472=CARTESIAN_POINT('',(-0.35,4.105,0.12));
#8473=LINE('',#8472,#77);
#8474=ORIENTED_EDGE('',*,*,#8475,.F.);
#8475=EDGE_CURVE('',#8459,#8471,#8476,.T.);
#8476=LINE('',#8460,#95);
#8477=PLANE('',#8478);
#8478=AXIS2_PLACEMENT_3D('',#8460,#13,#46);
#8479=ADVANCED_FACE('',(#8480),#8496,.T.);
#8480=FACE_BOUND('',#8481,.T.);
#8481=EDGE_LOOP('',(#8482,#8483,#8488,#8493));
#8482=ORIENTED_EDGE('',*,*,#8470,.T.);
#8483=ORIENTED_EDGE('',*,*,#8484,.T.);
#8484=EDGE_CURVE('',#8466,#8485,#8487,.T.);
#8485=VERTEX_POINT('',#8486);
#8486=CARTESIAN_POINT('',(-0.15,4.105,0.));
#8487=LINE('',#8467,#27);
#8488=ORIENTED_EDGE('',*,*,#8489,.F.);
#8489=EDGE_CURVE('',#8490,#8485,#8492,.T.);
#8490=VERTEX_POINT('',#8491);
#8491=CARTESIAN_POINT('',(-0.35,4.105,0.));
#8492=LINE('',#8491,#77);
#8493=ORIENTED_EDGE('',*,*,#8494,.F.);
#8494=EDGE_CURVE('',#8471,#8490,#8495,.T.);
#8495=LINE('',#8472,#27);
#8496=PLANE('',#8497);
#8497=AXIS2_PLACEMENT_3D('',#8472,#46,#28);
#8498=ADVANCED_FACE('',(#8499),#8514,.F.);
#8499=FACE_BOUND('',#8500,.F.);
#8500=EDGE_LOOP('',(#8501,#8508,#8488,#8511));
#8501=ORIENTED_EDGE('',*,*,#8502,.T.);
#8502=EDGE_CURVE('',#8503,#8505,#8507,.T.);
#8503=VERTEX_POINT('',#8504);
#8504=CARTESIAN_POINT('',(-0.35,3.425,0.));
#8505=VERTEX_POINT('',#8506);
#8506=CARTESIAN_POINT('',(-0.15,3.425,0.));
#8507=LINE('',#8504,#77);
#8508=ORIENTED_EDGE('',*,*,#8509,.T.);
#8509=EDGE_CURVE('',#8505,#8485,#8510,.T.);
#8510=LINE('',#8506,#95);
#8511=ORIENTED_EDGE('',*,*,#8512,.F.);
#8512=EDGE_CURVE('',#8503,#8490,#8513,.T.);
#8513=LINE('',#8504,#95);
#8514=PLANE('',#8515);
#8515=AXIS2_PLACEMENT_3D('',#8504,#13,#46);
#8516=ADVANCED_FACE('',(#8517),#8530,.T.);
#8517=FACE_BOUND('',#8518,.F.);
#8518=EDGE_LOOP('',(#8457,#8519,#8524,#8525));
#8519=ORIENTED_EDGE('',*,*,#8520,.T.);
#8520=EDGE_CURVE('',#8461,#8505,#8521,.T.);
#8521=CIRCLE('',#8522,0.12);
#8522=AXIS2_PLACEMENT_3D('',#8523,#14,#46);
#8523=CARTESIAN_POINT('',(-0.15,3.425,0.12));
#8524=ORIENTED_EDGE('',*,*,#8502,.F.);
#8525=ORIENTED_EDGE('',*,*,#8526,.F.);
#8526=EDGE_CURVE('',#8459,#8503,#8527,.T.);
#8527=CIRCLE('',#8528,0.12);
#8528=AXIS2_PLACEMENT_3D('',#8529,#14,#46);
#8529=CARTESIAN_POINT('',(-0.35,3.425,0.12));
#8530=CYLINDRICAL_SURFACE('',#8531,0.12);
#8531=AXIS2_PLACEMENT_3D('',#8529,#35,#46);
#8532=ADVANCED_FACE('',(#8533),#8537,.F.);
#8533=FACE_BOUND('',#8534,.T.);
#8534=EDGE_LOOP('',(#8535,#8536,#8511,#8525));
#8535=ORIENTED_EDGE('',*,*,#8475,.T.);
#8536=ORIENTED_EDGE('',*,*,#8494,.T.);
#8537=PLANE('',#8538);
#8538=AXIS2_PLACEMENT_3D('',#8539,#14,#13);
#8539=CARTESIAN_POINT('',(-0.35,3.717714614865,6.250323372777E-02));
#8540=ADVANCED_FACE('',(#8541),#8545,.T.);
#8541=FACE_BOUND('',#8542,.F.);
#8542=EDGE_LOOP('',(#8464,#8483,#8543,#8544));
#8543=ORIENTED_EDGE('',*,*,#8509,.F.);
#8544=ORIENTED_EDGE('',*,*,#8520,.F.);
#8545=PLANE('',#8546);
#8546=AXIS2_PLACEMENT_3D('',#8547,#14,#13);
#8547=CARTESIAN_POINT('',(-0.15,3.717714614865,6.250323372777E-02));
#8548=MANIFOLD_SOLID_BREP('',#8549);
#8549=CLOSED_SHELL('',(#8550,#8704,#8747,#8761,#8778,#8793,#8807,#8822,#8826,#8841,#8869,#8884,#8911,#8926,#8963,#8973,#8983,#8995,#9012,#9033,#9064,#9088,#9098,#9116,#9136,#9167,#9192,#9201,#9250,#9264,#9367,#9384,#9472,#9490,#9522,#9539,#9550,#9561,#9573,#9585,#9602,#9624,#9635,#9646,#9661,#9670,#9683,#9694,#9716,#9729,#9738,#9745,#9754,#9864,#9914,#9937,#9944,#9950,#9961,#9969,#9980,#10057,#10066,#10124,#10136,#10212,#10325,#10336,#10344,#10437,#10441,#10453,#10462,#10469,#10474,#10484,#10495,#10504,#10514,#10522,#10531,#10541,#10549,#10560,#10569,#10580,#10588,#10599,#10608,#10618,#10626,#10631,#10642,#10653,#10665,#10679,#10690,#10703,#10711,#10720,#10730,#10741,#10751,#10760,#10768,#10778,#10787,#10796,#10924,#10933,#10943,#10953,#10963,#10970,#10979,#11006,#11015,#11023,#11034,#11058,#11082,#11107,#11119,#11128,#11143,#11160,#11183,#11192,#11206,#11224,#11246,#11256,#11267,#11280,#11289,#11311,#11320,#11330,#11341,#11354,#11371,#11383,#11395,#11406,#11427,#11438,#11451,#11472,#11485,#11495,#11505,#11539,#11549,#11555,#11588,#11599,#11605,#11615,#11625,#11636,#11645));
#8550=ADVANCED_FACE('',(#8551,#8630),#2915,.T.);
#8551=FACE_BOUND('',#8552,.T.);
#8552=EDGE_LOOP('',(#8553,#8561,#8567,#2775,#8570,#8576,#8580,#8586,#8593,#8599,#8606,#8612,#8619,#8625));
#8553=ORIENTED_EDGE('',*,*,#8554,.T.);
#8554=EDGE_CURVE('',#8555,#8557,#8559,.T.);
#8555=VERTEX_POINT('',#8556);
#8556=CARTESIAN_POINT('',(-2.,-1.875,0.45));
#8557=VERTEX_POINT('',#8558);
#8558=CARTESIAN_POINT('',(-3.19,-1.875,0.45));
#8559=LINE('',#8560,#34);
#8560=CARTESIAN_POINT('',(-2.235,-1.875,0.45));
#8561=ORIENTED_EDGE('',*,*,#8562,.F.);
#8562=EDGE_CURVE('',#8563,#8557,#8565,.T.);
#8563=VERTEX_POINT('',#8564);
#8564=CARTESIAN_POINT('',(-3.19,-3.375,0.45));
#8565=LINE('',#8566,#95);
#8566=CARTESIAN_POINT('',(-3.19,-3.675,0.45));
#8567=ORIENTED_EDGE('',*,*,#8568,.T.);
#8568=EDGE_CURVE('',#8563,#2772,#8569,.T.);
#8569=LINE('',#8564,#77);
#8570=ORIENTED_EDGE('',*,*,#8571,.T.);
#8571=EDGE_CURVE('',#2777,#8572,#8574,.T.);
#8572=VERTEX_POINT('',#8573);
#8573=CARTESIAN_POINT('',(-3.19,2.145,0.45));
#8574=LINE('',#8575,#34);
#8575=CARTESIAN_POINT('',(-2.235,2.145,0.45));
#8576=ORIENTED_EDGE('',*,*,#8577,.F.);
#8577=EDGE_CURVE('',#8578,#8572,#8565,.T.);
#8578=VERTEX_POINT('',#8579);
#8579=CARTESIAN_POINT('',(-3.19,0.225,0.45));
#8580=ORIENTED_EDGE('',*,*,#8581,.T.);
#8581=EDGE_CURVE('',#8578,#8582,#8584,.T.);
#8582=VERTEX_POINT('',#8583);
#8583=CARTESIAN_POINT('',(-3.,0.225,0.45));
#8584=LINE('',#8585,#77);
#8585=CARTESIAN_POINT('',(-1.425,0.225,0.45));
#8586=ORIENTED_EDGE('',*,*,#8587,.F.);
#8587=EDGE_CURVE('',#8588,#8582,#8590,.T.);
#8588=VERTEX_POINT('',#8589);
#8589=CARTESIAN_POINT('',(-2.85,7.5E-02,0.45));
#8590=CIRCLE('',#8591,0.15);
#8591=AXIS2_PLACEMENT_3D('',#8592,#13,#57);
#8592=CARTESIAN_POINT('',(-3.,7.5E-02,0.45));
#8593=ORIENTED_EDGE('',*,*,#8594,.T.);
#8594=EDGE_CURVE('',#8588,#8595,#8597,.T.);
#8595=VERTEX_POINT('',#8596);
#8596=CARTESIAN_POINT('',(-2.85,-2.5E-02,0.45));
#8597=LINE('',#8598,#56);
#8598=CARTESIAN_POINT('',(-2.85,-1.925,0.45));
#8599=ORIENTED_EDGE('',*,*,#8600,.F.);
#8600=EDGE_CURVE('',#8601,#8595,#8603,.T.);
#8601=VERTEX_POINT('',#8602);
#8602=CARTESIAN_POINT('',(-2.7,-0.175,0.45));
#8603=CIRCLE('',#8604,0.15);
#8604=AXIS2_PLACEMENT_3D('',#8605,#28,#57);
#8605=CARTESIAN_POINT('',(-2.7,-2.5E-02,0.45));
#8606=ORIENTED_EDGE('',*,*,#8607,.T.);
#8607=EDGE_CURVE('',#8601,#8608,#8610,.T.);
#8608=VERTEX_POINT('',#8609);
#8609=CARTESIAN_POINT('',(-2.,-0.175,0.45));
#8610=LINE('',#8611,#77);
#8611=CARTESIAN_POINT('',(-0.925,-0.175,0.45));
#8612=ORIENTED_EDGE('',*,*,#8613,.F.);
#8613=EDGE_CURVE('',#8614,#8608,#8616,.T.);
#8614=VERTEX_POINT('',#8615);
#8615=CARTESIAN_POINT('',(-1.85,-0.325,0.45));
#8616=CIRCLE('',#8617,0.15);
#8617=AXIS2_PLACEMENT_3D('',#8618,#13,#57);
#8618=CARTESIAN_POINT('',(-2.,-0.325,0.45));
#8619=ORIENTED_EDGE('',*,*,#8620,.T.);
#8620=EDGE_CURVE('',#8614,#8621,#8623,.T.);
#8621=VERTEX_POINT('',#8622);
#8622=CARTESIAN_POINT('',(-1.85,-1.725,0.45));
#8623=LINE('',#8624,#56);
#8624=CARTESIAN_POINT('',(-1.85,-2.775,0.45));
#8625=ORIENTED_EDGE('',*,*,#8626,.F.);
#8626=EDGE_CURVE('',#8555,#8621,#8627,.T.);
#8627=CIRCLE('',#8628,0.15);
#8628=AXIS2_PLACEMENT_3D('',#8629,#13,#57);
#8629=CARTESIAN_POINT('',(-2.,-1.725,0.45));
#8630=FACE_BOUND('',#8631,.T.);
#8631=EDGE_LOOP('',(#8632,#8640,#8646,#8650,#8654,#8658,#8662,#8666,#8670,#8676,#8682,#8686,#8690,#8694,#8698,#8702));
#8632=ORIENTED_EDGE('',*,*,#8633,.T.);
#8633=EDGE_CURVE('',#8634,#8636,#8638,.T.);
#8634=VERTEX_POINT('',#8635);
#8635=CARTESIAN_POINT('',(-1.16,1.625,0.45));
#8636=VERTEX_POINT('',#8637);
#8637=CARTESIAN_POINT('',(-1.16,1.125,0.45));
#8638=LINE('',#8639,#56);
#8639=CARTESIAN_POINT('',(-1.16,-1.025,0.45));
#8640=ORIENTED_EDGE('',*,*,#8641,.T.);
#8641=EDGE_CURVE('',#8636,#8642,#8644,.T.);
#8642=VERTEX_POINT('',#8643);
#8643=CARTESIAN_POINT('',(-1.21,1.125,0.45));
#8644=LINE('',#8645,#34);
#8645=CARTESIAN_POINT('',(-0.58,1.125,0.45));
#8646=ORIENTED_EDGE('',*,*,#8647,.T.);
#8647=EDGE_CURVE('',#8642,#8648,#8644,.T.);
#8648=VERTEX_POINT('',#8649);
#8649=CARTESIAN_POINT('',(-1.272132034356,1.125,0.45));
#8650=ORIENTED_EDGE('',*,*,#8651,.T.);
#8651=EDGE_CURVE('',#8648,#8652,#8644,.T.);
#8652=VERTEX_POINT('',#8653);
#8653=CARTESIAN_POINT('',(-1.66,1.125,0.45));
#8654=ORIENTED_EDGE('',*,*,#8655,.T.);
#8655=EDGE_CURVE('',#8652,#8656,#8644,.T.);
#8656=VERTEX_POINT('',#8657);
#8657=CARTESIAN_POINT('',(-1.88,1.125,0.45));
#8658=ORIENTED_EDGE('',*,*,#8659,.T.);
#8659=EDGE_CURVE('',#8656,#8660,#8644,.T.);
#8660=VERTEX_POINT('',#8661);
#8661=CARTESIAN_POINT('',(-2.267867965644,1.125,0.45));
#8662=ORIENTED_EDGE('',*,*,#8663,.T.);
#8663=EDGE_CURVE('',#8660,#8664,#8644,.T.);
#8664=VERTEX_POINT('',#8665);
#8665=CARTESIAN_POINT('',(-2.33,1.125,0.45));
#8666=ORIENTED_EDGE('',*,*,#8667,.T.);
#8667=EDGE_CURVE('',#8664,#8668,#8644,.T.);
#8668=VERTEX_POINT('',#8669);
#8669=CARTESIAN_POINT('',(-2.38,1.125,0.45));
#8670=ORIENTED_EDGE('',*,*,#8671,.T.);
#8671=EDGE_CURVE('',#8668,#8672,#8674,.T.);
#8672=VERTEX_POINT('',#8673);
#8673=CARTESIAN_POINT('',(-2.38,1.625,0.45));
#8674=LINE('',#8675,#95);
#8675=CARTESIAN_POINT('',(-2.38,-1.275,0.45));
#8676=ORIENTED_EDGE('',*,*,#8677,.T.);
#8677=EDGE_CURVE('',#8672,#8678,#8680,.T.);
#8678=VERTEX_POINT('',#8679);
#8679=CARTESIAN_POINT('',(-2.33,1.625,0.45));
#8680=LINE('',#8681,#77);
#8681=CARTESIAN_POINT('',(-1.19,1.625,0.45));
#8682=ORIENTED_EDGE('',*,*,#8683,.T.);
#8683=EDGE_CURVE('',#8678,#8684,#8680,.T.);
#8684=VERTEX_POINT('',#8685);
#8685=CARTESIAN_POINT('',(-2.267867965644,1.625,0.45));
#8686=ORIENTED_EDGE('',*,*,#8687,.T.);
#8687=EDGE_CURVE('',#8684,#8688,#8680,.T.);
#8688=VERTEX_POINT('',#8689);
#8689=CARTESIAN_POINT('',(-1.88,1.625,0.45));
#8690=ORIENTED_EDGE('',*,*,#8691,.T.);
#8691=EDGE_CURVE('',#8688,#8692,#8680,.T.);
#8692=VERTEX_POINT('',#8693);
#8693=CARTESIAN_POINT('',(-1.66,1.625,0.45));
#8694=ORIENTED_EDGE('',*,*,#8695,.T.);
#8695=EDGE_CURVE('',#8692,#8696,#8680,.T.);
#8696=VERTEX_POINT('',#8697);
#8697=CARTESIAN_POINT('',(-1.272132034356,1.625,0.45));
#8698=ORIENTED_EDGE('',*,*,#8699,.T.);
#8699=EDGE_CURVE('',#8696,#8700,#8680,.T.);
#8700=VERTEX_POINT('',#8701);
#8701=CARTESIAN_POINT('',(-1.21,1.625,0.45));
#8702=ORIENTED_EDGE('',*,*,#8703,.T.);
#8703=EDGE_CURVE('',#8700,#8634,#8680,.T.);
#8704=ADVANCED_FACE('',(#8705),#8745,.T.);
#8705=FACE_BOUND('',#8706,.T.);
#8706=EDGE_LOOP('',(#8707,#8715,#8722,#8727,#8732,#8738,#8741,#8742));
#8707=ORIENTED_EDGE('',*,*,#8708,.F.);
#8708=EDGE_CURVE('',#8709,#8711,#8713,.T.);
#8709=VERTEX_POINT('',#8710);
#8710=CARTESIAN_POINT('',(-3.19,-1.875,0.15));
#8711=VERTEX_POINT('',#8712);
#8712=CARTESIAN_POINT('',(-2.,-1.875,0.15));
#8713=LINE('',#8714,#77);
#8714=CARTESIAN_POINT('',(-4.47,-1.875,0.15));
#8715=ORIENTED_EDGE('',*,*,#8716,.F.);
#8716=EDGE_CURVE('',#8717,#8709,#8719,.T.);
#8717=VERTEX_POINT('',#8718);
#8718=CARTESIAN_POINT('',(-4.47,-1.875,1.43));
#8719=CIRCLE('',#8720,1.28);
#8720=AXIS2_PLACEMENT_3D('',#8721,#57,#14);
#8721=CARTESIAN_POINT('',(-3.19,-1.875,1.43));
#8722=ORIENTED_EDGE('',*,*,#8723,.T.);
#8723=EDGE_CURVE('',#8717,#8724,#8726,.T.);
#8724=VERTEX_POINT('',#8725);
#8725=CARTESIAN_POINT('',(-4.47,-1.875,1.5));
#8726=LINE('',#8714,#412);
#8727=ORIENTED_EDGE('',*,*,#8728,.T.);
#8728=EDGE_CURVE('',#8724,#8729,#8731,.T.);
#8729=VERTEX_POINT('',#8730);
#8730=CARTESIAN_POINT('',(-4.17,-1.875,1.5));
#8731=LINE('',#8725,#77);
#8732=ORIENTED_EDGE('',*,*,#8733,.F.);
#8733=EDGE_CURVE('',#8734,#8729,#8736,.T.);
#8734=VERTEX_POINT('',#8735);
#8735=CARTESIAN_POINT('',(-4.17,-1.875,1.43));
#8736=LINE('',#8737,#412);
#8737=CARTESIAN_POINT('',(-4.17,-1.875,0.79));
#8738=ORIENTED_EDGE('',*,*,#8739,.T.);
#8739=EDGE_CURVE('',#8734,#8557,#8740,.T.);
#8740=CIRCLE('',#8720,0.98);
#8741=ORIENTED_EDGE('',*,*,#8554,.F.);
#8742=ORIENTED_EDGE('',*,*,#8743,.F.);
#8743=EDGE_CURVE('',#8711,#8555,#8744,.T.);
#8744=LINE('',#8712,#412);
#8745=PLANE('',#8746);
#8746=AXIS2_PLACEMENT_3D('',#8714,#46,#14);
#8747=ADVANCED_FACE('',(#8748),#8760,.F.);
#8748=FACE_BOUND('',#8749,.F.);
#8749=EDGE_LOOP('',(#8750,#8757,#8625,#8742));
#8750=ORIENTED_EDGE('',*,*,#8751,.T.);
#8751=EDGE_CURVE('',#8711,#8752,#8754,.T.);
#8752=VERTEX_POINT('',#8753);
#8753=CARTESIAN_POINT('',(-1.85,-1.725,0.15));
#8754=CIRCLE('',#8755,0.15);
#8755=AXIS2_PLACEMENT_3D('',#8756,#13,#57);
#8756=CARTESIAN_POINT('',(-2.,-1.725,0.15));
#8757=ORIENTED_EDGE('',*,*,#8758,.T.);
#8758=EDGE_CURVE('',#8752,#8621,#8759,.T.);
#8759=LINE('',#8753,#412);
#8760=CYLINDRICAL_SURFACE('',#8755,0.15);
#8761=ADVANCED_FACE('',(#8762),#8775,.F.);
#8762=FACE_BOUND('',#8763,.F.);
#8763=EDGE_LOOP('',(#8764,#8771,#8738,#8561));
#8764=ORIENTED_EDGE('',*,*,#8765,.F.);
#8765=EDGE_CURVE('',#8766,#8563,#8768,.T.);
#8766=VERTEX_POINT('',#8767);
#8767=CARTESIAN_POINT('',(-4.17,-3.375,1.43));
#8768=CIRCLE('',#8769,0.98);
#8769=AXIS2_PLACEMENT_3D('',#8770,#57,#35);
#8770=CARTESIAN_POINT('',(-3.19,-3.375,1.43));
#8771=ORIENTED_EDGE('',*,*,#8772,.T.);
#8772=EDGE_CURVE('',#8766,#8734,#8773,.T.);
#8773=LINE('',#8774,#95);
#8774=CARTESIAN_POINT('',(-4.17,-3.675,1.43));
#8775=CYLINDRICAL_SURFACE('',#8776,0.98);
#8776=AXIS2_PLACEMENT_3D('',#8777,#57,#14);
#8777=CARTESIAN_POINT('',(-3.19,-3.675,1.43));
#8778=ADVANCED_FACE('',(#8779),#8791,.T.);
#8779=FACE_BOUND('',#8780,.T.);
#8780=EDGE_LOOP('',(#8781,#8757,#8787,#8788));
#8781=ORIENTED_EDGE('',*,*,#8782,.F.);
#8782=EDGE_CURVE('',#8752,#8783,#8785,.T.);
#8783=VERTEX_POINT('',#8784);
#8784=CARTESIAN_POINT('',(-1.85,-0.325,0.15));
#8785=LINE('',#8786,#95);
#8786=CARTESIAN_POINT('',(-1.85,-1.875,0.15));
#8787=ORIENTED_EDGE('',*,*,#8620,.F.);
#8788=ORIENTED_EDGE('',*,*,#8789,.F.);
#8789=EDGE_CURVE('',#8783,#8614,#8790,.T.);
#8790=LINE('',#8784,#412);
#8791=PLANE('',#8792);
#8792=AXIS2_PLACEMENT_3D('',#8786,#35,#46);
#8793=ADVANCED_FACE('',(#8794),#8804,.F.);
#8794=FACE_BOUND('',#8795,.F.);
#8795=EDGE_LOOP('',(#8796,#8567,#3017,#8801));
#8796=ORIENTED_EDGE('',*,*,#8797,.F.);
#8797=EDGE_CURVE('',#8563,#8798,#8800,.T.);
#8798=VERTEX_POINT('',#8799);
#8799=CARTESIAN_POINT('',(-3.19,-3.675,0.35));
#8800=LINE('',#8564,#3015);
#8801=ORIENTED_EDGE('',*,*,#8802,.F.);
#8802=EDGE_CURVE('',#8798,#3019,#8803,.T.);
#8803=LINE('',#8799,#77);
#8804=PLANE('',#8805);
#8805=AXIS2_PLACEMENT_3D('',#8806,#3029,#14);
#8806=CARTESIAN_POINT('',(-3.19,-3.525,0.4));
#8807=ADVANCED_FACE('',(#8808),#8820,.F.);
#8808=FACE_BOUND('',#8809,.F.);
#8809=EDGE_LOOP('',(#8810,#8817,#8612,#8788));
#8810=ORIENTED_EDGE('',*,*,#8811,.T.);
#8811=EDGE_CURVE('',#8783,#8812,#8814,.T.);
#8812=VERTEX_POINT('',#8813);
#8813=CARTESIAN_POINT('',(-2.,-0.175,0.15));
#8814=CIRCLE('',#8815,0.15);
#8815=AXIS2_PLACEMENT_3D('',#8816,#13,#57);
#8816=CARTESIAN_POINT('',(-2.,-0.325,0.15));
#8817=ORIENTED_EDGE('',*,*,#8818,.T.);
#8818=EDGE_CURVE('',#8812,#8608,#8819,.T.);
#8819=LINE('',#8813,#412);
#8820=CYLINDRICAL_SURFACE('',#8821,0.15);
#8821=AXIS2_PLACEMENT_3D('',#8816,#13,#14);
#8822=ADVANCED_FACE('',(#8823),#8824,.F.);
#8823=FACE_BOUND('',#3047,.F.);
#8824=PLANE('',#8825);
#8825=AXIS2_PLACEMENT_3D('',#2780,#35,#28);
#8826=ADVANCED_FACE('',(#8827),#8839,.T.);
#8827=FACE_BOUND('',#8828,.T.);
#8828=EDGE_LOOP('',(#8829,#8817,#8835,#8836));
#8829=ORIENTED_EDGE('',*,*,#8830,.F.);
#8830=EDGE_CURVE('',#8812,#8831,#8833,.T.);
#8831=VERTEX_POINT('',#8832);
#8832=CARTESIAN_POINT('',(-2.7,-0.175,0.15));
#8833=LINE('',#8834,#34);
#8834=CARTESIAN_POINT('',(-1.85,-0.175,0.15));
#8835=ORIENTED_EDGE('',*,*,#8607,.F.);
#8836=ORIENTED_EDGE('',*,*,#8837,.F.);
#8837=EDGE_CURVE('',#8831,#8601,#8838,.T.);
#8838=LINE('',#8832,#412);
#8839=PLANE('',#8840);
#8840=AXIS2_PLACEMENT_3D('',#8834,#57,#35);
#8841=ADVANCED_FACE('',(#8842),#8867,.T.);
#8842=FACE_BOUND('',#8843,.T.);
#8843=EDGE_LOOP('',(#8844,#8853,#8859,#8862,#3049,#8863));
#8844=ORIENTED_EDGE('',*,*,#8845,.F.);
#8845=EDGE_CURVE('',#8846,#8848,#8850,.T.);
#8846=VERTEX_POINT('',#8847);
#8847=CARTESIAN_POINT('',(-4.461180553659,2.145,1.28));
#8848=VERTEX_POINT('',#8849);
#8849=CARTESIAN_POINT('',(-3.19,2.145,0.15));
#8850=CIRCLE('',#8851,1.28);
#8851=AXIS2_PLACEMENT_3D('',#8852,#57,#14);
#8852=CARTESIAN_POINT('',(-3.19,2.145,1.43));
#8853=ORIENTED_EDGE('',*,*,#8854,.T.);
#8854=EDGE_CURVE('',#8846,#8855,#8857,.T.);
#8855=VERTEX_POINT('',#8856);
#8856=CARTESIAN_POINT('',(-4.158452373635,2.145,1.28));
#8857=LINE('',#8858,#77);
#8858=CARTESIAN_POINT('',(-4.47,2.145,1.28));
#8859=ORIENTED_EDGE('',*,*,#8860,.T.);
#8860=EDGE_CURVE('',#8855,#8572,#8861,.T.);
#8861=CIRCLE('',#8851,0.98);
#8862=ORIENTED_EDGE('',*,*,#8571,.F.);
#8863=ORIENTED_EDGE('',*,*,#8864,.F.);
#8864=EDGE_CURVE('',#8848,#3051,#8865,.T.);
#8865=LINE('',#8866,#77);
#8866=CARTESIAN_POINT('',(-4.47,2.145,0.15));
#8867=PLANE('',#8868);
#8868=AXIS2_PLACEMENT_3D('',#8866,#46,#14);
#8869=ADVANCED_FACE('',(#8870),#8882,.T.);
#8870=FACE_BOUND('',#8871,.F.);
#8871=EDGE_LOOP('',(#8872,#8879,#8599,#8836));
#8872=ORIENTED_EDGE('',*,*,#8873,.T.);
#8873=EDGE_CURVE('',#8831,#8874,#8876,.T.);
#8874=VERTEX_POINT('',#8875);
#8875=CARTESIAN_POINT('',(-2.85,-2.5E-02,0.15));
#8876=CIRCLE('',#8877,0.15);
#8877=AXIS2_PLACEMENT_3D('',#8878,#28,#57);
#8878=CARTESIAN_POINT('',(-2.7,-2.5E-02,0.15));
#8879=ORIENTED_EDGE('',*,*,#8880,.T.);
#8880=EDGE_CURVE('',#8874,#8595,#8881,.T.);
#8881=LINE('',#8875,#412);
#8882=CYLINDRICAL_SURFACE('',#8883,0.15);
#8883=AXIS2_PLACEMENT_3D('',#8878,#13,#57);
#8884=ADVANCED_FACE('',(#8885),#8775,.F.);
#8885=FACE_BOUND('',#8886,.F.);
#8886=EDGE_LOOP('',(#8859,#8576,#8887,#8894,#8898,#8902));
#8887=ORIENTED_EDGE('',*,*,#8888,.F.);
#8888=EDGE_CURVE('',#8889,#8578,#8891,.T.);
#8889=VERTEX_POINT('',#8890);
#8890=CARTESIAN_POINT('',(-4.17,0.225,1.43));
#8891=CIRCLE('',#8892,0.98);
#8892=AXIS2_PLACEMENT_3D('',#8893,#57,#14);
#8893=CARTESIAN_POINT('',(-3.19,0.225,1.43));
#8894=ORIENTED_EDGE('',*,*,#8895,.T.);
#8895=EDGE_CURVE('',#8889,#8896,#8773,.T.);
#8896=VERTEX_POINT('',#8897);
#8897=CARTESIAN_POINT('',(-4.17,2.145,1.43));
#8898=ORIENTED_EDGE('',*,*,#8899,.T.);
#8899=EDGE_CURVE('',#8896,#8900,#8773,.T.);
#8900=VERTEX_POINT('',#8901);
#8901=CARTESIAN_POINT('',(-4.17,2.295,1.43));
#8902=ORIENTED_EDGE('',*,*,#8903,.F.);
#8903=EDGE_CURVE('',#8855,#8900,#8904,.T.);
#8904=B_SPLINE_CURVE_WITH_KNOTS('',7,(#8856,#8905,#8906,#8907,#8908,#8909,#8910,#8901),.UNSPECIFIED.,.F.,.F.,(8,8),(0.,1.),.PIECEWISE_BEZIER_KNOTS.);
#8905=CARTESIAN_POINT('',(-4.163660671629,2.145,1.313626590364));
#8906=CARTESIAN_POINT('',(-4.167478908959,2.153794382551,1.347286632701));
#8907=CARTESIAN_POINT('',(-4.169503268907,2.171416933345,1.378181809389));
#8908=CARTESIAN_POINT('',(-4.169999802572,2.196748717078,1.403532755354));
#8909=CARTESIAN_POINT('',(-4.169999943857,2.227646618798,1.421184876937));
#8910=CARTESIAN_POINT('',(-4.17,2.261333852922,1.43));
#8911=ADVANCED_FACE('',(#8912),#8924,.T.);
#8912=FACE_BOUND('',#8913,.T.);
#8913=EDGE_LOOP('',(#8914,#8879,#8920,#8921));
#8914=ORIENTED_EDGE('',*,*,#8915,.F.);
#8915=EDGE_CURVE('',#8874,#8916,#8918,.T.);
#8916=VERTEX_POINT('',#8917);
#8917=CARTESIAN_POINT('',(-2.85,7.5E-02,0.15));
#8918=LINE('',#8919,#95);
#8919=CARTESIAN_POINT('',(-2.85,-0.175,0.15));
#8920=ORIENTED_EDGE('',*,*,#8594,.F.);
#8921=ORIENTED_EDGE('',*,*,#8922,.F.);
#8922=EDGE_CURVE('',#8916,#8588,#8923,.T.);
#8923=LINE('',#8917,#412);
#8924=PLANE('',#8925);
#8925=AXIS2_PLACEMENT_3D('',#8919,#35,#46);
#8926=ADVANCED_FACE('',(#8927),#8961,.T.);
#8927=FACE_BOUND('',#8928,.T.);
#8928=EDGE_LOOP('',(#8929,#8937,#8940,#8887,#8941,#8947,#8952,#8958));
#8929=ORIENTED_EDGE('',*,*,#8930,.F.);
#8930=EDGE_CURVE('',#8931,#8933,#8935,.T.);
#8931=VERTEX_POINT('',#8932);
#8932=CARTESIAN_POINT('',(-3.,0.225,0.15));
#8933=VERTEX_POINT('',#8934);
#8934=CARTESIAN_POINT('',(-3.19,0.225,0.15));
#8935=LINE('',#8936,#34);
#8936=CARTESIAN_POINT('',(-2.85,0.225,0.15));
#8937=ORIENTED_EDGE('',*,*,#8938,.T.);
#8938=EDGE_CURVE('',#8931,#8582,#8939,.T.);
#8939=LINE('',#8932,#412);
#8940=ORIENTED_EDGE('',*,*,#8581,.F.);
#8941=ORIENTED_EDGE('',*,*,#8942,.F.);
#8942=EDGE_CURVE('',#8943,#8889,#8945,.T.);
#8943=VERTEX_POINT('',#8944);
#8944=CARTESIAN_POINT('',(-4.17,0.225,1.5));
#8945=LINE('',#8946,#27);
#8946=CARTESIAN_POINT('',(-4.17,0.225,0.79));
#8947=ORIENTED_EDGE('',*,*,#8948,.T.);
#8948=EDGE_CURVE('',#8943,#8949,#8951,.T.);
#8949=VERTEX_POINT('',#8950);
#8950=CARTESIAN_POINT('',(-4.47,0.225,1.5));
#8951=LINE('',#8944,#34);
#8952=ORIENTED_EDGE('',*,*,#8953,.F.);
#8953=EDGE_CURVE('',#8954,#8949,#8956,.T.);
#8954=VERTEX_POINT('',#8955);
#8955=CARTESIAN_POINT('',(-4.47,0.225,1.43));
#8956=LINE('',#8957,#412);
#8957=CARTESIAN_POINT('',(-4.47,0.225,0.15));
#8958=ORIENTED_EDGE('',*,*,#8959,.T.);
#8959=EDGE_CURVE('',#8954,#8933,#8960,.T.);
#8960=CIRCLE('',#8892,1.28);
#8961=PLANE('',#8962);
#8962=AXIS2_PLACEMENT_3D('',#8936,#57,#35);
#8963=ADVANCED_FACE('',(#8964),#8971,.F.);
#8964=FACE_BOUND('',#8965,.F.);
#8965=EDGE_LOOP('',(#8966,#8937,#8586,#8921));
#8966=ORIENTED_EDGE('',*,*,#8967,.T.);
#8967=EDGE_CURVE('',#8916,#8931,#8968,.T.);
#8968=CIRCLE('',#8969,0.15);
#8969=AXIS2_PLACEMENT_3D('',#8970,#13,#57);
#8970=CARTESIAN_POINT('',(-3.,7.5E-02,0.15));
#8971=CYLINDRICAL_SURFACE('',#8972,0.15);
#8972=AXIS2_PLACEMENT_3D('',#8970,#13,#14);
#8973=ADVANCED_FACE('',(#8974),#8980,.T.);
#8974=FACE_BOUND('',#8975,.F.);
#8975=EDGE_LOOP('',(#8702,#8632,#8640,#8976));
#8976=ORIENTED_EDGE('',*,*,#8977,.F.);
#8977=EDGE_CURVE('',#8700,#8642,#8978,.T.);
#8978=LINE('',#8979,#56);
#8979=CARTESIAN_POINT('',(-1.21,-1.275,0.45));
#8980=PLANE('',#8981);
#8981=AXIS2_PLACEMENT_3D('',#8982,#13,#46);
#8982=CARTESIAN_POINT('',(-1.16,-1.275,0.45));
#8983=ADVANCED_FACE('',(#8984),#8993,.T.);
#8984=FACE_BOUND('',#8985,.T.);
#8985=EDGE_LOOP('',(#8986,#8987,#8988,#8989));
#8986=ORIENTED_EDGE('',*,*,#8677,.F.);
#8987=ORIENTED_EDGE('',*,*,#8671,.F.);
#8988=ORIENTED_EDGE('',*,*,#8667,.F.);
#8989=ORIENTED_EDGE('',*,*,#8990,.F.);
#8990=EDGE_CURVE('',#8678,#8664,#8991,.T.);
#8991=LINE('',#8992,#56);
#8992=CARTESIAN_POINT('',(-2.33,-1.275,0.45));
#8993=PLANE('',#8994);
#8994=AXIS2_PLACEMENT_3D('',#8675,#13,#57);
#8995=ADVANCED_FACE('',(#8996),#9009,.F.);
#8996=FACE_BOUND('',#8997,.F.);
#8997=EDGE_LOOP('',(#8998,#8682,#9005));
#8998=ORIENTED_EDGE('',*,*,#8999,.F.);
#8999=EDGE_CURVE('',#8678,#9000,#9002,.T.);
#9000=VERTEX_POINT('',#9001);
#9001=CARTESIAN_POINT('',(-2.286066017178,1.625,0.468198051534));
#9002=CIRCLE('',#9003,6.213203435596E-02);
#9003=AXIS2_PLACEMENT_3D('',#9004,#57,#14);
#9004=CARTESIAN_POINT('',(-2.33,1.625,0.512132034356));
#9005=ORIENTED_EDGE('',*,*,#9006,.T.);
#9006=EDGE_CURVE('',#8684,#9000,#9007,.T.);
#9007=LINE('',#9008,#3261);
#9008=CARTESIAN_POINT('',(-4.308391411372,1.625,2.490523445727));
#9009=PLANE('',#9010);
#9010=AXIS2_PLACEMENT_3D('',#9011,#57,#3340);
#9011=CARTESIAN_POINT('',(-2.248820584978,1.625,0.316147589625));
#9012=ADVANCED_FACE('',(#9013),#9031,.T.);
#9013=FACE_BOUND('',#9014,.T.);
#9014=EDGE_LOOP('',(#9015,#9021,#9005,#9022,#9027));
#9015=ORIENTED_EDGE('',*,*,#9016,.F.);
#9016=EDGE_CURVE('',#8688,#9017,#9019,.T.);
#9017=VERTEX_POINT('',#9018);
#9018=CARTESIAN_POINT('',(-1.813933982822,1.625,0.516066017178));
#9019=LINE('',#9020,#3246);
#9020=CARTESIAN_POINT('',(-2.073933982822,1.625,0.256066017178));
#9021=ORIENTED_EDGE('',*,*,#8687,.F.);
#9022=ORIENTED_EDGE('',*,*,#9023,.T.);
#9023=EDGE_CURVE('',#9000,#9024,#9026,.T.);
#9024=VERTEX_POINT('',#9025);
#9025=CARTESIAN_POINT('',(-2.026066017178,1.625,0.728198051534));
#9026=LINE('',#9001,#3246);
#9027=ORIENTED_EDGE('',*,*,#9028,.F.);
#9028=EDGE_CURVE('',#9017,#9024,#9029,.T.);
#9029=LINE('',#9030,#3261);
#9030=CARTESIAN_POINT('',(-4.048391411371,1.625,2.750523445727));
#9031=PLANE('',#9032);
#9032=AXIS2_PLACEMENT_3D('',#9008,#46,#3262);
#9033=ADVANCED_FACE('',(#9034),#9061,.T.);
#9034=FACE_BOUND('',#9035,.T.);
#9035=EDGE_LOOP('',(#9036,#9042,#9048,#9055,#9058,#9059));
#9036=ORIENTED_EDGE('',*,*,#9037,.F.);
#9037=EDGE_CURVE('',#9038,#9040,#9041,.T.);
#9038=VERTEX_POINT('',#9039);
#9039=CARTESIAN_POINT('',(-2.33,1.625,0.15));
#9040=VERTEX_POINT('',#9020);
#9041=CIRCLE('',#9003,0.362132034356);
#9042=ORIENTED_EDGE('',*,*,#9043,.F.);
#9043=EDGE_CURVE('',#9044,#9038,#9046,.T.);
#9044=VERTEX_POINT('',#9045);
#9045=CARTESIAN_POINT('',(-1.21,1.625,0.15));
#9046=LINE('',#9047,#34);
#9047=CARTESIAN_POINT('',(-2.785,1.625,0.15));
#9048=ORIENTED_EDGE('',*,*,#9049,.T.);
#9049=EDGE_CURVE('',#9044,#9050,#9052,.T.);
#9050=VERTEX_POINT('',#9051);
#9051=CARTESIAN_POINT('',(-1.466066017178,1.625,0.256066017178));
#9052=CIRCLE('',#9053,0.362132034356);
#9053=AXIS2_PLACEMENT_3D('',#9054,#46,#35);
#9054=CARTESIAN_POINT('',(-1.21,1.625,0.512132034356));
#9055=ORIENTED_EDGE('',*,*,#9056,.T.);
#9056=EDGE_CURVE('',#9050,#8692,#9057,.T.);
#9057=LINE('',#9051,#3261);
#9058=ORIENTED_EDGE('',*,*,#8691,.F.);
#9059=ORIENTED_EDGE('',*,*,#9060,.F.);
#9060=EDGE_CURVE('',#9040,#8688,#9019,.T.);
#9061=PLANE('',#9062);
#9062=AXIS2_PLACEMENT_3D('',#9063,#57,#14);
#9063=CARTESIAN_POINT('',(-2.38,1.625,3.31));
#9064=ADVANCED_FACE('',(#9065),#9086,.T.);
#9065=FACE_BOUND('',#9066,.F.);
#9066=EDGE_LOOP('',(#9067,#8694,#9071,#9077,#9082));
#9067=ORIENTED_EDGE('',*,*,#9068,.F.);
#9068=EDGE_CURVE('',#8692,#9069,#9057,.T.);
#9069=VERTEX_POINT('',#9070);
#9070=CARTESIAN_POINT('',(-1.726066017178,1.625,0.516066017178));
#9071=ORIENTED_EDGE('',*,*,#9072,.T.);
#9072=EDGE_CURVE('',#8696,#9073,#9075,.T.);
#9073=VERTEX_POINT('',#9074);
#9074=CARTESIAN_POINT('',(-1.253933982822,1.625,0.468198051534));
#9075=LINE('',#9076,#3246);
#9076=CARTESIAN_POINT('',(0.768391411372,1.625,2.490523445727));
#9077=ORIENTED_EDGE('',*,*,#9078,.T.);
#9078=EDGE_CURVE('',#9073,#9079,#9081,.T.);
#9079=VERTEX_POINT('',#9080);
#9080=CARTESIAN_POINT('',(-1.513933982822,1.625,0.728198051534));
#9081=LINE('',#9074,#3261);
#9082=ORIENTED_EDGE('',*,*,#9083,.F.);
#9083=EDGE_CURVE('',#9069,#9079,#9084,.T.);
#9084=LINE('',#9085,#3246);
#9085=CARTESIAN_POINT('',(0.508391411371,1.625,2.750523445727));
#9086=PLANE('',#9087);
#9087=AXIS2_PLACEMENT_3D('',#9076,#46,#1071);
#9088=ADVANCED_FACE('',(#9089),#9095,.F.);
#9089=FACE_BOUND('',#9090,.T.);
#9090=EDGE_LOOP('',(#9091,#9094,#9071));
#9091=ORIENTED_EDGE('',*,*,#9092,.F.);
#9092=EDGE_CURVE('',#8700,#9073,#9093,.T.);
#9093=CIRCLE('',#9053,6.213203435596E-02);
#9094=ORIENTED_EDGE('',*,*,#8699,.F.);
#9095=PLANE('',#9096);
#9096=AXIS2_PLACEMENT_3D('',#9097,#57,#3251);
#9097=CARTESIAN_POINT('',(-1.291179415022,1.625,0.316147589625));
#9098=ADVANCED_FACE('',(#9099),#9113,.F.);
#9099=FACE_BOUND('',#9100,.T.);
#9100=EDGE_LOOP('',(#9101,#9102,#9109));
#9101=ORIENTED_EDGE('',*,*,#8647,.F.);
#9102=ORIENTED_EDGE('',*,*,#9103,.T.);
#9103=EDGE_CURVE('',#8642,#9104,#9106,.T.);
#9104=VERTEX_POINT('',#9105);
#9105=CARTESIAN_POINT('',(-1.253933982822,1.125,0.468198051534));
#9106=CIRCLE('',#9107,6.213203435596E-02);
#9107=AXIS2_PLACEMENT_3D('',#9108,#46,#35);
#9108=CARTESIAN_POINT('',(-1.21,1.125,0.512132034356));
#9109=ORIENTED_EDGE('',*,*,#9110,.T.);
#9110=EDGE_CURVE('',#9104,#8648,#9111,.T.);
#9111=LINE('',#9112,#1070);
#9112=CARTESIAN_POINT('',(0.768391411372,1.125,2.490523445727));
#9113=PLANE('',#9114);
#9114=AXIS2_PLACEMENT_3D('',#9115,#46,#3251);
#9115=CARTESIAN_POINT('',(-1.291179415022,1.125,0.316147589625));
#9116=ADVANCED_FACE('',(#9117),#9134,.T.);
#9117=FACE_BOUND('',#9118,.F.);
#9118=EDGE_LOOP('',(#9119,#9109,#8650,#9124,#9130));
#9119=ORIENTED_EDGE('',*,*,#9120,.F.);
#9120=EDGE_CURVE('',#9104,#9121,#9123,.T.);
#9121=VERTEX_POINT('',#9122);
#9122=CARTESIAN_POINT('',(-1.513933982822,1.125,0.728198051534));
#9123=LINE('',#9105,#3261);
#9124=ORIENTED_EDGE('',*,*,#9125,.T.);
#9125=EDGE_CURVE('',#8652,#9126,#9128,.T.);
#9126=VERTEX_POINT('',#9127);
#9127=CARTESIAN_POINT('',(-1.726066017178,1.125,0.516066017178));
#9128=LINE('',#9129,#3261);
#9129=CARTESIAN_POINT('',(-1.466066017178,1.125,0.256066017178));
#9130=ORIENTED_EDGE('',*,*,#9131,.F.);
#9131=EDGE_CURVE('',#9121,#9126,#9132,.T.);
#9132=LINE('',#9133,#1070);
#9133=CARTESIAN_POINT('',(0.508391411371,1.125,2.750523445727));
#9134=PLANE('',#9135);
#9135=AXIS2_PLACEMENT_3D('',#9112,#57,#3247);
#9136=ADVANCED_FACE('',(#9137),#9164,.T.);
#9137=FACE_BOUND('',#9138,.T.);
#9138=EDGE_LOOP('',(#9139,#9147,#9154,#9157,#9158,#9161));
#9139=ORIENTED_EDGE('',*,*,#9140,.F.);
#9140=EDGE_CURVE('',#9141,#9143,#9145,.T.);
#9141=VERTEX_POINT('',#9142);
#9142=CARTESIAN_POINT('',(-2.33,1.125,0.15));
#9143=VERTEX_POINT('',#9144);
#9144=CARTESIAN_POINT('',(-1.21,1.125,0.15));
#9145=LINE('',#9146,#77);
#9146=CARTESIAN_POINT('',(-2.175,1.125,0.15));
#9147=ORIENTED_EDGE('',*,*,#9148,.T.);
#9148=EDGE_CURVE('',#9141,#9149,#9151,.T.);
#9149=VERTEX_POINT('',#9150);
#9150=CARTESIAN_POINT('',(-2.073933982822,1.125,0.256066017178));
#9151=CIRCLE('',#9152,0.362132034356);
#9152=AXIS2_PLACEMENT_3D('',#9153,#57,#14);
#9153=CARTESIAN_POINT('',(-2.33,1.125,0.512132034356));
#9154=ORIENTED_EDGE('',*,*,#9155,.T.);
#9155=EDGE_CURVE('',#9149,#8656,#9156,.T.);
#9156=LINE('',#9150,#3246);
#9157=ORIENTED_EDGE('',*,*,#8655,.F.);
#9158=ORIENTED_EDGE('',*,*,#9159,.F.);
#9159=EDGE_CURVE('',#9160,#8652,#9128,.T.);
#9160=VERTEX_POINT('',#9129);
#9161=ORIENTED_EDGE('',*,*,#9162,.F.);
#9162=EDGE_CURVE('',#9143,#9160,#9163,.T.);
#9163=CIRCLE('',#9107,0.362132034356);
#9164=PLANE('',#9165);
#9165=AXIS2_PLACEMENT_3D('',#9166,#46,#35);
#9166=CARTESIAN_POINT('',(-1.16,1.125,3.31));
#9167=ADVANCED_FACE('',(#9168),#9190,.T.);
#9168=FACE_BOUND('',#9169,.T.);
#9169=EDGE_LOOP('',(#9170,#9177,#9181,#9182,#9186));
#9170=ORIENTED_EDGE('',*,*,#9171,.F.);
#9171=EDGE_CURVE('',#9172,#9174,#9176,.T.);
#9172=VERTEX_POINT('',#9173);
#9173=CARTESIAN_POINT('',(-2.286066017178,1.125,0.468198051534));
#9174=VERTEX_POINT('',#9175);
#9175=CARTESIAN_POINT('',(-2.026066017178,1.125,0.728198051534));
#9176=LINE('',#9173,#3246);
#9177=ORIENTED_EDGE('',*,*,#9178,.T.);
#9178=EDGE_CURVE('',#9172,#8660,#9179,.T.);
#9179=LINE('',#9180,#822);
#9180=CARTESIAN_POINT('',(-4.308391411372,1.125,2.490523445727));
#9181=ORIENTED_EDGE('',*,*,#8659,.F.);
#9182=ORIENTED_EDGE('',*,*,#9183,.T.);
#9183=EDGE_CURVE('',#8656,#9184,#9156,.T.);
#9184=VERTEX_POINT('',#9185);
#9185=CARTESIAN_POINT('',(-1.813933982822,1.125,0.516066017178));
#9186=ORIENTED_EDGE('',*,*,#9187,.F.);
#9187=EDGE_CURVE('',#9174,#9184,#9188,.T.);
#9188=LINE('',#9189,#822);
#9189=CARTESIAN_POINT('',(-4.048391411371,1.125,2.750523445727));
#9190=PLANE('',#9191);
#9191=AXIS2_PLACEMENT_3D('',#9180,#57,#823);
#9192=ADVANCED_FACE('',(#9193),#9198,.F.);
#9193=FACE_BOUND('',#9194,.F.);
#9194=EDGE_LOOP('',(#8662,#9195,#9177));
#9195=ORIENTED_EDGE('',*,*,#9196,.T.);
#9196=EDGE_CURVE('',#8664,#9172,#9197,.T.);
#9197=CIRCLE('',#9152,6.213203435596E-02);
#9198=PLANE('',#9199);
#9199=AXIS2_PLACEMENT_3D('',#9200,#46,#3340);
#9200=CARTESIAN_POINT('',(-2.248820584978,1.125,0.316147589625));
#9201=ADVANCED_FACE('',(#9202,#9220),#9248,.T.);
#9202=FACE_BOUND('',#9203,.T.);
#9203=EDGE_LOOP('',(#9204,#8750,#9205,#8810,#9206,#8872,#9207,#8966,#9208,#9209,#9213,#3054,#9214,#9218));
#9204=ORIENTED_EDGE('',*,*,#8708,.T.);
#9205=ORIENTED_EDGE('',*,*,#8782,.T.);
#9206=ORIENTED_EDGE('',*,*,#8830,.T.);
#9207=ORIENTED_EDGE('',*,*,#8915,.T.);
#9208=ORIENTED_EDGE('',*,*,#8930,.T.);
#9209=ORIENTED_EDGE('',*,*,#9210,.T.);
#9210=EDGE_CURVE('',#8933,#8848,#9211,.T.);
#9211=LINE('',#9212,#95);
#9212=CARTESIAN_POINT('',(-3.19,-3.675,0.15));
#9213=ORIENTED_EDGE('',*,*,#8864,.T.);
#9214=ORIENTED_EDGE('',*,*,#9215,.F.);
#9215=EDGE_CURVE('',#9216,#3056,#9217,.T.);
#9216=VERTEX_POINT('',#9212);
#9217=LINE('',#9212,#77);
#9218=ORIENTED_EDGE('',*,*,#9219,.T.);
#9219=EDGE_CURVE('',#9216,#8709,#9211,.T.);
#9220=FACE_BOUND('',#9221,.T.);
#9221=EDGE_LOOP('',(#9222,#9230,#9232,#9233,#9237,#9243,#9245,#9246));
#9222=ORIENTED_EDGE('',*,*,#9223,.T.);
#9223=EDGE_CURVE('',#9224,#9226,#9228,.T.);
#9224=VERTEX_POINT('',#9225);
#9225=CARTESIAN_POINT('',(-2.38,1.625,0.15));
#9226=VERTEX_POINT('',#9227);
#9227=CARTESIAN_POINT('',(-2.38,1.125,0.15));
#9228=LINE('',#9229,#56);
#9229=CARTESIAN_POINT('',(-2.38,-1.275,0.15));
#9230=ORIENTED_EDGE('',*,*,#9231,.T.);
#9231=EDGE_CURVE('',#9226,#9141,#9145,.T.);
#9232=ORIENTED_EDGE('',*,*,#9140,.T.);
#9233=ORIENTED_EDGE('',*,*,#9234,.T.);
#9234=EDGE_CURVE('',#9143,#9235,#9145,.T.);
#9235=VERTEX_POINT('',#9236);
#9236=CARTESIAN_POINT('',(-1.16,1.125,0.15));
#9237=ORIENTED_EDGE('',*,*,#9238,.T.);
#9238=EDGE_CURVE('',#9235,#9239,#9241,.T.);
#9239=VERTEX_POINT('',#9240);
#9240=CARTESIAN_POINT('',(-1.16,1.625,0.15));
#9241=LINE('',#9242,#95);
#9242=CARTESIAN_POINT('',(-1.16,-1.025,0.15));
#9243=ORIENTED_EDGE('',*,*,#9244,.T.);
#9244=EDGE_CURVE('',#9239,#9044,#9046,.T.);
#9245=ORIENTED_EDGE('',*,*,#9043,.T.);
#9246=ORIENTED_EDGE('',*,*,#9247,.T.);
#9247=EDGE_CURVE('',#9038,#9224,#9046,.T.);
#9248=PLANE('',#9249);
#9249=AXIS2_PLACEMENT_3D('',#9212,#28,#14);
#9250=ADVANCED_FACE('',(#9251),#9263,.T.);
#9251=FACE_BOUND('',#9252,.T.);
#9252=EDGE_LOOP('',(#9253,#9258,#9261,#9262));
#9253=ORIENTED_EDGE('',*,*,#9254,.F.);
#9254=EDGE_CURVE('',#9255,#9216,#9257,.T.);
#9255=VERTEX_POINT('',#9256);
#9256=CARTESIAN_POINT('',(-4.47,-3.675,1.43));
#9257=CIRCLE('',#8776,1.28);
#9258=ORIENTED_EDGE('',*,*,#9259,.T.);
#9259=EDGE_CURVE('',#9255,#8717,#9260,.T.);
#9260=LINE('',#9256,#95);
#9261=ORIENTED_EDGE('',*,*,#8716,.T.);
#9262=ORIENTED_EDGE('',*,*,#9219,.F.);
#9263=CYLINDRICAL_SURFACE('',#8776,1.28);
#9264=ADVANCED_FACE('',(#9265),#9365,.T.);
#9265=FACE_BOUND('',#9266,.T.);
#9266=EDGE_LOOP('',(#9267,#9268,#9269,#9274,#9279,#9285,#9292,#9298,#9305,#9311,#9315,#9319,#9323,#9327,#9329,#9330,#9337,#9343,#9348,#9352,#9356,#9360));
#9267=ORIENTED_EDGE('',*,*,#8723,.F.);
#9268=ORIENTED_EDGE('',*,*,#9259,.F.);
#9269=ORIENTED_EDGE('',*,*,#9270,.F.);
#9270=EDGE_CURVE('',#9271,#9255,#9273,.T.);
#9271=VERTEX_POINT('',#9272);
#9272=CARTESIAN_POINT('',(-4.47,-3.675,2.03));
#9273=LINE('',#9272,#27);
#9274=ORIENTED_EDGE('',*,*,#9275,.T.);
#9275=EDGE_CURVE('',#9271,#9276,#9278,.T.);
#9276=VERTEX_POINT('',#9277);
#9277=CARTESIAN_POINT('',(-4.47,2.975,2.03));
#9278=LINE('',#9272,#95);
#9279=ORIENTED_EDGE('',*,*,#9280,.T.);
#9280=EDGE_CURVE('',#9276,#9281,#9283,.T.);
#9281=VERTEX_POINT('',#9282);
#9282=CARTESIAN_POINT('',(-4.47,2.975,1.88));
#9283=LINE('',#9284,#27);
#9284=CARTESIAN_POINT('',(-4.47,2.975,2.193491911619));
#9285=ORIENTED_EDGE('',*,*,#9286,.T.);
#9286=EDGE_CURVE('',#9281,#9287,#9289,.T.);
#9287=VERTEX_POINT('',#9288);
#9288=CARTESIAN_POINT('',(-4.47,3.125,1.73));
#9289=CIRCLE('',#9290,0.15);
#9290=AXIS2_PLACEMENT_3D('',#9291,#14,#57);
#9291=CARTESIAN_POINT('',(-4.47,3.125,1.88));
#9292=ORIENTED_EDGE('',*,*,#9293,.T.);
#9293=EDGE_CURVE('',#9287,#9294,#9296,.T.);
#9294=VERTEX_POINT('',#9295);
#9295=CARTESIAN_POINT('',(-4.47,3.505,1.73));
#9296=LINE('',#9297,#95);
#9297=CARTESIAN_POINT('',(-4.47,-1.E-02,1.73));
#9298=ORIENTED_EDGE('',*,*,#9299,.T.);
#9299=EDGE_CURVE('',#9294,#9300,#9302,.T.);
#9300=VERTEX_POINT('',#9301);
#9301=CARTESIAN_POINT('',(-4.47,3.655,1.58));
#9302=CIRCLE('',#9303,0.15);
#9303=AXIS2_PLACEMENT_3D('',#9304,#35,#57);
#9304=CARTESIAN_POINT('',(-4.47,3.505,1.58));
#9305=ORIENTED_EDGE('',*,*,#9306,.T.);
#9306=EDGE_CURVE('',#9300,#9307,#9309,.T.);
#9307=VERTEX_POINT('',#9308);
#9308=CARTESIAN_POINT('',(-4.47,3.655,1.43));
#9309=LINE('',#9310,#27);
#9310=CARTESIAN_POINT('',(-4.47,3.655,2.03));
#9311=ORIENTED_EDGE('',*,*,#9312,.F.);
#9312=EDGE_CURVE('',#9313,#9307,#9260,.T.);
#9313=VERTEX_POINT('',#9314);
#9314=CARTESIAN_POINT('',(-4.47,2.555,1.43));
#9315=ORIENTED_EDGE('',*,*,#9316,.F.);
#9316=EDGE_CURVE('',#9317,#9313,#9260,.T.);
#9317=VERTEX_POINT('',#9318);
#9318=CARTESIAN_POINT('',(-4.47,2.405,1.43));
#9319=ORIENTED_EDGE('',*,*,#9320,.F.);
#9320=EDGE_CURVE('',#9321,#9317,#9260,.T.);
#9321=VERTEX_POINT('',#9322);
#9322=CARTESIAN_POINT('',(-4.47,2.295,1.43));
#9323=ORIENTED_EDGE('',*,*,#9324,.F.);
#9324=EDGE_CURVE('',#9325,#9321,#9260,.T.);
#9325=VERTEX_POINT('',#9326);
#9326=CARTESIAN_POINT('',(-4.47,2.145,1.43));
#9327=ORIENTED_EDGE('',*,*,#9328,.F.);
#9328=EDGE_CURVE('',#8954,#9325,#9260,.T.);
#9329=ORIENTED_EDGE('',*,*,#8953,.T.);
#9330=ORIENTED_EDGE('',*,*,#9331,.T.);
#9331=EDGE_CURVE('',#8949,#9332,#9334,.T.);
#9332=VERTEX_POINT('',#9333);
#9333=CARTESIAN_POINT('',(-4.47,7.5E-02,1.65));
#9334=CIRCLE('',#9335,0.15);
#9335=AXIS2_PLACEMENT_3D('',#9336,#14,#46);
#9336=CARTESIAN_POINT('',(-4.47,7.5E-02,1.5));
#9337=ORIENTED_EDGE('',*,*,#9338,.T.);
#9338=EDGE_CURVE('',#9332,#9339,#9341,.T.);
#9339=VERTEX_POINT('',#9340);
#9340=CARTESIAN_POINT('',(-4.47,-2.5E-02,1.65));
#9341=LINE('',#9342,#56);
#9342=CARTESIAN_POINT('',(-4.47,0.225,1.65));
#9343=ORIENTED_EDGE('',*,*,#9344,.T.);
#9344=EDGE_CURVE('',#9339,#9345,#9347,.T.);
#9345=VERTEX_POINT('',#9346);
#9346=CARTESIAN_POINT('',(-4.47,-0.175,1.65));
#9347=LINE('',#9346,#56);
#9348=ORIENTED_EDGE('',*,*,#9349,.T.);
#9349=EDGE_CURVE('',#9345,#9350,#9347,.T.);
#9350=VERTEX_POINT('',#9351);
#9351=CARTESIAN_POINT('',(-4.47,-1.475,1.65));
#9352=ORIENTED_EDGE('',*,*,#9353,.T.);
#9353=EDGE_CURVE('',#9350,#9354,#9347,.T.);
#9354=VERTEX_POINT('',#9355);
#9355=CARTESIAN_POINT('',(-4.47,-1.625,1.65));
#9356=ORIENTED_EDGE('',*,*,#9357,.T.);
#9357=EDGE_CURVE('',#9354,#9358,#9341,.T.);
#9358=VERTEX_POINT('',#9359);
#9359=CARTESIAN_POINT('',(-4.47,-1.725,1.65));
#9360=ORIENTED_EDGE('',*,*,#9361,.F.);
#9361=EDGE_CURVE('',#8724,#9358,#9362,.T.);
#9362=CIRCLE('',#9363,0.15);
#9363=AXIS2_PLACEMENT_3D('',#9364,#35,#57);
#9364=CARTESIAN_POINT('',(-4.47,-1.725,1.5));
#9365=PLANE('',#9366);
#9366=AXIS2_PLACEMENT_3D('',#9272,#35,#28);
#9367=ADVANCED_FACE('',(#9368),#9382,.F.);
#9368=FACE_BOUND('',#9369,.T.);
#9369=EDGE_LOOP('',(#9370,#9371,#9376,#9381));
#9370=ORIENTED_EDGE('',*,*,#9361,.T.);
#9371=ORIENTED_EDGE('',*,*,#9372,.T.);
#9372=EDGE_CURVE('',#9358,#9373,#9375,.T.);
#9373=VERTEX_POINT('',#9374);
#9374=CARTESIAN_POINT('',(-4.17,-1.725,1.65));
#9375=LINE('',#9359,#77);
#9376=ORIENTED_EDGE('',*,*,#9377,.F.);
#9377=EDGE_CURVE('',#8729,#9373,#9378,.T.);
#9378=CIRCLE('',#9379,0.15);
#9379=AXIS2_PLACEMENT_3D('',#9380,#35,#57);
#9380=CARTESIAN_POINT('',(-4.17,-1.725,1.5));
#9381=ORIENTED_EDGE('',*,*,#8728,.F.);
#9382=CYLINDRICAL_SURFACE('',#9383,0.15);
#9383=AXIS2_PLACEMENT_3D('',#9364,#14,#57);
#9384=ADVANCED_FACE('',(#9385),#9470,.T.);
#9385=FACE_BOUND('',#9386,.T.);
#9386=EDGE_LOOP('',(#9387,#9395,#9401,#8771,#9404,#9405,#9406,#9412,#9417,#9421,#9425,#9429,#9434,#8894,#8898,#9435,#9439,#9443,#9447,#9452,#9459,#9465));
#9387=ORIENTED_EDGE('',*,*,#9388,.T.);
#9388=EDGE_CURVE('',#9389,#9391,#9393,.T.);
#9389=VERTEX_POINT('',#9390);
#9390=CARTESIAN_POINT('',(-4.17,2.975,1.88));
#9391=VERTEX_POINT('',#9392);
#9392=CARTESIAN_POINT('',(-4.17,2.975,2.03));
#9393=LINE('',#9394,#412);
#9394=CARTESIAN_POINT('',(-4.17,2.975,1.893491911619));
#9395=ORIENTED_EDGE('',*,*,#9396,.F.);
#9396=EDGE_CURVE('',#9397,#9391,#9399,.T.);
#9397=VERTEX_POINT('',#9398);
#9398=CARTESIAN_POINT('',(-4.17,-3.375,2.03));
#9399=LINE('',#9400,#95);
#9400=CARTESIAN_POINT('',(-4.17,-3.675,2.03));
#9401=ORIENTED_EDGE('',*,*,#9402,.T.);
#9402=EDGE_CURVE('',#9397,#8766,#9403,.T.);
#9403=LINE('',#9398,#27);
#9404=ORIENTED_EDGE('',*,*,#8733,.T.);
#9405=ORIENTED_EDGE('',*,*,#9377,.T.);
#9406=ORIENTED_EDGE('',*,*,#9407,.F.);
#9407=EDGE_CURVE('',#9408,#9373,#9410,.T.);
#9408=VERTEX_POINT('',#9409);
#9409=CARTESIAN_POINT('',(-4.17,-1.625,1.65));
#9410=LINE('',#9411,#56);
#9411=CARTESIAN_POINT('',(-4.17,-2.271186440678,1.65));
#9412=ORIENTED_EDGE('',*,*,#9413,.T.);
#9413=EDGE_CURVE('',#9408,#9414,#9416,.T.);
#9414=VERTEX_POINT('',#9415);
#9415=CARTESIAN_POINT('',(-4.17,-1.475,1.65));
#9416=LINE('',#9415,#95);
#9417=ORIENTED_EDGE('',*,*,#9418,.T.);
#9418=EDGE_CURVE('',#9414,#9419,#9416,.T.);
#9419=VERTEX_POINT('',#9420);
#9420=CARTESIAN_POINT('',(-4.17,-0.175,1.65));
#9421=ORIENTED_EDGE('',*,*,#9422,.T.);
#9422=EDGE_CURVE('',#9419,#9423,#9416,.T.);
#9423=VERTEX_POINT('',#9424);
#9424=CARTESIAN_POINT('',(-4.17,-2.5E-02,1.65));
#9425=ORIENTED_EDGE('',*,*,#9426,.F.);
#9426=EDGE_CURVE('',#9427,#9423,#9410,.T.);
#9427=VERTEX_POINT('',#9428);
#9428=CARTESIAN_POINT('',(-4.17,7.5E-02,1.65));
#9429=ORIENTED_EDGE('',*,*,#9430,.F.);
#9430=EDGE_CURVE('',#8943,#9427,#9431,.T.);
#9431=CIRCLE('',#9432,0.15);
#9432=AXIS2_PLACEMENT_3D('',#9433,#14,#46);
#9433=CARTESIAN_POINT('',(-4.17,7.5E-02,1.5));
#9434=ORIENTED_EDGE('',*,*,#8942,.T.);
#9435=ORIENTED_EDGE('',*,*,#9436,.T.);
#9436=EDGE_CURVE('',#8900,#9437,#8773,.T.);
#9437=VERTEX_POINT('',#9438);
#9438=CARTESIAN_POINT('',(-4.17,2.405,1.43));
#9439=ORIENTED_EDGE('',*,*,#9440,.T.);
#9440=EDGE_CURVE('',#9437,#9441,#8773,.T.);
#9441=VERTEX_POINT('',#9442);
#9442=CARTESIAN_POINT('',(-4.17,2.555,1.43));
#9443=ORIENTED_EDGE('',*,*,#9444,.T.);
#9444=EDGE_CURVE('',#9441,#9445,#8773,.T.);
#9445=VERTEX_POINT('',#9446);
#9446=CARTESIAN_POINT('',(-4.17,3.655,1.43));
#9447=ORIENTED_EDGE('',*,*,#9448,.T.);
#9448=EDGE_CURVE('',#9445,#9449,#9451,.T.);
#9449=VERTEX_POINT('',#9450);
#9450=CARTESIAN_POINT('',(-4.17,3.655,1.58));
#9451=LINE('',#9446,#412);
#9452=ORIENTED_EDGE('',*,*,#9453,.F.);
#9453=EDGE_CURVE('',#9454,#9449,#9456,.T.);
#9454=VERTEX_POINT('',#9455);
#9455=CARTESIAN_POINT('',(-4.17,3.505,1.73));
#9456=CIRCLE('',#9457,0.15);
#9457=AXIS2_PLACEMENT_3D('',#9458,#35,#57);
#9458=CARTESIAN_POINT('',(-4.17,3.505,1.58));
#9459=ORIENTED_EDGE('',*,*,#9460,.T.);
#9460=EDGE_CURVE('',#9454,#9461,#9463,.T.);
#9461=VERTEX_POINT('',#9462);
#9462=CARTESIAN_POINT('',(-4.17,3.125,1.73));
#9463=LINE('',#9464,#56);
#9464=CARTESIAN_POINT('',(-4.17,-1.E-02,1.73));
#9465=ORIENTED_EDGE('',*,*,#9466,.F.);
#9466=EDGE_CURVE('',#9389,#9461,#9467,.T.);
#9467=CIRCLE('',#9468,0.15);
#9468=AXIS2_PLACEMENT_3D('',#9469,#14,#57);
#9469=CARTESIAN_POINT('',(-4.17,3.125,1.88));
#9470=PLANE('',#9471);
#9471=AXIS2_PLACEMENT_3D('',#8774,#14,#13);
#9472=ADVANCED_FACE('',(#9473),#9489,.F.);
#9473=FACE_BOUND('',#9474,.F.);
#9474=EDGE_LOOP('',(#9475,#9483,#9484,#9485));
#9475=ORIENTED_EDGE('',*,*,#9476,.F.);
#9476=EDGE_CURVE('',#8766,#9477,#9479,.T.);
#9477=VERTEX_POINT('',#9478);
#9478=CARTESIAN_POINT('',(-4.27,-3.675,1.43));
#9479=LINE('',#9480,#9481);
#9480=CARTESIAN_POINT('',(-4.22,-3.525,1.43));
#9481=VECTOR('',#9482,1.);
#9482=DIRECTION('',(-0.316227766017,-0.948683298051,2.1E-16));
#9483=ORIENTED_EDGE('',*,*,#8765,.T.);
#9484=ORIENTED_EDGE('',*,*,#8797,.T.);
#9485=ORIENTED_EDGE('',*,*,#9486,.F.);
#9486=EDGE_CURVE('',#9477,#8798,#9487,.T.);
#9487=CIRCLE('',#9488,1.08);
#9488=AXIS2_PLACEMENT_3D('',#8777,#57,#35);
#9489=CONICAL_SURFACE('',#8769,0.98,0.321750554397);
#9490=ADVANCED_FACE('',(#9491),#9519,.F.);
#9491=FACE_BOUND('',#9492,.F.);
#9492=EDGE_LOOP('',(#3737,#9214,#9253,#9269,#9493,#9500,#3750,#9503,#9508,#9514,#9517,#9518));
#9493=ORIENTED_EDGE('',*,*,#9494,.F.);
#9494=EDGE_CURVE('',#9495,#9271,#9497,.T.);
#9495=VERTEX_POINT('',#9496);
#9496=CARTESIAN_POINT('',(-3.19,-3.675,3.31));
#9497=CIRCLE('',#9498,1.28);
#9498=AXIS2_PLACEMENT_3D('',#9499,#57,#14);
#9499=CARTESIAN_POINT('',(-3.19,-3.675,2.03));
#9500=ORIENTED_EDGE('',*,*,#9501,.F.);
#9501=EDGE_CURVE('',#3747,#9495,#9502,.T.);
#9502=LINE('',#3748,#34);
#9503=ORIENTED_EDGE('',*,*,#9504,.T.);
#9504=EDGE_CURVE('',#3752,#9505,#9507,.T.);
#9505=VERTEX_POINT('',#9506);
#9506=CARTESIAN_POINT('',(-3.19,-3.675,3.11));
#9507=LINE('',#3753,#34);
#9508=ORIENTED_EDGE('',*,*,#9509,.T.);
#9509=EDGE_CURVE('',#9505,#9510,#9512,.T.);
#9510=VERTEX_POINT('',#9511);
#9511=CARTESIAN_POINT('',(-4.27,-3.675,2.03));
#9512=CIRCLE('',#9513,1.08);
#9513=AXIS2_PLACEMENT_3D('',#9499,#57,#13);
#9514=ORIENTED_EDGE('',*,*,#9515,.T.);
#9515=EDGE_CURVE('',#9510,#9477,#9516,.T.);
#9516=LINE('',#9511,#27);
#9517=ORIENTED_EDGE('',*,*,#9486,.T.);
#9518=ORIENTED_EDGE('',*,*,#8802,.T.);
#9519=PLANE('',#9520);
#9520=AXIS2_PLACEMENT_3D('',#9521,#46,#13);
#9521=CARTESIAN_POINT('',(-2.453655549214,-3.675,1.73));
#9522=ADVANCED_FACE('',(#9523),#9263,.T.);
#9523=FACE_BOUND('',#9524,.T.);
#9524=EDGE_LOOP('',(#9525,#9526,#9527,#9528,#9529,#9530));
#9525=ORIENTED_EDGE('',*,*,#8845,.T.);
#9526=ORIENTED_EDGE('',*,*,#9210,.F.);
#9527=ORIENTED_EDGE('',*,*,#8959,.F.);
#9528=ORIENTED_EDGE('',*,*,#9328,.T.);
#9529=ORIENTED_EDGE('',*,*,#9324,.T.);
#9530=ORIENTED_EDGE('',*,*,#9531,.F.);
#9531=EDGE_CURVE('',#8846,#9321,#9532,.T.);
#9532=B_SPLINE_CURVE_WITH_KNOTS('',7,(#8847,#9533,#9534,#9535,#9536,#9537,#9538,#9322),.UNSPECIFIED.,.F.,.F.,(8,8),(0.,1.),.PIECEWISE_BEZIER_KNOTS.);
#9533=CARTESIAN_POINT('',(-4.465159237328,2.145,1.313717502063));
#9534=CARTESIAN_POINT('',(-4.468082778014,2.153841912671,1.347458489014));
#9535=CARTESIAN_POINT('',(-4.469626810703,2.171550979019,1.378377193633));
#9536=CARTESIAN_POINT('',(-4.469998380916,2.196943803181,1.403662977068));
#9537=CARTESIAN_POINT('',(-4.470000293829,2.227811290334,1.421227336866));
#9538=CARTESIAN_POINT('',(-4.47,2.261415285246,1.43));
#9539=ADVANCED_FACE('',(#9540),#9547,.F.);
#9540=FACE_BOUND('',#9541,.T.);
#9541=EDGE_LOOP('',(#9542,#9543,#8902,#9546));
#9542=ORIENTED_EDGE('',*,*,#9531,.T.);
#9543=ORIENTED_EDGE('',*,*,#9544,.T.);
#9544=EDGE_CURVE('',#9321,#8900,#9545,.T.);
#9545=LINE('',#9322,#77);
#9546=ORIENTED_EDGE('',*,*,#8854,.F.);
#9547=CYLINDRICAL_SURFACE('',#9548,0.15);
#9548=AXIS2_PLACEMENT_3D('',#9549,#14,#57);
#9549=CARTESIAN_POINT('',(-4.47,2.295,1.28));
#9550=ADVANCED_FACE('',(#9551),#9559,.F.);
#9551=FACE_BOUND('',#9552,.T.);
#9552=EDGE_LOOP('',(#9553,#9554,#9557,#9558));
#9553=ORIENTED_EDGE('',*,*,#9430,.T.);
#9554=ORIENTED_EDGE('',*,*,#9555,.T.);
#9555=EDGE_CURVE('',#9427,#9332,#9556,.T.);
#9556=LINE('',#9428,#34);
#9557=ORIENTED_EDGE('',*,*,#9331,.F.);
#9558=ORIENTED_EDGE('',*,*,#8948,.F.);
#9559=CYLINDRICAL_SURFACE('',#9560,0.15);
#9560=AXIS2_PLACEMENT_3D('',#9433,#35,#46);
#9561=ADVANCED_FACE('',(#9562),#9570,.F.);
#9562=FACE_BOUND('',#9563,.T.);
#9563=EDGE_LOOP('',(#9564,#9565,#9569,#8976));
#9564=ORIENTED_EDGE('',*,*,#9092,.T.);
#9565=ORIENTED_EDGE('',*,*,#9566,.T.);
#9566=EDGE_CURVE('',#9073,#9104,#9567,.T.);
#9567=LINE('',#9568,#56);
#9568=CARTESIAN_POINT('',(-1.253933982822,-1.275,0.468198051534));
#9569=ORIENTED_EDGE('',*,*,#9103,.F.);
#9570=CYLINDRICAL_SURFACE('',#9571,6.213203435596E-02);
#9571=AXIS2_PLACEMENT_3D('',#9572,#57,#35);
#9572=CARTESIAN_POINT('',(-1.21,-1.275,0.512132034356));
#9573=ADVANCED_FACE('',(#9574),#9582,.F.);
#9574=FACE_BOUND('',#9575,.F.);
#9575=EDGE_LOOP('',(#9576,#9577,#9581,#8989));
#9576=ORIENTED_EDGE('',*,*,#8999,.T.);
#9577=ORIENTED_EDGE('',*,*,#9578,.T.);
#9578=EDGE_CURVE('',#9000,#9172,#9579,.T.);
#9579=LINE('',#9580,#56);
#9580=CARTESIAN_POINT('',(-2.286066017178,-1.275,0.468198051534));
#9581=ORIENTED_EDGE('',*,*,#9196,.F.);
#9582=CYLINDRICAL_SURFACE('',#9583,6.213203435596E-02);
#9583=AXIS2_PLACEMENT_3D('',#9584,#57,#14);
#9584=CARTESIAN_POINT('',(-2.33,-1.275,0.512132034356));
#9585=ADVANCED_FACE('',(#9586),#9600,.T.);
#9586=FACE_BOUND('',#9587,.T.);
#9587=EDGE_LOOP('',(#9588,#9589,#9593,#9594,#9595,#9599));
#9588=ORIENTED_EDGE('',*,*,#9155,.F.);
#9589=ORIENTED_EDGE('',*,*,#9590,.F.);
#9590=EDGE_CURVE('',#9040,#9149,#9591,.T.);
#9591=LINE('',#9592,#56);
#9592=CARTESIAN_POINT('',(-2.073933982822,-1.275,0.256066017178));
#9593=ORIENTED_EDGE('',*,*,#9060,.T.);
#9594=ORIENTED_EDGE('',*,*,#9016,.T.);
#9595=ORIENTED_EDGE('',*,*,#9596,.F.);
#9596=EDGE_CURVE('',#9184,#9017,#9597,.T.);
#9597=LINE('',#9598,#95);
#9598=CARTESIAN_POINT('',(-1.813933982822,-1.275,0.516066017178));
#9599=ORIENTED_EDGE('',*,*,#9183,.F.);
#9600=PLANE('',#9601);
#9601=AXIS2_PLACEMENT_3D('',#9592,#823,#46);
#9602=ADVANCED_FACE('',(#9603),#9621,.F.);
#9603=FACE_BOUND('',#9604,.F.);
#9604=EDGE_LOOP('',(#9605,#9612,#9618,#9027));
#9605=ORIENTED_EDGE('',*,*,#9606,.T.);
#9606=EDGE_CURVE('',#9017,#9607,#9609,.T.);
#9607=VERTEX_POINT('',#9608);
#9608=CARTESIAN_POINT('',(-1.77,1.625,0.534264068712));
#9609=CIRCLE('',#9610,6.213203435594E-02);
#9610=AXIS2_PLACEMENT_3D('',#9611,#46,#14);
#9611=CARTESIAN_POINT('',(-1.77,1.625,0.472132034356));
#9612=ORIENTED_EDGE('',*,*,#9613,.F.);
#9613=EDGE_CURVE('',#9614,#9607,#9616,.T.);
#9614=VERTEX_POINT('',#9615);
#9615=CARTESIAN_POINT('',(-1.77,1.625,0.834264068712));
#9616=LINE('',#9617,#27);
#9617=CARTESIAN_POINT('',(-1.77,1.625,3.694264068712));
#9618=ORIENTED_EDGE('',*,*,#9619,.F.);
#9619=EDGE_CURVE('',#9024,#9614,#9620,.T.);
#9620=CIRCLE('',#9610,0.362132034356);
#9621=PLANE('',#9622);
#9622=AXIS2_PLACEMENT_3D('',#9623,#57,#3340);
#9623=CARTESIAN_POINT('',(-1.851179415022,1.625,0.668116479087));
#9624=ADVANCED_FACE('',(#9625),#9633,.T.);
#9625=FACE_BOUND('',#9626,.T.);
#9626=EDGE_LOOP('',(#9627,#9577,#9628,#9629));
#9627=ORIENTED_EDGE('',*,*,#9023,.F.);
#9628=ORIENTED_EDGE('',*,*,#9171,.T.);
#9629=ORIENTED_EDGE('',*,*,#9630,.F.);
#9630=EDGE_CURVE('',#9024,#9174,#9631,.T.);
#9631=LINE('',#9632,#56);
#9632=CARTESIAN_POINT('',(-2.026066017178,-1.275,0.728198051534));
#9633=PLANE('',#9634);
#9634=AXIS2_PLACEMENT_3D('',#9580,#3262,#57);
#9635=ADVANCED_FACE('',(#9636),#9645,.T.);
#9636=FACE_BOUND('',#9637,.T.);
#9637=EDGE_LOOP('',(#9638,#9639,#9643,#9644));
#9638=ORIENTED_EDGE('',*,*,#9148,.F.);
#9639=ORIENTED_EDGE('',*,*,#9640,.T.);
#9640=EDGE_CURVE('',#9141,#9038,#9641,.T.);
#9641=LINE('',#9642,#95);
#9642=CARTESIAN_POINT('',(-2.33,-1.275,0.15));
#9643=ORIENTED_EDGE('',*,*,#9037,.T.);
#9644=ORIENTED_EDGE('',*,*,#9590,.T.);
#9645=CYLINDRICAL_SURFACE('',#9583,0.362132034356);
#9646=ADVANCED_FACE('',(#9647),#9659,.T.);
#9647=FACE_BOUND('',#9648,.F.);
#9648=EDGE_LOOP('',(#9158,#9649,#9055,#9653,#9654,#9658));
#9649=ORIENTED_EDGE('',*,*,#9650,.F.);
#9650=EDGE_CURVE('',#9050,#9160,#9651,.T.);
#9651=LINE('',#9652,#56);
#9652=CARTESIAN_POINT('',(-1.466066017178,-1.275,0.256066017178));
#9653=ORIENTED_EDGE('',*,*,#9068,.T.);
#9654=ORIENTED_EDGE('',*,*,#9655,.F.);
#9655=EDGE_CURVE('',#9126,#9069,#9656,.T.);
#9656=LINE('',#9657,#95);
#9657=CARTESIAN_POINT('',(-1.726066017178,-1.275,0.516066017178));
#9658=ORIENTED_EDGE('',*,*,#9125,.F.);
#9659=PLANE('',#9660);
#9660=AXIS2_PLACEMENT_3D('',#9652,#1071,#57);
#9661=ADVANCED_FACE('',(#9662),#9669,.T.);
#9662=FACE_BOUND('',#9663,.F.);
#9663=EDGE_LOOP('',(#9161,#9664,#9048,#9668));
#9664=ORIENTED_EDGE('',*,*,#9665,.T.);
#9665=EDGE_CURVE('',#9143,#9044,#9666,.T.);
#9666=LINE('',#9667,#95);
#9667=CARTESIAN_POINT('',(-1.21,-1.275,0.15));
#9668=ORIENTED_EDGE('',*,*,#9650,.T.);
#9669=CYLINDRICAL_SURFACE('',#9571,0.362132034356);
#9670=ADVANCED_FACE('',(#9671),#9680,.F.);
#9671=FACE_BOUND('',#9672,.T.);
#9672=EDGE_LOOP('',(#9673,#9612,#9677,#9082));
#9673=ORIENTED_EDGE('',*,*,#9674,.T.);
#9674=EDGE_CURVE('',#9069,#9607,#9675,.T.);
#9675=CIRCLE('',#9676,6.213203435594E-02);
#9676=AXIS2_PLACEMENT_3D('',#9611,#57,#35);
#9677=ORIENTED_EDGE('',*,*,#9678,.F.);
#9678=EDGE_CURVE('',#9079,#9614,#9679,.T.);
#9679=CIRCLE('',#9676,0.362132034356);
#9680=PLANE('',#9681);
#9681=AXIS2_PLACEMENT_3D('',#9682,#57,#3251);
#9682=CARTESIAN_POINT('',(-1.688820584978,1.625,0.668116479087));
#9683=ADVANCED_FACE('',(#9684),#9692,.T.);
#9684=FACE_BOUND('',#9685,.F.);
#9685=EDGE_LOOP('',(#9686,#9565,#9687,#9688));
#9686=ORIENTED_EDGE('',*,*,#9078,.F.);
#9687=ORIENTED_EDGE('',*,*,#9120,.T.);
#9688=ORIENTED_EDGE('',*,*,#9689,.F.);
#9689=EDGE_CURVE('',#9079,#9121,#9690,.T.);
#9690=LINE('',#9691,#56);
#9691=CARTESIAN_POINT('',(-1.513933982822,-1.275,0.728198051534));
#9692=PLANE('',#9693);
#9693=AXIS2_PLACEMENT_3D('',#9568,#3247,#46);
#9694=ADVANCED_FACE('',(#9695),#9713,.F.);
#9695=FACE_BOUND('',#9696,.T.);
#9696=EDGE_LOOP('',(#9697,#9704,#9710,#9130));
#9697=ORIENTED_EDGE('',*,*,#9698,.T.);
#9698=EDGE_CURVE('',#9121,#9699,#9701,.T.);
#9699=VERTEX_POINT('',#9700);
#9700=CARTESIAN_POINT('',(-1.77,1.125,0.834264068712));
#9701=CIRCLE('',#9702,0.362132034356);
#9702=AXIS2_PLACEMENT_3D('',#9703,#57,#35);
#9703=CARTESIAN_POINT('',(-1.77,1.125,0.472132034356));
#9704=ORIENTED_EDGE('',*,*,#9705,.T.);
#9705=EDGE_CURVE('',#9699,#9706,#9708,.T.);
#9706=VERTEX_POINT('',#9707);
#9707=CARTESIAN_POINT('',(-1.77,1.125,0.534264068712));
#9708=LINE('',#9709,#27);
#9709=CARTESIAN_POINT('',(-1.77,1.125,3.694264068712));
#9710=ORIENTED_EDGE('',*,*,#9711,.F.);
#9711=EDGE_CURVE('',#9126,#9706,#9712,.T.);
#9712=CIRCLE('',#9702,6.213203435594E-02);
#9713=PLANE('',#9714);
#9714=AXIS2_PLACEMENT_3D('',#9715,#46,#3251);
#9715=CARTESIAN_POINT('',(-1.688820584978,1.125,0.668116479087));
#9716=ADVANCED_FACE('',(#9717),#9726,.F.);
#9717=FACE_BOUND('',#9718,.F.);
#9718=EDGE_LOOP('',(#9719,#9704,#9723,#9186));
#9719=ORIENTED_EDGE('',*,*,#9720,.T.);
#9720=EDGE_CURVE('',#9174,#9699,#9721,.T.);
#9721=CIRCLE('',#9722,0.362132034356);
#9722=AXIS2_PLACEMENT_3D('',#9703,#46,#14);
#9723=ORIENTED_EDGE('',*,*,#9724,.F.);
#9724=EDGE_CURVE('',#9184,#9706,#9725,.T.);
#9725=CIRCLE('',#9722,6.213203435594E-02);
#9726=PLANE('',#9727);
#9727=AXIS2_PLACEMENT_3D('',#9728,#46,#3340);
#9728=CARTESIAN_POINT('',(-1.851179415022,1.125,0.668116479087));
#9729=ADVANCED_FACE('',(#9730),#9736,.T.);
#9730=FACE_BOUND('',#9731,.T.);
#9731=EDGE_LOOP('',(#9732,#9733,#9734,#9735));
#9732=ORIENTED_EDGE('',*,*,#9231,.F.);
#9733=ORIENTED_EDGE('',*,*,#9223,.F.);
#9734=ORIENTED_EDGE('',*,*,#9247,.F.);
#9735=ORIENTED_EDGE('',*,*,#9640,.F.);
#9736=PLANE('',#9737);
#9737=AXIS2_PLACEMENT_3D('',#9229,#28,#46);
#9738=ADVANCED_FACE('',(#9739),#9742,.T.);
#9739=FACE_BOUND('',#9740,.F.);
#9740=EDGE_LOOP('',(#9233,#9237,#9243,#9741));
#9741=ORIENTED_EDGE('',*,*,#9665,.F.);
#9742=PLANE('',#9743);
#9743=AXIS2_PLACEMENT_3D('',#9744,#28,#57);
#9744=CARTESIAN_POINT('',(-1.16,-1.275,0.15));
#9745=ADVANCED_FACE('',(#9746),#9751,.F.);
#9746=FACE_BOUND('',#9747,.F.);
#9747=EDGE_LOOP('',(#9406,#9748,#9356,#9371));
#9748=ORIENTED_EDGE('',*,*,#9749,.F.);
#9749=EDGE_CURVE('',#9354,#9408,#9750,.T.);
#9750=LINE('',#9355,#77);
#9751=PLANE('',#9752);
#9752=AXIS2_PLACEMENT_3D('',#9753,#13,#46);
#9753=CARTESIAN_POINT('',(-3.202372881356,-0.867372881356,1.65));
#9754=ADVANCED_FACE('',(#9755),#9862,.T.);
#9755=FACE_BOUND('',#9756,.T.);
#9756=EDGE_LOOP('',(#9757,#9764,#9769,#9770,#9771,#9772,#9779,#9784,#9791,#9797,#9804,#9811,#9816,#9823,#9828,#9835,#9840,#9847,#9852,#9859));
#9757=ORIENTED_EDGE('',*,*,#9758,.F.);
#9758=EDGE_CURVE('',#9759,#9761,#9763,.T.);
#9759=VERTEX_POINT('',#9760);
#9760=CARTESIAN_POINT('',(-4.47,-1.475,1.5));
#9761=VERTEX_POINT('',#9762);
#9762=CARTESIAN_POINT('',(-4.47,-1.475,-1.E-15));
#9763=LINE('',#9351,#27);
#9764=ORIENTED_EDGE('',*,*,#9765,.F.);
#9765=EDGE_CURVE('',#9354,#9759,#9766,.T.);
#9766=CIRCLE('',#9767,0.15);
#9767=AXIS2_PLACEMENT_3D('',#9768,#35,#57);
#9768=CARTESIAN_POINT('',(-4.47,-1.625,1.5));
#9769=ORIENTED_EDGE('',*,*,#9353,.F.);
#9770=ORIENTED_EDGE('',*,*,#9349,.F.);
#9771=ORIENTED_EDGE('',*,*,#9344,.F.);
#9772=ORIENTED_EDGE('',*,*,#9773,.T.);
#9773=EDGE_CURVE('',#9339,#9774,#9776,.T.);
#9774=VERTEX_POINT('',#9775);
#9775=CARTESIAN_POINT('',(-4.47,-0.175,1.5));
#9776=CIRCLE('',#9777,0.15);
#9777=AXIS2_PLACEMENT_3D('',#9778,#14,#46);
#9778=CARTESIAN_POINT('',(-4.47,-2.5E-02,1.5));
#9779=ORIENTED_EDGE('',*,*,#9780,.T.);
#9780=EDGE_CURVE('',#9774,#9781,#9783,.T.);
#9781=VERTEX_POINT('',#9782);
#9782=CARTESIAN_POINT('',(-4.47,-0.175,0.15));
#9783=LINE('',#9346,#27);
#9784=ORIENTED_EDGE('',*,*,#9785,.T.);
#9785=EDGE_CURVE('',#9781,#9786,#9788,.T.);
#9786=VERTEX_POINT('',#9787);
#9787=CARTESIAN_POINT('',(-4.47,-0.325,-2.E-15));
#9788=CIRCLE('',#9789,0.15);
#9789=AXIS2_PLACEMENT_3D('',#9790,#35,#28);
#9790=CARTESIAN_POINT('',(-4.47,-0.325,0.15));
#9791=ORIENTED_EDGE('',*,*,#9792,.T.);
#9792=EDGE_CURVE('',#9786,#9793,#9795,.T.);
#9793=VERTEX_POINT('',#9794);
#9794=CARTESIAN_POINT('',(-4.47,-0.435,-2.E-15));
#9795=LINE('',#9796,#56);
#9796=CARTESIAN_POINT('',(-4.47,0.225,-8.7E-16));
#9797=ORIENTED_EDGE('',*,*,#9798,.T.);
#9798=EDGE_CURVE('',#9793,#9799,#9801,.T.);
#9799=VERTEX_POINT('',#9800);
#9800=CARTESIAN_POINT('',(-4.47,-0.555,4.970562748477E-02));
#9801=CIRCLE('',#9802,0.169705627485);
#9802=AXIS2_PLACEMENT_3D('',#9803,#35,#28);
#9803=CARTESIAN_POINT('',(-4.47,-0.435,0.169705627485));
#9804=ORIENTED_EDGE('',*,*,#9805,.F.);
#9805=EDGE_CURVE('',#9806,#9799,#9808,.T.);
#9806=VERTEX_POINT('',#9807);
#9807=CARTESIAN_POINT('',(-4.47,-0.675,-2.E-15));
#9808=CIRCLE('',#9809,7.029437251523E-02);
#9809=AXIS2_PLACEMENT_3D('',#9810,#35,#28);
#9810=CARTESIAN_POINT('',(-4.47,-0.604705627485,-6.8E-16));
#9811=ORIENTED_EDGE('',*,*,#9812,.F.);
#9812=EDGE_CURVE('',#9813,#9806,#9815,.T.);
#9813=VERTEX_POINT('',#9814);
#9814=CARTESIAN_POINT('',(-4.47,-0.675,-0.43));
#9815=LINE('',#9814,#412);
#9816=ORIENTED_EDGE('',*,*,#9817,.T.);
#9817=EDGE_CURVE('',#9813,#9818,#9820,.T.);
#9818=VERTEX_POINT('',#9819);
#9819=CARTESIAN_POINT('',(-4.47,-0.712669238725,-0.63));
#9820=CIRCLE('',#9821,0.549771815781);
#9821=AXIS2_PLACEMENT_3D('',#9822,#35,#28);
#9822=CARTESIAN_POINT('',(-4.47,-1.224771815781,-0.43));
#9823=ORIENTED_EDGE('',*,*,#9824,.F.);
#9824=EDGE_CURVE('',#9825,#9818,#9827,.T.);
#9825=VERTEX_POINT('',#9826);
#9826=CARTESIAN_POINT('',(-4.47,-0.798589524956,-0.85));
#9827=LINE('',#9826,#4079);
#9828=ORIENTED_EDGE('',*,*,#9829,.T.);
#9829=EDGE_CURVE('',#9825,#9830,#9832,.T.);
#9830=VERTEX_POINT('',#9831);
#9831=CARTESIAN_POINT('',(-4.47,-0.945,-0.95));
#9832=CIRCLE('',#9833,0.157180136013);
#9833=AXIS2_PLACEMENT_3D('',#9834,#35,#28);
#9834=CARTESIAN_POINT('',(-4.47,-0.945,-0.792819863987));
#9835=ORIENTED_EDGE('',*,*,#9836,.F.);
#9836=EDGE_CURVE('',#9837,#9830,#9839,.T.);
#9837=VERTEX_POINT('',#9838);
#9838=CARTESIAN_POINT('',(-4.47,-1.205,-0.95));
#9839=LINE('',#9838,#95);
#9840=ORIENTED_EDGE('',*,*,#9841,.T.);
#9841=EDGE_CURVE('',#9837,#9842,#9844,.T.);
#9842=VERTEX_POINT('',#9843);
#9843=CARTESIAN_POINT('',(-4.47,-1.351410475044,-0.85));
#9844=CIRCLE('',#9845,0.157180136013);
#9845=AXIS2_PLACEMENT_3D('',#9846,#35,#28);
#9846=CARTESIAN_POINT('',(-4.47,-1.205,-0.792819863987));
#9847=ORIENTED_EDGE('',*,*,#9848,.F.);
#9848=EDGE_CURVE('',#9849,#9842,#9851,.T.);
#9849=VERTEX_POINT('',#9850);
#9850=CARTESIAN_POINT('',(-4.47,-1.437330761275,-0.63));
#9851=LINE('',#9850,#4105);
#9852=ORIENTED_EDGE('',*,*,#9853,.T.);
#9853=EDGE_CURVE('',#9849,#9854,#9856,.T.);
#9854=VERTEX_POINT('',#9855);
#9855=CARTESIAN_POINT('',(-4.47,-1.475,-0.43));
#9856=CIRCLE('',#9857,0.549771815781);
#9857=AXIS2_PLACEMENT_3D('',#9858,#35,#28);
#9858=CARTESIAN_POINT('',(-4.47,-0.925228184219,-0.43));
#9859=ORIENTED_EDGE('',*,*,#9860,.F.);
#9860=EDGE_CURVE('',#9761,#9854,#9861,.T.);
#9861=LINE('',#9762,#27);
#9862=PLANE('',#9863);
#9863=AXIS2_PLACEMENT_3D('',#9346,#35,#57);
#9864=ADVANCED_FACE('',(#9865),#9913,.T.);
#9865=FACE_BOUND('',#9866,.T.);
#9866=EDGE_LOOP('',(#9867,#9874,#9493,#9875,#9880,#9887,#9898,#9904));
#9867=ORIENTED_EDGE('',*,*,#9868,.T.);
#9868=EDGE_CURVE('',#9869,#9276,#9871,.T.);
#9869=VERTEX_POINT('',#9870);
#9870=CARTESIAN_POINT('',(-4.273127988316,2.975,2.712080465141));
#9871=CIRCLE('',#9872,1.28);
#9872=AXIS2_PLACEMENT_3D('',#9873,#57,#14);
#9873=CARTESIAN_POINT('',(-3.19,2.975,2.03));
#9874=ORIENTED_EDGE('',*,*,#9275,.F.);
#9875=ORIENTED_EDGE('',*,*,#9876,.T.);
#9876=EDGE_CURVE('',#9495,#9877,#9879,.T.);
#9877=VERTEX_POINT('',#9878);
#9878=CARTESIAN_POINT('',(-3.19,3.655,3.31));
#9879=LINE('',#9496,#95);
#9880=ORIENTED_EDGE('',*,*,#9881,.T.);
#9881=EDGE_CURVE('',#9877,#9882,#9884,.T.);
#9882=VERTEX_POINT('',#9883);
#9883=CARTESIAN_POINT('',(-4.080897987335,3.655,2.94907604482));
#9884=CIRCLE('',#9885,1.28);
#9885=AXIS2_PLACEMENT_3D('',#9886,#57,#14);
#9886=CARTESIAN_POINT('',(-3.19,3.655,2.03));
#9887=ORIENTED_EDGE('',*,*,#9888,.F.);
#9888=EDGE_CURVE('',#9889,#9882,#9891,.T.);
#9889=VERTEX_POINT('',#9890);
#9890=CARTESIAN_POINT('',(-4.185170055005,3.505,2.835007181099));
#9891=B_SPLINE_CURVE_WITH_KNOTS('',7,(#9890,#9892,#9893,#9894,#9895,#9896,#9897,#9883),.UNSPECIFIED.,.F.,.F.,(8,8),(0.,1.),.PIECEWISE_BEZIER_KNOTS.);
#9892=CARTESIAN_POINT('',(-4.185170055005,3.538610316574,2.835007181099));
#9893=CARTESIAN_POINT('',(-4.179551230761,3.572246840026,2.841954045556));
#9894=CARTESIAN_POINT('',(-4.168294238929,3.603135959511,2.855865985796));
#9895=CARTESIAN_POINT('',(-4.151754459514,3.628515289517,2.875702018517));
#9896=CARTESIAN_POINT('',(-4.130545949646,3.646184748977,2.899370584482));
#9897=CARTESIAN_POINT('',(-4.106229442044,3.655,2.924521230076));
#9898=ORIENTED_EDGE('',*,*,#9899,.T.);
#9899=EDGE_CURVE('',#9889,#9900,#9902,.T.);
#9900=VERTEX_POINT('',#9901);
#9901=CARTESIAN_POINT('',(-4.185170055005,3.125,2.835007181099));
#9902=LINE('',#9903,#56);
#9903=CARTESIAN_POINT('',(-4.185170055005,-3.675,2.835007181099));
#9904=ORIENTED_EDGE('',*,*,#9905,.F.);
#9905=EDGE_CURVE('',#9869,#9900,#9906,.T.);
#9906=B_SPLINE_CURVE_WITH_KNOTS('',7,(#9870,#9907,#9908,#9909,#9910,#9911,#9912,#9901),.UNSPECIFIED.,.F.,.F.,(8,8),(0.,1.),.PIECEWISE_BEZIER_KNOTS.);
#9907=CARTESIAN_POINT('',(-4.255116155438,2.975,2.740682838773));
#9908=CARTESIAN_POINT('',(-4.236180983071,2.98384877242,2.768796596856));
#9909=CARTESIAN_POINT('',(-4.217836773447,3.001560595135,2.794005959789));
#9910=CARTESIAN_POINT('',(-4.202018150951,3.026942094834,2.81417829515));
#9911=CARTESIAN_POINT('',(-4.190782914416,3.057802094131,2.828068460405));
#9912=CARTESIAN_POINT('',(-4.185170055005,3.091408514908,2.835007181099));
#9913=CYLINDRICAL_SURFACE('',#9498,1.28);
#9914=ADVANCED_FACE('',(#9915),#9934,.T.);
#9915=FACE_BOUND('',#9916,.T.);
#9916=EDGE_LOOP('',(#9917,#9918,#9921,#9922,#9923,#9931));
#9917=ORIENTED_EDGE('',*,*,#9388,.F.);
#9918=ORIENTED_EDGE('',*,*,#9919,.F.);
#9919=EDGE_CURVE('',#9281,#9389,#9920,.T.);
#9920=LINE('',#9282,#77);
#9921=ORIENTED_EDGE('',*,*,#9280,.F.);
#9922=ORIENTED_EDGE('',*,*,#9868,.F.);
#9923=ORIENTED_EDGE('',*,*,#9924,.T.);
#9924=EDGE_CURVE('',#9869,#9925,#9927,.T.);
#9925=VERTEX_POINT('',#9926);
#9926=CARTESIAN_POINT('',(-4.008762854678,2.975,2.568541909047));
#9927=LINE('',#9928,#9929);
#9928=CARTESIAN_POINT('',(-4.256743869044,2.975,2.703184614199));
#9929=VECTOR('',#9930,1.);
#9930=DIRECTION('',(0.878817112662,-1.6E-16,-0.47715876026));
#9931=ORIENTED_EDGE('',*,*,#9932,.T.);
#9932=EDGE_CURVE('',#9925,#9391,#9933,.T.);
#9933=CIRCLE('',#9872,0.98);
#9934=PLANE('',#9935);
#9935=AXIS2_PLACEMENT_3D('',#9936,#46,#13);
#9936=CARTESIAN_POINT('',(-4.364787062796,2.975,2.356983823237));
#9937=ADVANCED_FACE('',(#9938),#9943,.F.);
#9938=FACE_BOUND('',#9939,.F.);
#9939=EDGE_LOOP('',(#9285,#9940,#9465,#9918));
#9940=ORIENTED_EDGE('',*,*,#9941,.T.);
#9941=EDGE_CURVE('',#9287,#9461,#9942,.T.);
#9942=LINE('',#9288,#77);
#9943=CYLINDRICAL_SURFACE('',#9290,0.15);
#9944=ADVANCED_FACE('',(#9945),#9751,.F.);
#9945=FACE_BOUND('',#9946,.F.);
#9946=EDGE_LOOP('',(#9425,#9554,#9337,#9947));
#9947=ORIENTED_EDGE('',*,*,#9948,.F.);
#9948=EDGE_CURVE('',#9423,#9339,#9949,.T.);
#9949=LINE('',#9424,#34);
#9950=ADVANCED_FACE('',(#9951),#9958,.T.);
#9951=FACE_BOUND('',#9952,.T.);
#9952=EDGE_LOOP('',(#9953,#9954,#9957,#9940));
#9953=ORIENTED_EDGE('',*,*,#9460,.F.);
#9954=ORIENTED_EDGE('',*,*,#9955,.F.);
#9955=EDGE_CURVE('',#9294,#9454,#9956,.T.);
#9956=LINE('',#9295,#77);
#9957=ORIENTED_EDGE('',*,*,#9293,.F.);
#9958=PLANE('',#9959);
#9959=AXIS2_PLACEMENT_3D('',#9960,#13,#14);
#9960=CARTESIAN_POINT('',(-5.833541772067,3.655,1.73));
#9961=ADVANCED_FACE('',(#9962),#9967,.T.);
#9962=FACE_BOUND('',#9963,.F.);
#9963=EDGE_LOOP('',(#9298,#9964,#9452,#9954));
#9964=ORIENTED_EDGE('',*,*,#9965,.T.);
#9965=EDGE_CURVE('',#9300,#9449,#9966,.T.);
#9966=LINE('',#9301,#77);
#9967=CYLINDRICAL_SURFACE('',#9968,0.15);
#9968=AXIS2_PLACEMENT_3D('',#9304,#14,#13);
#9969=ADVANCED_FACE('',(#9970),#9977,.T.);
#9970=FACE_BOUND('',#9971,.T.);
#9971=EDGE_LOOP('',(#9972,#9964,#9973,#9974));
#9972=ORIENTED_EDGE('',*,*,#9306,.F.);
#9973=ORIENTED_EDGE('',*,*,#9448,.F.);
#9974=ORIENTED_EDGE('',*,*,#9975,.T.);
#9975=EDGE_CURVE('',#9445,#9307,#9976,.T.);
#9976=LINE('',#4234,#34);
#9977=PLANE('',#9978);
#9978=AXIS2_PLACEMENT_3D('',#9979,#46,#13);
#9979=CARTESIAN_POINT('',(-2.453655549214,3.655,1.73));
#9980=ADVANCED_FACE('',(#9981),#10055,.T.);
#9981=FACE_BOUND('',#9982,.T.);
#9982=EDGE_LOOP('',(#9983,#9990,#9995,#9996,#9997,#10002,#10008,#10015,#10020,#10027,#10032,#10039,#10044,#10051));
#9983=ORIENTED_EDGE('',*,*,#9984,.F.);
#9984=EDGE_CURVE('',#9985,#9987,#9989,.T.);
#9985=VERTEX_POINT('',#9986);
#9986=CARTESIAN_POINT('',(-4.47,2.555,1.28));
#9987=VERTEX_POINT('',#9988);
#9988=CARTESIAN_POINT('',(-4.47,2.555,9.999999999999E-02));
#9989=LINE('',#9314,#27);
#9990=ORIENTED_EDGE('',*,*,#9991,.F.);
#9991=EDGE_CURVE('',#9317,#9985,#9992,.T.);
#9992=CIRCLE('',#9993,0.15);
#9993=AXIS2_PLACEMENT_3D('',#9994,#35,#57);
#9994=CARTESIAN_POINT('',(-4.47,2.405,1.28));
#9995=ORIENTED_EDGE('',*,*,#9316,.T.);
#9996=ORIENTED_EDGE('',*,*,#9312,.T.);
#9997=ORIENTED_EDGE('',*,*,#9998,.T.);
#9998=EDGE_CURVE('',#9307,#9999,#10001,.T.);
#9999=VERTEX_POINT('',#10000);
#10000=CARTESIAN_POINT('',(-4.47,3.655,9.999999999999E-02));
#10001=LINE('',#9308,#27);
#10002=ORIENTED_EDGE('',*,*,#10003,.T.);
#10003=EDGE_CURVE('',#9999,#10004,#10006,.T.);
#10004=VERTEX_POINT('',#10005);
#10005=CARTESIAN_POINT('',(-4.47,3.655,-0.33));
#10006=LINE('',#10007,#27);
#10007=CARTESIAN_POINT('',(-4.47,3.655,1.E-01));
#10008=ORIENTED_EDGE('',*,*,#10009,.T.);
#10009=EDGE_CURVE('',#10004,#10010,#10012,.T.);
#10010=VERTEX_POINT('',#10011);
#10011=CARTESIAN_POINT('',(-4.47,3.603108762905,-0.53));
#10012=CIRCLE('',#10013,0.411367148648);
#10013=AXIS2_PLACEMENT_3D('',#10014,#35,#28);
#10014=CARTESIAN_POINT('',(-4.47,3.243632851352,-0.33));
#10015=ORIENTED_EDGE('',*,*,#10016,.T.);
#10016=EDGE_CURVE('',#10010,#10017,#10019,.T.);
#10017=VERTEX_POINT('',#10018);
#10018=CARTESIAN_POINT('',(-4.47,3.425071798694,-0.85));
#10019=LINE('',#10011,#4277);
#10020=ORIENTED_EDGE('',*,*,#10021,.T.);
#10021=EDGE_CURVE('',#10017,#10022,#10024,.T.);
#10022=VERTEX_POINT('',#10023);
#10023=CARTESIAN_POINT('',(-4.47,3.255,-0.95));
#10024=CIRCLE('',#10025,0.194622083554);
#10025=AXIS2_PLACEMENT_3D('',#10026,#35,#28);
#10026=CARTESIAN_POINT('',(-4.47,3.255,-0.755377916446));
#10027=ORIENTED_EDGE('',*,*,#10028,.F.);
#10028=EDGE_CURVE('',#10029,#10022,#10031,.T.);
#10029=VERTEX_POINT('',#10030);
#10030=CARTESIAN_POINT('',(-4.47,2.955,-0.95));
#10031=LINE('',#10030,#95);
#10032=ORIENTED_EDGE('',*,*,#10033,.T.);
#10033=EDGE_CURVE('',#10029,#10034,#10036,.T.);
#10034=VERTEX_POINT('',#10035);
#10035=CARTESIAN_POINT('',(-4.47,2.784928201306,-0.85));
#10036=CIRCLE('',#10037,0.194622083554);
#10037=AXIS2_PLACEMENT_3D('',#10038,#35,#28);
#10038=CARTESIAN_POINT('',(-4.47,2.955,-0.755377916446));
#10039=ORIENTED_EDGE('',*,*,#10040,.T.);
#10040=EDGE_CURVE('',#10034,#10041,#10043,.T.);
#10041=VERTEX_POINT('',#10042);
#10042=CARTESIAN_POINT('',(-4.47,2.606891237095,-0.53));
#10043=LINE('',#10035,#4303);
#10044=ORIENTED_EDGE('',*,*,#10045,.T.);
#10045=EDGE_CURVE('',#10041,#10046,#10048,.T.);
#10046=VERTEX_POINT('',#10047);
#10047=CARTESIAN_POINT('',(-4.47,2.555,-0.33));
#10048=CIRCLE('',#10049,0.411367148648);
#10049=AXIS2_PLACEMENT_3D('',#10050,#35,#28);
#10050=CARTESIAN_POINT('',(-4.47,2.966367148648,-0.33));
#10051=ORIENTED_EDGE('',*,*,#10052,.F.);
#10052=EDGE_CURVE('',#9987,#10046,#10053,.T.);
#10053=LINE('',#10054,#27);
#10054=CARTESIAN_POINT('',(-4.47,2.555,1.E-01));
#10055=PLANE('',#10056);
#10056=AXIS2_PLACEMENT_3D('',#9308,#35,#57);
#10057=ADVANCED_FACE('',(#10058),#10063,.F.);
#10058=FACE_BOUND('',#10059,.F.);
#10059=EDGE_LOOP('',(#9319,#9543,#9435,#10060));
#10060=ORIENTED_EDGE('',*,*,#10061,.F.);
#10061=EDGE_CURVE('',#9317,#9437,#10062,.T.);
#10062=LINE('',#9318,#77);
#10063=PLANE('',#10064);
#10064=AXIS2_PLACEMENT_3D('',#10065,#13,#46);
#10065=CARTESIAN_POINT('',(-2.235,2.9,1.43));
#10066=ADVANCED_FACE('',(#10067),#10123,.F.);
#10067=FACE_BOUND('',#10068,.F.);
#10068=EDGE_LOOP('',(#9931,#9395,#10069,#10076,#10082,#10087,#10102,#10108));
#10069=ORIENTED_EDGE('',*,*,#10070,.F.);
#10070=EDGE_CURVE('',#10071,#9397,#10073,.T.);
#10071=VERTEX_POINT('',#10072);
#10072=CARTESIAN_POINT('',(-3.19,-3.375,3.01));
#10073=CIRCLE('',#10074,0.98);
#10074=AXIS2_PLACEMENT_3D('',#10075,#57,#13);
#10075=CARTESIAN_POINT('',(-3.19,-3.375,2.03));
#10076=ORIENTED_EDGE('',*,*,#10077,.T.);
#10077=EDGE_CURVE('',#10071,#10078,#10080,.T.);
#10078=VERTEX_POINT('',#10079);
#10079=CARTESIAN_POINT('',(-3.19,3.655,3.01));
#10080=LINE('',#10081,#95);
#10081=CARTESIAN_POINT('',(-3.19,-3.675,3.01));
#10082=ORIENTED_EDGE('',*,*,#10083,.T.);
#10083=EDGE_CURVE('',#10078,#10084,#10086,.T.);
#10084=VERTEX_POINT('',#10085);
#10085=CARTESIAN_POINT('',(-3.800333397571,3.655,2.796741901691));
#10086=CIRCLE('',#9885,0.98);
#10087=ORIENTED_EDGE('',*,*,#10088,.F.);
#10088=EDGE_CURVE('',#10089,#10084,#10091,.T.);
#10089=VERTEX_POINT('',#10090);
#10090=CARTESIAN_POINT('',(-3.915643659444,3.505,2.688666288426));
#10091=B_SPLINE_CURVE_WITH_KNOTS('',6,(#10090,#10092,#10093,#10094,#10095,#10096,#10097,#10098,#10099,#10100,#10101,#10085),.UNSPECIFIED.,.F.,.F.,(7,5,7),(0.,0.489172392885,1.),.UNSPECIFIED.);
#10092=CARTESIAN_POINT('',(-3.915643659444,3.524251727571,2.688666288426));
#10093=CARTESIAN_POINT('',(-3.913592143555,3.543504289991,2.690926293188));
#10094=CARTESIAN_POINT('',(-3.909489248468,3.562182567974,2.695446954512));
#10095=CARTESIAN_POINT('',(-3.903373111985,3.579713111031,2.702077607346));
#10096=CARTESIAN_POINT('',(-3.895323842392,3.595583319391,2.710523688846));
#10097=CARTESIAN_POINT('',(-3.875253184795,3.623801592332,2.730742365205));
#10098=CARTESIAN_POINT('',(-3.863070351446,3.635964343899,2.742646758959));
#10099=CARTESIAN_POINT('',(-3.849144686429,3.645409951894,2.755704716179));
#10100=CARTESIAN_POINT('',(-3.833754873446,3.651806994787,2.76940127666));
#10101=CARTESIAN_POINT('',(-3.817311363674,3.655,2.783227289131));
#10102=ORIENTED_EDGE('',*,*,#10103,.T.);
#10103=EDGE_CURVE('',#10089,#10104,#10106,.T.);
#10104=VERTEX_POINT('',#10105);
#10105=CARTESIAN_POINT('',(-3.915643659444,3.125,2.688666288426));
#10106=LINE('',#10107,#56);
#10107=CARTESIAN_POINT('',(-3.915643659444,-3.675,2.688666288426));
#10108=ORIENTED_EDGE('',*,*,#10109,.F.);
#10109=EDGE_CURVE('',#9925,#10104,#10110,.T.);
#10110=B_SPLINE_CURVE_WITH_KNOTS('',7,(#9926,#10111,#10112,#10113,#10114,#10115,#10116,#10117,#10118,#10119,#10120,#10121,#10122,#10105),.UNSPECIFIED.,.F.,.F.,(8,6,8),(0.,0.340094019063,1.),.UNSPECIFIED.);
#10111=CARTESIAN_POINT('',(-4.002450126516,2.975,2.578139355864));
#10112=CARTESIAN_POINT('',(-3.995999367444,2.976019042305,2.587660979203));
#10113=CARTESIAN_POINT('',(-3.989469843279,2.978057004764,2.597014791523));
#10114=CARTESIAN_POINT('',(-3.982929154365,2.981098833127,2.606113891833));
#10115=CARTESIAN_POINT('',(-3.976450742765,2.985115288964,2.61487773092));
#10116=CARTESIAN_POINT('',(-3.970111399441,2.990063697583,2.62323337656));
#10117=CARTESIAN_POINT('',(-3.952108648261,3.007191309478,2.646413443664));
#10118=CARTESIAN_POINT('',(-3.941042550017,3.021795914339,2.659933926057));
#10119=CARTESIAN_POINT('',(-3.931357439303,3.039299196767,2.671205661826));
#10120=CARTESIAN_POINT('',(-3.923619688924,3.059120909188,2.679879018284));
#10121=CARTESIAN_POINT('',(-3.918302036757,3.08054538924,2.6857376238));
#10122=CARTESIAN_POINT('',(-3.915643659444,3.102773805504,2.688666288426));
#10123=CYLINDRICAL_SURFACE('',#9498,0.98);
#10124=ADVANCED_FACE('',(#10125),#10132,.F.);
#10125=FACE_BOUND('',#10126,.F.);
#10126=EDGE_LOOP('',(#10127,#9401,#10130,#10131));
#10127=ORIENTED_EDGE('',*,*,#10128,.F.);
#10128=EDGE_CURVE('',#9397,#9510,#10129,.T.);
#10129=LINE('',#9398,#9481);
#10130=ORIENTED_EDGE('',*,*,#9476,.T.);
#10131=ORIENTED_EDGE('',*,*,#9515,.F.);
#10132=PLANE('',#10133);
#10133=AXIS2_PLACEMENT_3D('',#10134,#10135,#28);
#10134=CARTESIAN_POINT('',(-4.22,-3.525,2.03));
#10135=DIRECTION('',(-0.948683298051,0.316227766017,-7.E-17));
#10136=ADVANCED_FACE('',(#10137),#10210,.T.);
#10137=FACE_BOUND('',#10138,.T.);
#10138=EDGE_LOOP('',(#10139,#10146,#10150,#10157,#10163,#10170,#10176,#10183,#10189,#10196,#10201,#10203,#10204,#10205));
#10139=ORIENTED_EDGE('',*,*,#10140,.T.);
#10140=EDGE_CURVE('',#10141,#10143,#10145,.T.);
#10141=VERTEX_POINT('',#10142);
#10142=CARTESIAN_POINT('',(-4.17,2.555,1.28));
#10143=VERTEX_POINT('',#10144);
#10144=CARTESIAN_POINT('',(-4.17,2.555,9.999999999999E-02));
#10145=LINE('',#9442,#27);
#10146=ORIENTED_EDGE('',*,*,#10147,.T.);
#10147=EDGE_CURVE('',#10143,#10148,#10145,.T.);
#10148=VERTEX_POINT('',#10149);
#10149=CARTESIAN_POINT('',(-4.17,2.555,-0.33));
#10150=ORIENTED_EDGE('',*,*,#10151,.F.);
#10151=EDGE_CURVE('',#10152,#10148,#10154,.T.);
#10152=VERTEX_POINT('',#10153);
#10153=CARTESIAN_POINT('',(-4.17,2.606891237095,-0.53));
#10154=CIRCLE('',#10155,0.411367148648);
#10155=AXIS2_PLACEMENT_3D('',#10156,#35,#28);
#10156=CARTESIAN_POINT('',(-4.17,2.966367148648,-0.33));
#10157=ORIENTED_EDGE('',*,*,#10158,.T.);
#10158=EDGE_CURVE('',#10152,#10159,#10161,.T.);
#10159=VERTEX_POINT('',#10160);
#10160=CARTESIAN_POINT('',(-4.17,2.784928201306,-0.85));
#10161=LINE('',#10162,#4423);
#10162=CARTESIAN_POINT('',(-4.17,2.273419085163,6.937602896576E-02));
#10163=ORIENTED_EDGE('',*,*,#10164,.F.);
#10164=EDGE_CURVE('',#10165,#10159,#10167,.T.);
#10165=VERTEX_POINT('',#10166);
#10166=CARTESIAN_POINT('',(-4.17,2.955,-0.95));
#10167=CIRCLE('',#10168,0.194622083554);
#10168=AXIS2_PLACEMENT_3D('',#10169,#35,#28);
#10169=CARTESIAN_POINT('',(-4.17,2.955,-0.755377916446));
#10170=ORIENTED_EDGE('',*,*,#10171,.F.);
#10171=EDGE_CURVE('',#10172,#10165,#10174,.T.);
#10172=VERTEX_POINT('',#10173);
#10173=CARTESIAN_POINT('',(-4.17,3.255,-0.95));
#10174=LINE('',#10175,#56);
#10175=CARTESIAN_POINT('',(-4.17,2.755,-0.95));
#10176=ORIENTED_EDGE('',*,*,#10177,.F.);
#10177=EDGE_CURVE('',#10178,#10172,#10180,.T.);
#10178=VERTEX_POINT('',#10179);
#10179=CARTESIAN_POINT('',(-4.17,3.425071798694,-0.85));
#10180=CIRCLE('',#10181,0.194622083554);
#10181=AXIS2_PLACEMENT_3D('',#10182,#35,#28);
#10182=CARTESIAN_POINT('',(-4.17,3.255,-0.755377916446));
#10183=ORIENTED_EDGE('',*,*,#10184,.T.);
#10184=EDGE_CURVE('',#10178,#10185,#10187,.T.);
#10185=VERTEX_POINT('',#10186);
#10186=CARTESIAN_POINT('',(-4.17,3.603108762905,-0.53));
#10187=LINE('',#10188,#4451);
#10188=CARTESIAN_POINT('',(-4.17,3.895593375467,-4.294136420415E-03));
#10189=ORIENTED_EDGE('',*,*,#10190,.F.);
#10190=EDGE_CURVE('',#10191,#10185,#10193,.T.);
#10191=VERTEX_POINT('',#10192);
#10192=CARTESIAN_POINT('',(-4.17,3.655,-0.33));
#10193=CIRCLE('',#10194,0.411367148648);
#10194=AXIS2_PLACEMENT_3D('',#10195,#35,#28);
#10195=CARTESIAN_POINT('',(-4.17,3.243632851352,-0.33));
#10196=ORIENTED_EDGE('',*,*,#10197,.F.);
#10197=EDGE_CURVE('',#10198,#10191,#10200,.T.);
#10198=VERTEX_POINT('',#10199);
#10199=CARTESIAN_POINT('',(-4.17,3.655,9.999999999999E-02));
#10200=LINE('',#9446,#27);
#10201=ORIENTED_EDGE('',*,*,#10202,.F.);
#10202=EDGE_CURVE('',#9445,#10198,#10200,.T.);
#10203=ORIENTED_EDGE('',*,*,#9444,.F.);
#10204=ORIENTED_EDGE('',*,*,#9440,.F.);
#10205=ORIENTED_EDGE('',*,*,#10206,.T.);
#10206=EDGE_CURVE('',#9437,#10141,#10207,.T.);
#10207=CIRCLE('',#10208,0.15);
#10208=AXIS2_PLACEMENT_3D('',#10209,#35,#57);
#10209=CARTESIAN_POINT('',(-4.17,2.405,1.28));
#10210=PLANE('',#10211);
#10211=AXIS2_PLACEMENT_3D('',#9442,#14,#46);
#10212=ADVANCED_FACE('',(#10213),#10323,.T.);
#10213=FACE_BOUND('',#10214,.T.);
#10214=EDGE_LOOP('',(#10215,#10222,#10227,#10228,#10229,#10230,#10237,#10242,#10246,#10253,#10259,#10266,#10272,#10279,#10285,#10292,#10298,#10305,#10312,#10318));
#10215=ORIENTED_EDGE('',*,*,#10216,.F.);
#10216=EDGE_CURVE('',#10217,#10219,#10221,.T.);
#10217=VERTEX_POINT('',#10218);
#10218=CARTESIAN_POINT('',(-4.17,-0.175,1.5));
#10219=VERTEX_POINT('',#10220);
#10220=CARTESIAN_POINT('',(-4.17,-0.175,0.15));
#10221=LINE('',#9420,#27);
#10222=ORIENTED_EDGE('',*,*,#10223,.F.);
#10223=EDGE_CURVE('',#9423,#10217,#10224,.T.);
#10224=CIRCLE('',#10225,0.15);
#10225=AXIS2_PLACEMENT_3D('',#10226,#14,#46);
#10226=CARTESIAN_POINT('',(-4.17,-2.5E-02,1.5));
#10227=ORIENTED_EDGE('',*,*,#9422,.F.);
#10228=ORIENTED_EDGE('',*,*,#9418,.F.);
#10229=ORIENTED_EDGE('',*,*,#9413,.F.);
#10230=ORIENTED_EDGE('',*,*,#10231,.T.);
#10231=EDGE_CURVE('',#9408,#10232,#10234,.T.);
#10232=VERTEX_POINT('',#10233);
#10233=CARTESIAN_POINT('',(-4.17,-1.475,1.5));
#10234=CIRCLE('',#10235,0.15);
#10235=AXIS2_PLACEMENT_3D('',#10236,#35,#57);
#10236=CARTESIAN_POINT('',(-4.17,-1.625,1.5));
#10237=ORIENTED_EDGE('',*,*,#10238,.T.);
#10238=EDGE_CURVE('',#10232,#10239,#10241,.T.);
#10239=VERTEX_POINT('',#10240);
#10240=CARTESIAN_POINT('',(-4.17,-1.475,-1.E-15));
#10241=LINE('',#9415,#27);
#10242=ORIENTED_EDGE('',*,*,#10243,.T.);
#10243=EDGE_CURVE('',#10239,#10244,#10241,.T.);
#10244=VERTEX_POINT('',#10245);
#10245=CARTESIAN_POINT('',(-4.17,-1.475,-0.43));
#10246=ORIENTED_EDGE('',*,*,#10247,.F.);
#10247=EDGE_CURVE('',#10248,#10244,#10250,.T.);
#10248=VERTEX_POINT('',#10249);
#10249=CARTESIAN_POINT('',(-4.17,-1.437330761275,-0.63));
#10250=CIRCLE('',#10251,0.549771815781);
#10251=AXIS2_PLACEMENT_3D('',#10252,#35,#28);
#10252=CARTESIAN_POINT('',(-4.17,-0.925228184219,-0.43));
#10253=ORIENTED_EDGE('',*,*,#10254,.F.);
#10254=EDGE_CURVE('',#10255,#10248,#10257,.T.);
#10255=VERTEX_POINT('',#10256);
#10256=CARTESIAN_POINT('',(-4.17,-1.351410475044,-0.85));
#10257=LINE('',#10258,#4523);
#10258=CARTESIAN_POINT('',(-4.17,-1.826125275487,0.365513363367));
#10259=ORIENTED_EDGE('',*,*,#10260,.F.);
#10260=EDGE_CURVE('',#10261,#10255,#10263,.T.);
#10261=VERTEX_POINT('',#10262);
#10262=CARTESIAN_POINT('',(-4.17,-1.205,-0.95));
#10263=CIRCLE('',#10264,0.157180136013);
#10264=AXIS2_PLACEMENT_3D('',#10265,#35,#28);
#10265=CARTESIAN_POINT('',(-4.17,-1.205,-0.792819863987));
#10266=ORIENTED_EDGE('',*,*,#10267,.F.);
#10267=EDGE_CURVE('',#10268,#10261,#10270,.T.);
#10268=VERTEX_POINT('',#10269);
#10269=CARTESIAN_POINT('',(-4.17,-0.945,-0.95));
#10270=LINE('',#10271,#56);
#10271=CARTESIAN_POINT('',(-4.17,-1.34,-0.95));
#10272=ORIENTED_EDGE('',*,*,#10273,.F.);
#10273=EDGE_CURVE('',#10274,#10268,#10276,.T.);
#10274=VERTEX_POINT('',#10275);
#10275=CARTESIAN_POINT('',(-4.17,-0.798589524956,-0.85));
#10276=CIRCLE('',#10277,0.157180136013);
#10277=AXIS2_PLACEMENT_3D('',#10278,#35,#28);
#10278=CARTESIAN_POINT('',(-4.17,-0.945,-0.792819863987));
#10279=ORIENTED_EDGE('',*,*,#10280,.F.);
#10280=EDGE_CURVE('',#10281,#10274,#10283,.T.);
#10281=VERTEX_POINT('',#10282);
#10282=CARTESIAN_POINT('',(-4.17,-0.712669238725,-0.63));
#10283=LINE('',#10284,#4551);
#10284=CARTESIAN_POINT('',(-4.17,-0.419771345113,0.119968830664));
#10285=ORIENTED_EDGE('',*,*,#10286,.F.);
#10286=EDGE_CURVE('',#10287,#10281,#10289,.T.);
#10287=VERTEX_POINT('',#10288);
#10288=CARTESIAN_POINT('',(-4.17,-0.675,-0.43));
#10289=CIRCLE('',#10290,0.549771815781);
#10290=AXIS2_PLACEMENT_3D('',#10291,#35,#28);
#10291=CARTESIAN_POINT('',(-4.17,-1.224771815781,-0.43));
#10292=ORIENTED_EDGE('',*,*,#10293,.F.);
#10293=EDGE_CURVE('',#10294,#10287,#10296,.T.);
#10294=VERTEX_POINT('',#10295);
#10295=CARTESIAN_POINT('',(-4.17,-0.675,-2.E-15));
#10296=LINE('',#10297,#27);
#10297=CARTESIAN_POINT('',(-4.17,-0.675,0.61));
#10298=ORIENTED_EDGE('',*,*,#10299,.T.);
#10299=EDGE_CURVE('',#10294,#10300,#10302,.T.);
#10300=VERTEX_POINT('',#10301);
#10301=CARTESIAN_POINT('',(-4.17,-0.555,4.970562748477E-02));
#10302=CIRCLE('',#10303,7.029437251523E-02);
#10303=AXIS2_PLACEMENT_3D('',#10304,#35,#28);
#10304=CARTESIAN_POINT('',(-4.17,-0.604705627485,-9.6E-16));
#10305=ORIENTED_EDGE('',*,*,#10306,.F.);
#10306=EDGE_CURVE('',#10307,#10300,#10309,.T.);
#10307=VERTEX_POINT('',#10308);
#10308=CARTESIAN_POINT('',(-4.17,-0.435,-2.E-15));
#10309=CIRCLE('',#10310,0.169705627485);
#10310=AXIS2_PLACEMENT_3D('',#10311,#35,#28);
#10311=CARTESIAN_POINT('',(-4.17,-0.435,0.169705627485));
#10312=ORIENTED_EDGE('',*,*,#10313,.T.);
#10313=EDGE_CURVE('',#10307,#10314,#10316,.T.);
#10314=VERTEX_POINT('',#10315);
#10315=CARTESIAN_POINT('',(-4.17,-0.325,-2.E-15));
#10316=LINE('',#10317,#95);
#10317=CARTESIAN_POINT('',(-4.17,-0.625,-9.7E-16));
#10318=ORIENTED_EDGE('',*,*,#10319,.F.);
#10319=EDGE_CURVE('',#10219,#10314,#10320,.T.);
#10320=CIRCLE('',#10321,0.15);
#10321=AXIS2_PLACEMENT_3D('',#10322,#35,#28);
#10322=CARTESIAN_POINT('',(-4.17,-0.325,0.15));
#10323=PLANE('',#10324);
#10324=AXIS2_PLACEMENT_3D('',#9415,#14,#46);
#10325=ADVANCED_FACE('',(#10326),#10335,.F.);
#10326=FACE_BOUND('',#10327,.F.);
#10327=EDGE_LOOP('',(#10328,#10332,#10333,#10334));
#10328=ORIENTED_EDGE('',*,*,#10329,.F.);
#10329=EDGE_CURVE('',#10071,#9505,#10330,.T.);
#10330=LINE('',#10331,#4600);
#10331=CARTESIAN_POINT('',(-3.19,-3.525,3.06));
#10332=ORIENTED_EDGE('',*,*,#10070,.T.);
#10333=ORIENTED_EDGE('',*,*,#10128,.T.);
#10334=ORIENTED_EDGE('',*,*,#9509,.F.);
#10335=CONICAL_SURFACE('',#10074,0.98,0.321750554397);
#10336=ADVANCED_FACE('',(#10337),#4621,.T.);
#10337=FACE_BOUND('',#10338,.F.);
#10338=EDGE_LOOP('',(#4610,#10339,#10342,#10343));
#10339=ORIENTED_EDGE('',*,*,#10340,.T.);
#10340=EDGE_CURVE('',#4612,#10071,#10341,.T.);
#10341=LINE('',#4613,#34);
#10342=ORIENTED_EDGE('',*,*,#10329,.T.);
#10343=ORIENTED_EDGE('',*,*,#9504,.F.);
#10344=ADVANCED_FACE('',(#10345,#10401),#4723,.T.);
#10345=FACE_BOUND('',#10346,.T.);
#10346=EDGE_LOOP('',(#10347,#10352,#9500,#4635,#10353,#10357,#10362,#10366,#10370,#10377,#10383,#10390,#10396));
#10347=ORIENTED_EDGE('',*,*,#10348,.T.);
#10348=EDGE_CURVE('',#10349,#9877,#10351,.T.);
#10349=VERTEX_POINT('',#10350);
#10350=CARTESIAN_POINT('',(-2.85,3.655,3.31));
#10351=LINE('',#4633,#34);
#10352=ORIENTED_EDGE('',*,*,#9876,.F.);
#10353=ORIENTED_EDGE('',*,*,#10354,.T.);
#10354=EDGE_CURVE('',#4637,#10355,#10351,.T.);
#10355=VERTEX_POINT('',#10356);
#10356=CARTESIAN_POINT('',(-1.05,3.655,3.31));
#10357=ORIENTED_EDGE('',*,*,#10358,.T.);
#10358=EDGE_CURVE('',#10355,#10359,#10361,.T.);
#10359=VERTEX_POINT('',#10360);
#10360=CARTESIAN_POINT('',(-1.05,2.955,3.31));
#10361=LINE('',#10356,#56);
#10362=ORIENTED_EDGE('',*,*,#10363,.T.);
#10363=EDGE_CURVE('',#10359,#10364,#10361,.T.);
#10364=VERTEX_POINT('',#10365);
#10365=CARTESIAN_POINT('',(-1.05,2.805,3.31));
#10366=ORIENTED_EDGE('',*,*,#10367,.T.);
#10367=EDGE_CURVE('',#10364,#10368,#10361,.T.);
#10368=VERTEX_POINT('',#10369);
#10369=CARTESIAN_POINT('',(-1.05,2.655,3.31));
#10370=ORIENTED_EDGE('',*,*,#10371,.T.);
#10371=EDGE_CURVE('',#10368,#10372,#10374,.T.);
#10372=VERTEX_POINT('',#10373);
#10373=CARTESIAN_POINT('',(-1.2,2.505,3.31));
#10374=CIRCLE('',#10375,0.15);
#10375=AXIS2_PLACEMENT_3D('',#10376,#28,#46);
#10376=CARTESIAN_POINT('',(-1.2,2.655,3.31));
#10377=ORIENTED_EDGE('',*,*,#10378,.T.);
#10378=EDGE_CURVE('',#10372,#10379,#10381,.T.);
#10379=VERTEX_POINT('',#10380);
#10380=CARTESIAN_POINT('',(-2.55,2.505,3.31));
#10381=LINE('',#10382,#34);
#10382=CARTESIAN_POINT('',(-1.05,2.505,3.31));
#10383=ORIENTED_EDGE('',*,*,#10384,.F.);
#10384=EDGE_CURVE('',#10385,#10379,#10387,.T.);
#10385=VERTEX_POINT('',#10386);
#10386=CARTESIAN_POINT('',(-2.7,2.655,3.31));
#10387=CIRCLE('',#10388,0.15);
#10388=AXIS2_PLACEMENT_3D('',#10389,#13,#46);
#10389=CARTESIAN_POINT('',(-2.55,2.655,3.31));
#10390=ORIENTED_EDGE('',*,*,#10391,.T.);
#10391=EDGE_CURVE('',#10385,#10392,#10394,.T.);
#10392=VERTEX_POINT('',#10393);
#10393=CARTESIAN_POINT('',(-2.7,3.505,3.31));
#10394=LINE('',#10395,#95);
#10395=CARTESIAN_POINT('',(-2.7,2.505,3.31));
#10396=ORIENTED_EDGE('',*,*,#10397,.F.);
#10397=EDGE_CURVE('',#10349,#10392,#10398,.T.);
#10398=CIRCLE('',#10399,0.15);
#10399=AXIS2_PLACEMENT_3D('',#10400,#28,#46);
#10400=CARTESIAN_POINT('',(-2.85,3.505,3.31));
#10401=FACE_BOUND('',#10402,.T.);
#10402=EDGE_LOOP('',(#10403,#10409,#10414,#10418,#10422,#10426,#10431,#10435));
#10403=ORIENTED_EDGE('',*,*,#10404,.T.);
#10404=EDGE_CURVE('',#10405,#10407,#10408,.T.);
#10405=VERTEX_POINT('',#10406);
#10406=CARTESIAN_POINT('',(-1.16,1.625,3.31));
#10407=VERTEX_POINT('',#9166);
#10408=LINE('',#10406,#56);
#10409=ORIENTED_EDGE('',*,*,#10410,.T.);
#10410=EDGE_CURVE('',#10407,#10411,#10413,.T.);
#10411=VERTEX_POINT('',#10412);
#10412=CARTESIAN_POINT('',(-1.21,1.125,3.31));
#10413=LINE('',#9166,#34);
#10414=ORIENTED_EDGE('',*,*,#10415,.T.);
#10415=EDGE_CURVE('',#10411,#10416,#10413,.T.);
#10416=VERTEX_POINT('',#10417);
#10417=CARTESIAN_POINT('',(-2.33,1.125,3.31));
#10418=ORIENTED_EDGE('',*,*,#10419,.T.);
#10419=EDGE_CURVE('',#10416,#10420,#10413,.T.);
#10420=VERTEX_POINT('',#10421);
#10421=CARTESIAN_POINT('',(-2.38,1.125,3.31));
#10422=ORIENTED_EDGE('',*,*,#10423,.T.);
#10423=EDGE_CURVE('',#10420,#10424,#10425,.T.);
#10424=VERTEX_POINT('',#9063);
#10425=LINE('',#10421,#95);
#10426=ORIENTED_EDGE('',*,*,#10427,.T.);
#10427=EDGE_CURVE('',#10424,#10428,#10430,.T.);
#10428=VERTEX_POINT('',#10429);
#10429=CARTESIAN_POINT('',(-2.33,1.625,3.31));
#10430=LINE('',#9063,#77);
#10431=ORIENTED_EDGE('',*,*,#10432,.T.);
#10432=EDGE_CURVE('',#10428,#10433,#10430,.T.);
#10433=VERTEX_POINT('',#10434);
#10434=CARTESIAN_POINT('',(-1.21,1.625,3.31));
#10435=ORIENTED_EDGE('',*,*,#10436,.T.);
#10436=EDGE_CURVE('',#10433,#10405,#10430,.T.);
#10437=ADVANCED_FACE('',(#10438),#10439,.F.);
#10438=FACE_BOUND('',#4727,.F.);
#10439=PLANE('',#10440);
#10440=AXIS2_PLACEMENT_3D('',#3748,#35,#28);
#10441=ADVANCED_FACE('',(#10442),#10450,.F.);
#10442=FACE_BOUND('',#10443,.F.);
#10443=EDGE_LOOP('',(#10444,#10445,#10449,#9595));
#10444=ORIENTED_EDGE('',*,*,#9724,.T.);
#10445=ORIENTED_EDGE('',*,*,#10446,.F.);
#10446=EDGE_CURVE('',#9607,#9706,#10447,.T.);
#10447=LINE('',#10448,#56);
#10448=CARTESIAN_POINT('',(-1.77,-1.275,0.534264068712));
#10449=ORIENTED_EDGE('',*,*,#9606,.F.);
#10450=CYLINDRICAL_SURFACE('',#10451,6.213203435594E-02);
#10451=AXIS2_PLACEMENT_3D('',#10452,#46,#14);
#10452=CARTESIAN_POINT('',(-1.77,-1.275,0.472132034356));
#10453=ADVANCED_FACE('',(#10454),#10461,.T.);
#10454=FACE_BOUND('',#10455,.T.);
#10455=EDGE_LOOP('',(#9618,#10456,#9719,#10457));
#10456=ORIENTED_EDGE('',*,*,#9630,.T.);
#10457=ORIENTED_EDGE('',*,*,#10458,.T.);
#10458=EDGE_CURVE('',#9699,#9614,#10459,.T.);
#10459=LINE('',#10460,#95);
#10460=CARTESIAN_POINT('',(-1.77,-1.275,0.834264068712));
#10461=CYLINDRICAL_SURFACE('',#10451,0.362132034356);
#10462=ADVANCED_FACE('',(#10463),#10467,.F.);
#10463=FACE_BOUND('',#10464,.T.);
#10464=EDGE_LOOP('',(#10465,#10445,#10466,#9654));
#10465=ORIENTED_EDGE('',*,*,#9711,.T.);
#10466=ORIENTED_EDGE('',*,*,#9674,.F.);
#10467=CYLINDRICAL_SURFACE('',#10468,6.213203435594E-02);
#10468=AXIS2_PLACEMENT_3D('',#10452,#46,#35);
#10469=ADVANCED_FACE('',(#10470),#10473,.T.);
#10470=FACE_BOUND('',#10471,.F.);
#10471=EDGE_LOOP('',(#9677,#10472,#9697,#10457));
#10472=ORIENTED_EDGE('',*,*,#9689,.T.);
#10473=CYLINDRICAL_SURFACE('',#10468,0.362132034356);
#10474=ADVANCED_FACE('',(#10475),#10482,.F.);
#10475=FACE_BOUND('',#10476,.T.);
#10476=EDGE_LOOP('',(#10477,#10478,#10481,#9748));
#10477=ORIENTED_EDGE('',*,*,#9765,.T.);
#10478=ORIENTED_EDGE('',*,*,#10479,.T.);
#10479=EDGE_CURVE('',#9759,#10232,#10480,.T.);
#10480=LINE('',#9760,#77);
#10481=ORIENTED_EDGE('',*,*,#10231,.F.);
#10482=CYLINDRICAL_SURFACE('',#10483,0.15);
#10483=AXIS2_PLACEMENT_3D('',#9768,#14,#13);
#10484=ADVANCED_FACE('',(#10485),#10493,.T.);
#10485=FACE_BOUND('',#10486,.T.);
#10486=EDGE_LOOP('',(#10487,#10488,#10489,#10490));
#10487=ORIENTED_EDGE('',*,*,#10238,.F.);
#10488=ORIENTED_EDGE('',*,*,#10479,.F.);
#10489=ORIENTED_EDGE('',*,*,#9758,.T.);
#10490=ORIENTED_EDGE('',*,*,#10491,.T.);
#10491=EDGE_CURVE('',#9761,#10239,#10492,.T.);
#10492=LINE('',#9762,#77);
#10493=PLANE('',#10494);
#10494=AXIS2_PLACEMENT_3D('',#9351,#57,#14);
#10495=ADVANCED_FACE('',(#10496),#10493,.T.);
#10496=FACE_BOUND('',#10497,.T.);
#10497=EDGE_LOOP('',(#10498,#10499,#10500,#10503));
#10498=ORIENTED_EDGE('',*,*,#10491,.F.);
#10499=ORIENTED_EDGE('',*,*,#9860,.T.);
#10500=ORIENTED_EDGE('',*,*,#10501,.T.);
#10501=EDGE_CURVE('',#9854,#10244,#10502,.T.);
#10502=LINE('',#9855,#77);
#10503=ORIENTED_EDGE('',*,*,#10243,.F.);
#10504=ADVANCED_FACE('',(#10505),#10513,.T.);
#10505=FACE_BOUND('',#10506,.T.);
#10506=EDGE_LOOP('',(#10507,#10508,#10511,#10512));
#10507=ORIENTED_EDGE('',*,*,#9853,.F.);
#10508=ORIENTED_EDGE('',*,*,#10509,.T.);
#10509=EDGE_CURVE('',#9849,#10248,#10510,.T.);
#10510=LINE('',#9850,#77);
#10511=ORIENTED_EDGE('',*,*,#10247,.T.);
#10512=ORIENTED_EDGE('',*,*,#10501,.F.);
#10513=CYLINDRICAL_SURFACE('',#9857,0.549771815781);
#10514=ADVANCED_FACE('',(#10515),#10520,.F.);
#10515=FACE_BOUND('',#10516,.F.);
#10516=EDGE_LOOP('',(#9847,#10508,#10253,#10517));
#10517=ORIENTED_EDGE('',*,*,#10518,.F.);
#10518=EDGE_CURVE('',#9842,#10255,#10519,.T.);
#10519=LINE('',#9843,#77);
#10520=PLANE('',#10521);
#10521=AXIS2_PLACEMENT_3D('',#9850,#4823,#4106);
#10522=ADVANCED_FACE('',(#10523),#10530,.T.);
#10523=FACE_BOUND('',#10524,.T.);
#10524=EDGE_LOOP('',(#10525,#10526,#10529,#10517));
#10525=ORIENTED_EDGE('',*,*,#9841,.F.);
#10526=ORIENTED_EDGE('',*,*,#10527,.T.);
#10527=EDGE_CURVE('',#9837,#10261,#10528,.T.);
#10528=LINE('',#9838,#77);
#10529=ORIENTED_EDGE('',*,*,#10260,.T.);
#10530=CYLINDRICAL_SURFACE('',#9845,0.157180136013);
#10531=ADVANCED_FACE('',(#10532),#10539,.F.);
#10532=FACE_BOUND('',#10533,.T.);
#10533=EDGE_LOOP('',(#10534,#10535,#10538,#9947));
#10534=ORIENTED_EDGE('',*,*,#10223,.T.);
#10535=ORIENTED_EDGE('',*,*,#10536,.T.);
#10536=EDGE_CURVE('',#10217,#9774,#10537,.T.);
#10537=LINE('',#10218,#34);
#10538=ORIENTED_EDGE('',*,*,#9773,.F.);
#10539=CYLINDRICAL_SURFACE('',#10540,0.15);
#10540=AXIS2_PLACEMENT_3D('',#10226,#35,#13);
#10541=ADVANCED_FACE('',(#10542),#10547,.F.);
#10542=FACE_BOUND('',#10543,.F.);
#10543=EDGE_LOOP('',(#9835,#10526,#10266,#10544));
#10544=ORIENTED_EDGE('',*,*,#10545,.F.);
#10545=EDGE_CURVE('',#9830,#10268,#10546,.T.);
#10546=LINE('',#9831,#77);
#10547=PLANE('',#10548);
#10548=AXIS2_PLACEMENT_3D('',#9838,#13,#46);
#10549=ADVANCED_FACE('',(#10550),#10558,.T.);
#10550=FACE_BOUND('',#10551,.T.);
#10551=EDGE_LOOP('',(#10552,#10553,#10554,#10555));
#10552=ORIENTED_EDGE('',*,*,#9780,.F.);
#10553=ORIENTED_EDGE('',*,*,#10536,.F.);
#10554=ORIENTED_EDGE('',*,*,#10216,.T.);
#10555=ORIENTED_EDGE('',*,*,#10556,.T.);
#10556=EDGE_CURVE('',#10219,#9781,#10557,.T.);
#10557=LINE('',#10220,#34);
#10558=PLANE('',#10559);
#10559=AXIS2_PLACEMENT_3D('',#9420,#46,#35);
#10560=ADVANCED_FACE('',(#10561),#10568,.T.);
#10561=FACE_BOUND('',#10562,.T.);
#10562=EDGE_LOOP('',(#10563,#10564,#10567,#10544));
#10563=ORIENTED_EDGE('',*,*,#9829,.F.);
#10564=ORIENTED_EDGE('',*,*,#10565,.T.);
#10565=EDGE_CURVE('',#9825,#10274,#10566,.T.);
#10566=LINE('',#9826,#77);
#10567=ORIENTED_EDGE('',*,*,#10273,.T.);
#10568=CYLINDRICAL_SURFACE('',#9833,0.157180136013);
#10569=ADVANCED_FACE('',(#10570),#10578,.T.);
#10570=FACE_BOUND('',#10571,.T.);
#10571=EDGE_LOOP('',(#10572,#10573,#10576,#10577));
#10572=ORIENTED_EDGE('',*,*,#10319,.T.);
#10573=ORIENTED_EDGE('',*,*,#10574,.T.);
#10574=EDGE_CURVE('',#10314,#9786,#10575,.T.);
#10575=LINE('',#10315,#34);
#10576=ORIENTED_EDGE('',*,*,#9785,.F.);
#10577=ORIENTED_EDGE('',*,*,#10556,.F.);
#10578=CYLINDRICAL_SURFACE('',#10579,0.15);
#10579=AXIS2_PLACEMENT_3D('',#10322,#35,#46);
#10580=ADVANCED_FACE('',(#10581),#10586,.F.);
#10581=FACE_BOUND('',#10582,.F.);
#10582=EDGE_LOOP('',(#9823,#10564,#10279,#10583));
#10583=ORIENTED_EDGE('',*,*,#10584,.F.);
#10584=EDGE_CURVE('',#9818,#10281,#10585,.T.);
#10585=LINE('',#9819,#77);
#10586=PLANE('',#10587);
#10587=AXIS2_PLACEMENT_3D('',#9826,#4892,#4080);
#10588=ADVANCED_FACE('',(#10589),#10597,.T.);
#10589=FACE_BOUND('',#10590,.T.);
#10590=EDGE_LOOP('',(#10591,#10592,#10593,#10594));
#10591=ORIENTED_EDGE('',*,*,#9792,.F.);
#10592=ORIENTED_EDGE('',*,*,#10574,.F.);
#10593=ORIENTED_EDGE('',*,*,#10313,.F.);
#10594=ORIENTED_EDGE('',*,*,#10595,.F.);
#10595=EDGE_CURVE('',#9793,#10307,#10596,.T.);
#10596=LINE('',#9794,#77);
#10597=PLANE('',#10598);
#10598=AXIS2_PLACEMENT_3D('',#9796,#28,#57);
#10599=ADVANCED_FACE('',(#10600),#10607,.T.);
#10600=FACE_BOUND('',#10601,.T.);
#10601=EDGE_LOOP('',(#10602,#10603,#10606,#10583));
#10602=ORIENTED_EDGE('',*,*,#9817,.F.);
#10603=ORIENTED_EDGE('',*,*,#10604,.T.);
#10604=EDGE_CURVE('',#9813,#10287,#10605,.T.);
#10605=LINE('',#9814,#77);
#10606=ORIENTED_EDGE('',*,*,#10286,.T.);
#10607=CYLINDRICAL_SURFACE('',#9821,0.549771815781);
#10608=ADVANCED_FACE('',(#10609),#10617,.T.);
#10609=FACE_BOUND('',#10610,.T.);
#10610=EDGE_LOOP('',(#10611,#10612,#10613,#10614));
#10611=ORIENTED_EDGE('',*,*,#9798,.F.);
#10612=ORIENTED_EDGE('',*,*,#10595,.T.);
#10613=ORIENTED_EDGE('',*,*,#10306,.T.);
#10614=ORIENTED_EDGE('',*,*,#10615,.F.);
#10615=EDGE_CURVE('',#9799,#10300,#10616,.T.);
#10616=LINE('',#9800,#77);
#10617=CYLINDRICAL_SURFACE('',#9802,0.169705627485);
#10618=ADVANCED_FACE('',(#10619),#10624,.F.);
#10619=FACE_BOUND('',#10620,.F.);
#10620=EDGE_LOOP('',(#9811,#10603,#10292,#10621));
#10621=ORIENTED_EDGE('',*,*,#10622,.F.);
#10622=EDGE_CURVE('',#9806,#10294,#10623,.T.);
#10623=LINE('',#9807,#77);
#10624=PLANE('',#10625);
#10625=AXIS2_PLACEMENT_3D('',#9814,#57,#13);
#10626=ADVANCED_FACE('',(#10627),#10630,.F.);
#10627=FACE_BOUND('',#10628,.F.);
#10628=EDGE_LOOP('',(#9804,#10629,#10298,#10614));
#10629=ORIENTED_EDGE('',*,*,#10622,.T.);
#10630=CYLINDRICAL_SURFACE('',#9809,7.029437251523E-02);
#10631=ADVANCED_FACE('',(#10632),#10639,.F.);
#10632=FACE_BOUND('',#10633,.T.);
#10633=EDGE_LOOP('',(#10634,#10635,#10108,#10638));
#10634=ORIENTED_EDGE('',*,*,#9905,.T.);
#10635=ORIENTED_EDGE('',*,*,#10636,.T.);
#10636=EDGE_CURVE('',#9900,#10104,#10637,.T.);
#10637=LINE('',#9901,#9929);
#10638=ORIENTED_EDGE('',*,*,#9924,.F.);
#10639=CYLINDRICAL_SURFACE('',#10640,0.15);
#10640=AXIS2_PLACEMENT_3D('',#10641,#9930,#57);
#10641=CARTESIAN_POINT('',(-4.256743869044,3.125,2.703184614199));
#10642=ADVANCED_FACE('',(#10643),#10649,.F.);
#10643=FACE_BOUND('',#10644,.F.);
#10644=EDGE_LOOP('',(#10645,#10646,#9898,#10635));
#10645=ORIENTED_EDGE('',*,*,#10103,.F.);
#10646=ORIENTED_EDGE('',*,*,#10647,.F.);
#10647=EDGE_CURVE('',#9889,#10089,#10648,.T.);
#10648=LINE('',#9890,#9929);
#10649=PLANE('',#10650);
#10650=AXIS2_PLACEMENT_3D('',#10651,#10652,#9930);
#10651=CARTESIAN_POINT('',(-5.833541772067,3.655,3.73));
#10652=DIRECTION('',(0.47715876026,-9.E-17,0.878817112662));
#10653=ADVANCED_FACE('',(#10654),#10661,.T.);
#10654=FACE_BOUND('',#10655,.T.);
#10655=EDGE_LOOP('',(#10656,#10657,#10087,#10646));
#10656=ORIENTED_EDGE('',*,*,#9888,.T.);
#10657=ORIENTED_EDGE('',*,*,#10658,.T.);
#10658=EDGE_CURVE('',#9882,#10084,#10659,.T.);
#10659=LINE('',#10660,#9929);
#10660=CARTESIAN_POINT('',(-4.113596240967,3.655,2.966829747998));
#10661=CYLINDRICAL_SURFACE('',#10662,0.15);
#10662=AXIS2_PLACEMENT_3D('',#10663,#9930,#10664);
#10663=CARTESIAN_POINT('',(-4.113596240967,3.505,2.966829747998));
#10664=DIRECTION('',(-0.47715876026,0.,-0.878817112662));
#10665=ADVANCED_FACE('',(#10666),#9977,.T.);
#10666=FACE_BOUND('',#10667,.T.);
#10667=EDGE_LOOP('',(#10668,#10669,#10674,#10082,#10677,#10678));
#10668=ORIENTED_EDGE('',*,*,#10348,.F.);
#10669=ORIENTED_EDGE('',*,*,#10670,.T.);
#10670=EDGE_CURVE('',#10349,#10671,#10673,.T.);
#10671=VERTEX_POINT('',#10672);
#10672=CARTESIAN_POINT('',(-2.85,3.655,3.01));
#10673=LINE('',#10350,#27);
#10674=ORIENTED_EDGE('',*,*,#10675,.T.);
#10675=EDGE_CURVE('',#10671,#10078,#10676,.T.);
#10676=LINE('',#4731,#34);
#10677=ORIENTED_EDGE('',*,*,#10658,.F.);
#10678=ORIENTED_EDGE('',*,*,#9881,.F.);
#10679=ADVANCED_FACE('',(#10680),#10688,.T.);
#10680=FACE_BOUND('',#10681,.T.);
#10681=EDGE_LOOP('',(#10682,#10683,#10684,#10687));
#10682=ORIENTED_EDGE('',*,*,#9975,.F.);
#10683=ORIENTED_EDGE('',*,*,#10202,.T.);
#10684=ORIENTED_EDGE('',*,*,#10685,.F.);
#10685=EDGE_CURVE('',#9999,#10198,#10686,.T.);
#10686=LINE('',#10007,#77);
#10687=ORIENTED_EDGE('',*,*,#9998,.F.);
#10688=PLANE('',#10689);
#10689=AXIS2_PLACEMENT_3D('',#9446,#46,#35);
#10690=ADVANCED_FACE('',(#10691),#10701,.T.);
#10691=FACE_BOUND('',#10692,.T.);
#10692=EDGE_LOOP('',(#10693,#10694,#10697,#10698));
#10693=ORIENTED_EDGE('',*,*,#10140,.F.);
#10694=ORIENTED_EDGE('',*,*,#10695,.F.);
#10695=EDGE_CURVE('',#9985,#10141,#10696,.T.);
#10696=LINE('',#9986,#77);
#10697=ORIENTED_EDGE('',*,*,#9984,.T.);
#10698=ORIENTED_EDGE('',*,*,#10699,.T.);
#10699=EDGE_CURVE('',#9987,#10143,#10700,.T.);
#10700=LINE('',#10054,#77);
#10701=PLANE('',#10702);
#10702=AXIS2_PLACEMENT_3D('',#9314,#57,#14);
#10703=ADVANCED_FACE('',(#10704),#10709,.F.);
#10704=FACE_BOUND('',#10705,.T.);
#10705=EDGE_LOOP('',(#10706,#10707,#10708,#10060));
#10706=ORIENTED_EDGE('',*,*,#9991,.T.);
#10707=ORIENTED_EDGE('',*,*,#10695,.T.);
#10708=ORIENTED_EDGE('',*,*,#10206,.F.);
#10709=CYLINDRICAL_SURFACE('',#10710,0.15);
#10710=AXIS2_PLACEMENT_3D('',#9994,#14,#13);
#10711=ADVANCED_FACE('',(#10712),#10701,.T.);
#10712=FACE_BOUND('',#10713,.T.);
#10713=EDGE_LOOP('',(#10714,#10715,#10716,#10719));
#10714=ORIENTED_EDGE('',*,*,#10699,.F.);
#10715=ORIENTED_EDGE('',*,*,#10052,.T.);
#10716=ORIENTED_EDGE('',*,*,#10717,.T.);
#10717=EDGE_CURVE('',#10046,#10148,#10718,.T.);
#10718=LINE('',#10047,#77);
#10719=ORIENTED_EDGE('',*,*,#10147,.F.);
#10720=ADVANCED_FACE('',(#10721),#10729,.T.);
#10721=FACE_BOUND('',#10722,.T.);
#10722=EDGE_LOOP('',(#10723,#10724,#10727,#10728));
#10723=ORIENTED_EDGE('',*,*,#10045,.F.);
#10724=ORIENTED_EDGE('',*,*,#10725,.T.);
#10725=EDGE_CURVE('',#10041,#10152,#10726,.T.);
#10726=LINE('',#10042,#77);
#10727=ORIENTED_EDGE('',*,*,#10151,.T.);
#10728=ORIENTED_EDGE('',*,*,#10717,.F.);
#10729=CYLINDRICAL_SURFACE('',#10049,0.411367148648);
#10730=ADVANCED_FACE('',(#10731),#10739,.T.);
#10731=FACE_BOUND('',#10732,.T.);
#10732=EDGE_LOOP('',(#10733,#10734,#10737,#10738));
#10733=ORIENTED_EDGE('',*,*,#10040,.F.);
#10734=ORIENTED_EDGE('',*,*,#10735,.T.);
#10735=EDGE_CURVE('',#10034,#10159,#10736,.T.);
#10736=LINE('',#10035,#77);
#10737=ORIENTED_EDGE('',*,*,#10158,.F.);
#10738=ORIENTED_EDGE('',*,*,#10725,.F.);
#10739=PLANE('',#10740);
#10740=AXIS2_PLACEMENT_3D('',#10035,#5051,#4304);
#10741=ADVANCED_FACE('',(#10742),#10750,.T.);
#10742=FACE_BOUND('',#10743,.T.);
#10743=EDGE_LOOP('',(#10744,#10745,#10748,#10749));
#10744=ORIENTED_EDGE('',*,*,#10033,.F.);
#10745=ORIENTED_EDGE('',*,*,#10746,.T.);
#10746=EDGE_CURVE('',#10029,#10165,#10747,.T.);
#10747=LINE('',#10030,#77);
#10748=ORIENTED_EDGE('',*,*,#10164,.T.);
#10749=ORIENTED_EDGE('',*,*,#10735,.F.);
#10750=CYLINDRICAL_SURFACE('',#10037,0.194622083554);
#10751=ADVANCED_FACE('',(#10752),#10688,.T.);
#10752=FACE_BOUND('',#10753,.T.);
#10753=EDGE_LOOP('',(#10754,#10755,#10756,#10759));
#10754=ORIENTED_EDGE('',*,*,#10685,.T.);
#10755=ORIENTED_EDGE('',*,*,#10197,.T.);
#10756=ORIENTED_EDGE('',*,*,#10757,.F.);
#10757=EDGE_CURVE('',#10004,#10191,#10758,.T.);
#10758=LINE('',#10005,#77);
#10759=ORIENTED_EDGE('',*,*,#10003,.F.);
#10760=ADVANCED_FACE('',(#10761),#10766,.F.);
#10761=FACE_BOUND('',#10762,.F.);
#10762=EDGE_LOOP('',(#10027,#10745,#10170,#10763));
#10763=ORIENTED_EDGE('',*,*,#10764,.F.);
#10764=EDGE_CURVE('',#10022,#10172,#10765,.T.);
#10765=LINE('',#10023,#77);
#10766=PLANE('',#10767);
#10767=AXIS2_PLACEMENT_3D('',#10030,#13,#46);
#10768=ADVANCED_FACE('',(#10769),#10777,.T.);
#10769=FACE_BOUND('',#10770,.T.);
#10770=EDGE_LOOP('',(#10771,#10772,#10773,#10774));
#10771=ORIENTED_EDGE('',*,*,#10009,.F.);
#10772=ORIENTED_EDGE('',*,*,#10757,.T.);
#10773=ORIENTED_EDGE('',*,*,#10190,.T.);
#10774=ORIENTED_EDGE('',*,*,#10775,.F.);
#10775=EDGE_CURVE('',#10010,#10185,#10776,.T.);
#10776=LINE('',#10011,#77);
#10777=CYLINDRICAL_SURFACE('',#10013,0.411367148648);
#10778=ADVANCED_FACE('',(#10779),#10786,.T.);
#10779=FACE_BOUND('',#10780,.T.);
#10780=EDGE_LOOP('',(#10781,#10782,#10785,#10763));
#10781=ORIENTED_EDGE('',*,*,#10021,.F.);
#10782=ORIENTED_EDGE('',*,*,#10783,.T.);
#10783=EDGE_CURVE('',#10017,#10178,#10784,.T.);
#10784=LINE('',#10018,#77);
#10785=ORIENTED_EDGE('',*,*,#10177,.T.);
#10786=CYLINDRICAL_SURFACE('',#10025,0.194622083554);
#10787=ADVANCED_FACE('',(#10788),#10794,.T.);
#10788=FACE_BOUND('',#10789,.T.);
#10789=EDGE_LOOP('',(#10790,#10791,#10792,#10793));
#10790=ORIENTED_EDGE('',*,*,#10016,.F.);
#10791=ORIENTED_EDGE('',*,*,#10775,.T.);
#10792=ORIENTED_EDGE('',*,*,#10184,.F.);
#10793=ORIENTED_EDGE('',*,*,#10783,.F.);
#10794=PLANE('',#10795);
#10795=AXIS2_PLACEMENT_3D('',#10011,#5110,#4278);
#10796=ADVANCED_FACE('',(#10797,#10850),#5240,.F.);
#10797=FACE_BOUND('',#10798,.F.);
#10798=EDGE_LOOP('',(#10674,#10799,#10800,#5116,#10801,#10805,#10811,#10815,#10819,#10826,#10832,#10839,#10845));
#10799=ORIENTED_EDGE('',*,*,#10077,.F.);
#10800=ORIENTED_EDGE('',*,*,#10340,.F.);
#10801=ORIENTED_EDGE('',*,*,#10802,.T.);
#10802=EDGE_CURVE('',#4730,#10803,#10676,.T.);
#10803=VERTEX_POINT('',#10804);
#10804=CARTESIAN_POINT('',(-1.05,3.655,3.01));
#10805=ORIENTED_EDGE('',*,*,#10806,.T.);
#10806=EDGE_CURVE('',#10803,#10807,#10809,.T.);
#10807=VERTEX_POINT('',#10808);
#10808=CARTESIAN_POINT('',(-1.05,2.955,3.01));
#10809=LINE('',#10810,#56);
#10810=CARTESIAN_POINT('',(-1.05,-9.999999999999E-03,3.01));
#10811=ORIENTED_EDGE('',*,*,#10812,.T.);
#10812=EDGE_CURVE('',#10807,#10813,#10809,.T.);
#10813=VERTEX_POINT('',#10814);
#10814=CARTESIAN_POINT('',(-1.05,2.805,3.01));
#10815=ORIENTED_EDGE('',*,*,#10816,.T.);
#10816=EDGE_CURVE('',#10813,#10817,#10809,.T.);
#10817=VERTEX_POINT('',#10818);
#10818=CARTESIAN_POINT('',(-1.05,2.655,3.01));
#10819=ORIENTED_EDGE('',*,*,#10820,.T.);
#10820=EDGE_CURVE('',#10817,#10821,#10823,.T.);
#10821=VERTEX_POINT('',#10822);
#10822=CARTESIAN_POINT('',(-1.2,2.505,3.01));
#10823=CIRCLE('',#10824,0.15);
#10824=AXIS2_PLACEMENT_3D('',#10825,#28,#46);
#10825=CARTESIAN_POINT('',(-1.2,2.655,3.01));
#10826=ORIENTED_EDGE('',*,*,#10827,.T.);
#10827=EDGE_CURVE('',#10821,#10828,#10830,.T.);
#10828=VERTEX_POINT('',#10829);
#10829=CARTESIAN_POINT('',(-2.55,2.505,3.01));
#10830=LINE('',#10831,#34);
#10831=CARTESIAN_POINT('',(-0.525,2.505,3.01));
#10832=ORIENTED_EDGE('',*,*,#10833,.F.);
#10833=EDGE_CURVE('',#10834,#10828,#10836,.T.);
#10834=VERTEX_POINT('',#10835);
#10835=CARTESIAN_POINT('',(-2.7,2.655,3.01));
#10836=CIRCLE('',#10837,0.15);
#10837=AXIS2_PLACEMENT_3D('',#10838,#13,#46);
#10838=CARTESIAN_POINT('',(-2.55,2.655,3.01));
#10839=ORIENTED_EDGE('',*,*,#10840,.T.);
#10840=EDGE_CURVE('',#10834,#10841,#10843,.T.);
#10841=VERTEX_POINT('',#10842);
#10842=CARTESIAN_POINT('',(-2.7,3.505,3.01));
#10843=LINE('',#10844,#95);
#10844=CARTESIAN_POINT('',(-2.7,-0.585,3.01));
#10845=ORIENTED_EDGE('',*,*,#10846,.F.);
#10846=EDGE_CURVE('',#10671,#10841,#10847,.T.);
#10847=CIRCLE('',#10848,0.15);
#10848=AXIS2_PLACEMENT_3D('',#10849,#28,#46);
#10849=CARTESIAN_POINT('',(-2.85,3.505,3.01));
#10850=FACE_BOUND('',#10851,.F.);
#10851=EDGE_LOOP('',(#10852,#10860,#10866,#10870,#10874,#10878,#10882,#10886,#10890,#10896,#10902,#10906,#10910,#10914,#10918,#10922));
#10852=ORIENTED_EDGE('',*,*,#10853,.T.);
#10853=EDGE_CURVE('',#10854,#10856,#10858,.T.);
#10854=VERTEX_POINT('',#10855);
#10855=CARTESIAN_POINT('',(-1.16,1.625,3.01));
#10856=VERTEX_POINT('',#10857);
#10857=CARTESIAN_POINT('',(-1.16,1.125,3.01));
#10858=LINE('',#10859,#56);
#10859=CARTESIAN_POINT('',(-1.16,-1.025,3.01));
#10860=ORIENTED_EDGE('',*,*,#10861,.T.);
#10861=EDGE_CURVE('',#10856,#10862,#10864,.T.);
#10862=VERTEX_POINT('',#10863);
#10863=CARTESIAN_POINT('',(-1.21,1.125,3.01));
#10864=LINE('',#10865,#34);
#10865=CARTESIAN_POINT('',(-0.58,1.125,3.01));
#10866=ORIENTED_EDGE('',*,*,#10867,.T.);
#10867=EDGE_CURVE('',#10862,#10868,#10864,.T.);
#10868=VERTEX_POINT('',#10869);
#10869=CARTESIAN_POINT('',(-1.272132034356,1.125,3.01));
#10870=ORIENTED_EDGE('',*,*,#10871,.T.);
#10871=EDGE_CURVE('',#10868,#10872,#10864,.T.);
#10872=VERTEX_POINT('',#10873);
#10873=CARTESIAN_POINT('',(-1.66,1.125,3.01));
#10874=ORIENTED_EDGE('',*,*,#10875,.T.);
#10875=EDGE_CURVE('',#10872,#10876,#10864,.T.);
#10876=VERTEX_POINT('',#10877);
#10877=CARTESIAN_POINT('',(-1.88,1.125,3.01));
#10878=ORIENTED_EDGE('',*,*,#10879,.T.);
#10879=EDGE_CURVE('',#10876,#10880,#10864,.T.);
#10880=VERTEX_POINT('',#10881);
#10881=CARTESIAN_POINT('',(-2.267867965644,1.125,3.01));
#10882=ORIENTED_EDGE('',*,*,#10883,.T.);
#10883=EDGE_CURVE('',#10880,#10884,#10864,.T.);
#10884=VERTEX_POINT('',#10885);
#10885=CARTESIAN_POINT('',(-2.33,1.125,3.01));
#10886=ORIENTED_EDGE('',*,*,#10887,.T.);
#10887=EDGE_CURVE('',#10884,#10888,#10864,.T.);
#10888=VERTEX_POINT('',#10889);
#10889=CARTESIAN_POINT('',(-2.38,1.125,3.01));
#10890=ORIENTED_EDGE('',*,*,#10891,.T.);
#10891=EDGE_CURVE('',#10888,#10892,#10894,.T.);
#10892=VERTEX_POINT('',#10893);
#10893=CARTESIAN_POINT('',(-2.38,1.625,3.01));
#10894=LINE('',#10895,#95);
#10895=CARTESIAN_POINT('',(-2.38,-1.275,3.01));
#10896=ORIENTED_EDGE('',*,*,#10897,.T.);
#10897=EDGE_CURVE('',#10892,#10898,#10900,.T.);
#10898=VERTEX_POINT('',#10899);
#10899=CARTESIAN_POINT('',(-2.33,1.625,3.01));
#10900=LINE('',#10901,#77);
#10901=CARTESIAN_POINT('',(-1.19,1.625,3.01));
#10902=ORIENTED_EDGE('',*,*,#10903,.T.);
#10903=EDGE_CURVE('',#10898,#10904,#10900,.T.);
#10904=VERTEX_POINT('',#10905);
#10905=CARTESIAN_POINT('',(-2.267867965644,1.625,3.01));
#10906=ORIENTED_EDGE('',*,*,#10907,.T.);
#10907=EDGE_CURVE('',#10904,#10908,#10900,.T.);
#10908=VERTEX_POINT('',#10909);
#10909=CARTESIAN_POINT('',(-1.88,1.625,3.01));
#10910=ORIENTED_EDGE('',*,*,#10911,.T.);
#10911=EDGE_CURVE('',#10908,#10912,#10900,.T.);
#10912=VERTEX_POINT('',#10913);
#10913=CARTESIAN_POINT('',(-1.66,1.625,3.01));
#10914=ORIENTED_EDGE('',*,*,#10915,.T.);
#10915=EDGE_CURVE('',#10912,#10916,#10900,.T.);
#10916=VERTEX_POINT('',#10917);
#10917=CARTESIAN_POINT('',(-1.272132034356,1.625,3.01));
#10918=ORIENTED_EDGE('',*,*,#10919,.T.);
#10919=EDGE_CURVE('',#10916,#10920,#10900,.T.);
#10920=VERTEX_POINT('',#10921);
#10921=CARTESIAN_POINT('',(-1.21,1.625,3.01));
#10922=ORIENTED_EDGE('',*,*,#10923,.T.);
#10923=EDGE_CURVE('',#10920,#10854,#10900,.T.);
#10924=ADVANCED_FACE('',(#10925),#10932,.T.);
#10925=FACE_BOUND('',#10926,.T.);
#10926=EDGE_LOOP('',(#10927,#10928,#10845,#10931));
#10927=ORIENTED_EDGE('',*,*,#10397,.T.);
#10928=ORIENTED_EDGE('',*,*,#10929,.T.);
#10929=EDGE_CURVE('',#10392,#10841,#10930,.T.);
#10930=LINE('',#10393,#27);
#10931=ORIENTED_EDGE('',*,*,#10670,.F.);
#10932=CYLINDRICAL_SURFACE('',#10399,0.15);
#10933=ADVANCED_FACE('',(#10934),#10941,.T.);
#10934=FACE_BOUND('',#10935,.T.);
#10935=EDGE_LOOP('',(#10936,#10937,#10839,#10940));
#10936=ORIENTED_EDGE('',*,*,#10391,.F.);
#10937=ORIENTED_EDGE('',*,*,#10938,.T.);
#10938=EDGE_CURVE('',#10385,#10834,#10939,.T.);
#10939=LINE('',#10386,#27);
#10940=ORIENTED_EDGE('',*,*,#10929,.F.);
#10941=PLANE('',#10942);
#10942=AXIS2_PLACEMENT_3D('',#10395,#14,#46);
#10943=ADVANCED_FACE('',(#10944),#10951,.F.);
#10944=FACE_BOUND('',#10945,.T.);
#10945=EDGE_LOOP('',(#10946,#10947,#10832,#10950));
#10946=ORIENTED_EDGE('',*,*,#10384,.T.);
#10947=ORIENTED_EDGE('',*,*,#10948,.T.);
#10948=EDGE_CURVE('',#10379,#10828,#10949,.T.);
#10949=LINE('',#10380,#27);
#10950=ORIENTED_EDGE('',*,*,#10938,.F.);
#10951=CYLINDRICAL_SURFACE('',#10952,0.15);
#10952=AXIS2_PLACEMENT_3D('',#10389,#28,#35);
#10953=ADVANCED_FACE('',(#10954),#10961,.T.);
#10954=FACE_BOUND('',#10955,.T.);
#10955=EDGE_LOOP('',(#10956,#10957,#10826,#10960));
#10956=ORIENTED_EDGE('',*,*,#10378,.F.);
#10957=ORIENTED_EDGE('',*,*,#10958,.T.);
#10958=EDGE_CURVE('',#10372,#10821,#10959,.T.);
#10959=LINE('',#10373,#27);
#10960=ORIENTED_EDGE('',*,*,#10948,.F.);
#10961=PLANE('',#10962);
#10962=AXIS2_PLACEMENT_3D('',#10382,#46,#35);
#10963=ADVANCED_FACE('',(#10964),#9977,.T.);
#10964=FACE_BOUND('',#10965,.T.);
#10965=EDGE_LOOP('',(#10966,#4736,#10801,#10967));
#10966=ORIENTED_EDGE('',*,*,#10354,.F.);
#10967=ORIENTED_EDGE('',*,*,#10968,.F.);
#10968=EDGE_CURVE('',#10355,#10803,#10969,.T.);
#10969=LINE('',#10356,#27);
#10970=ADVANCED_FACE('',(#10971),#10977,.F.);
#10971=FACE_BOUND('',#10972,.F.);
#10972=EDGE_LOOP('',(#10370,#10957,#10973,#10974));
#10973=ORIENTED_EDGE('',*,*,#10820,.F.);
#10974=ORIENTED_EDGE('',*,*,#10975,.F.);
#10975=EDGE_CURVE('',#10368,#10817,#10976,.T.);
#10976=LINE('',#10369,#27);
#10977=CYLINDRICAL_SURFACE('',#10978,0.15);
#10978=AXIS2_PLACEMENT_3D('',#10376,#28,#14);
#10979=ADVANCED_FACE('',(#10980),#11004,.T.);
#10980=FACE_BOUND('',#10981,.T.);
#10981=EDGE_LOOP('',(#10982,#10989,#10994,#10995,#10996,#11001));
#10982=ORIENTED_EDGE('',*,*,#10983,.T.);
#10983=EDGE_CURVE('',#10984,#10986,#10988,.T.);
#10984=VERTEX_POINT('',#10985);
#10985=CARTESIAN_POINT('',(-1.21,2.955,3.31));
#10986=VERTEX_POINT('',#10987);
#10987=CARTESIAN_POINT('',(-1.2,2.955,3.31));
#10988=LINE('',#10985,#77);
#10989=ORIENTED_EDGE('',*,*,#10990,.F.);
#10990=EDGE_CURVE('',#10364,#10986,#10991,.T.);
#10991=CIRCLE('',#10992,0.15);
#10992=AXIS2_PLACEMENT_3D('',#10993,#13,#14);
#10993=CARTESIAN_POINT('',(-1.2,2.805,3.31));
#10994=ORIENTED_EDGE('',*,*,#10363,.F.);
#10995=ORIENTED_EDGE('',*,*,#10358,.F.);
#10996=ORIENTED_EDGE('',*,*,#10997,.F.);
#10997=EDGE_CURVE('',#10998,#10355,#11000,.T.);
#10998=VERTEX_POINT('',#10999);
#10999=CARTESIAN_POINT('',(-1.21,3.655,3.31));
#11000=LINE('',#10999,#77);
#11001=ORIENTED_EDGE('',*,*,#11002,.F.);
#11002=EDGE_CURVE('',#10984,#10998,#11003,.T.);
#11003=LINE('',#10999,#95);
#11004=PLANE('',#11005);
#11005=AXIS2_PLACEMENT_3D('',#10999,#13,#57);
#11006=ADVANCED_FACE('',(#11007),#11013,.T.);
#11007=FACE_BOUND('',#11008,.T.);
#11008=EDGE_LOOP('',(#11009,#11010,#10815,#10974));
#11009=ORIENTED_EDGE('',*,*,#10367,.F.);
#11010=ORIENTED_EDGE('',*,*,#11011,.T.);
#11011=EDGE_CURVE('',#10364,#10813,#11012,.T.);
#11012=LINE('',#10365,#27);
#11013=PLANE('',#11014);
#11014=AXIS2_PLACEMENT_3D('',#10356,#35,#57);
#11015=ADVANCED_FACE('',(#11016),#11021,.T.);
#11016=FACE_BOUND('',#11017,.F.);
#11017=EDGE_LOOP('',(#10435,#10403,#10409,#11018));
#11018=ORIENTED_EDGE('',*,*,#11019,.F.);
#11019=EDGE_CURVE('',#10433,#10411,#11020,.T.);
#11020=LINE('',#10412,#56);
#11021=PLANE('',#11022);
#11022=AXIS2_PLACEMENT_3D('',#10412,#13,#46);
#11023=ADVANCED_FACE('',(#11024),#11032,.T.);
#11024=FACE_BOUND('',#11025,.T.);
#11025=EDGE_LOOP('',(#11026,#11027,#11028,#11029));
#11026=ORIENTED_EDGE('',*,*,#10427,.F.);
#11027=ORIENTED_EDGE('',*,*,#10423,.F.);
#11028=ORIENTED_EDGE('',*,*,#10419,.F.);
#11029=ORIENTED_EDGE('',*,*,#11030,.F.);
#11030=EDGE_CURVE('',#10428,#10416,#11031,.T.);
#11031=LINE('',#10417,#56);
#11032=PLANE('',#11033);
#11033=AXIS2_PLACEMENT_3D('',#10417,#13,#57);
#11034=ADVANCED_FACE('',(#11035),#9061,.T.);
#11035=FACE_BOUND('',#11036,.T.);
#11036=EDGE_LOOP('',(#11037,#11038,#11045,#10910,#11048,#11053));
#11037=ORIENTED_EDGE('',*,*,#10432,.F.);
#11038=ORIENTED_EDGE('',*,*,#11039,.T.);
#11039=EDGE_CURVE('',#10428,#11040,#11042,.T.);
#11040=VERTEX_POINT('',#11041);
#11041=CARTESIAN_POINT('',(-2.073933982822,1.625,3.203933982822));
#11042=CIRCLE('',#11043,0.362132034356);
#11043=AXIS2_PLACEMENT_3D('',#11044,#46,#14);
#11044=CARTESIAN_POINT('',(-2.33,1.625,2.947867965644));
#11045=ORIENTED_EDGE('',*,*,#11046,.T.);
#11046=EDGE_CURVE('',#11040,#10908,#11047,.T.);
#11047=LINE('',#11041,#822);
#11048=ORIENTED_EDGE('',*,*,#11049,.F.);
#11049=EDGE_CURVE('',#11050,#10912,#11052,.T.);
#11050=VERTEX_POINT('',#11051);
#11051=CARTESIAN_POINT('',(-1.466066017178,1.625,3.203933982822));
#11052=LINE('',#11051,#1070);
#11053=ORIENTED_EDGE('',*,*,#11054,.F.);
#11054=EDGE_CURVE('',#10433,#11050,#11055,.T.);
#11055=CIRCLE('',#11056,0.362132034356);
#11056=AXIS2_PLACEMENT_3D('',#11057,#57,#35);
#11057=CARTESIAN_POINT('',(-1.21,1.625,2.947867965644));
#11058=ADVANCED_FACE('',(#11059),#9164,.T.);
#11059=FACE_BOUND('',#11060,.T.);
#11060=EDGE_LOOP('',(#11061,#11062,#11069,#10874,#11072,#11077));
#11061=ORIENTED_EDGE('',*,*,#10415,.F.);
#11062=ORIENTED_EDGE('',*,*,#11063,.T.);
#11063=EDGE_CURVE('',#10411,#11064,#11066,.T.);
#11064=VERTEX_POINT('',#11065);
#11065=CARTESIAN_POINT('',(-1.466066017178,1.125,3.203933982822));
#11066=CIRCLE('',#11067,0.362132034356);
#11067=AXIS2_PLACEMENT_3D('',#11068,#57,#35);
#11068=CARTESIAN_POINT('',(-1.21,1.125,2.947867965644));
#11069=ORIENTED_EDGE('',*,*,#11070,.T.);
#11070=EDGE_CURVE('',#11064,#10872,#11071,.T.);
#11071=LINE('',#11065,#1070);
#11072=ORIENTED_EDGE('',*,*,#11073,.F.);
#11073=EDGE_CURVE('',#11074,#10876,#11076,.T.);
#11074=VERTEX_POINT('',#11075);
#11075=CARTESIAN_POINT('',(-2.073933982822,1.125,3.203933982822));
#11076=LINE('',#11075,#822);
#11077=ORIENTED_EDGE('',*,*,#11078,.F.);
#11078=EDGE_CURVE('',#10416,#11074,#11079,.T.);
#11079=CIRCLE('',#11080,0.362132034356);
#11080=AXIS2_PLACEMENT_3D('',#11081,#46,#14);
#11081=CARTESIAN_POINT('',(-2.33,1.125,2.947867965644));
#11082=ADVANCED_FACE('',(#11083),#11105,.T.);
#11083=FACE_BOUND('',#11084,.T.);
#11084=EDGE_LOOP('',(#11085,#11092,#11097,#10805,#10811,#11100));
#11085=ORIENTED_EDGE('',*,*,#11086,.F.);
#11086=EDGE_CURVE('',#11087,#11089,#11091,.T.);
#11087=VERTEX_POINT('',#11088);
#11088=CARTESIAN_POINT('',(-1.21,2.955,3.01));
#11089=VERTEX_POINT('',#11090);
#11090=CARTESIAN_POINT('',(-1.2,2.955,3.01));
#11091=LINE('',#11088,#77);
#11092=ORIENTED_EDGE('',*,*,#11093,.T.);
#11093=EDGE_CURVE('',#11087,#11094,#11096,.T.);
#11094=VERTEX_POINT('',#11095);
#11095=CARTESIAN_POINT('',(-1.21,3.655,3.01));
#11096=LINE('',#11088,#95);
#11097=ORIENTED_EDGE('',*,*,#11098,.T.);
#11098=EDGE_CURVE('',#11094,#10803,#11099,.T.);
#11099=LINE('',#11095,#77);
#11100=ORIENTED_EDGE('',*,*,#11101,.T.);
#11101=EDGE_CURVE('',#10813,#11089,#11102,.T.);
#11102=CIRCLE('',#11103,0.15);
#11103=AXIS2_PLACEMENT_3D('',#11104,#13,#14);
#11104=CARTESIAN_POINT('',(-1.2,2.805,3.01));
#11105=PLANE('',#11106);
#11106=AXIS2_PLACEMENT_3D('',#11088,#28,#46);
#11107=ADVANCED_FACE('',(#11108),#11117,.T.);
#11108=FACE_BOUND('',#11109,.F.);
#11109=EDGE_LOOP('',(#11110,#11111,#11112,#11113));
#11110=ORIENTED_EDGE('',*,*,#10861,.F.);
#11111=ORIENTED_EDGE('',*,*,#10853,.F.);
#11112=ORIENTED_EDGE('',*,*,#10923,.F.);
#11113=ORIENTED_EDGE('',*,*,#11114,.F.);
#11114=EDGE_CURVE('',#10862,#10920,#11115,.T.);
#11115=LINE('',#11116,#95);
#11116=CARTESIAN_POINT('',(-1.21,-1.275,3.01));
#11117=PLANE('',#11118);
#11118=AXIS2_PLACEMENT_3D('',#11116,#28,#57);
#11119=ADVANCED_FACE('',(#11120),#11126,.T.);
#11120=FACE_BOUND('',#11121,.T.);
#11121=EDGE_LOOP('',(#10886,#10890,#10896,#11122));
#11122=ORIENTED_EDGE('',*,*,#11123,.F.);
#11123=EDGE_CURVE('',#10884,#10898,#11124,.T.);
#11124=LINE('',#11125,#95);
#11125=CARTESIAN_POINT('',(-2.33,-1.275,3.01));
#11126=PLANE('',#11127);
#11127=AXIS2_PLACEMENT_3D('',#11125,#28,#46);
#11128=ADVANCED_FACE('',(#11129),#11140,.F.);
#11129=FACE_BOUND('',#11130,.F.);
#11130=EDGE_LOOP('',(#11131,#11132,#11137));
#11131=ORIENTED_EDGE('',*,*,#10903,.F.);
#11132=ORIENTED_EDGE('',*,*,#11133,.T.);
#11133=EDGE_CURVE('',#10898,#11134,#11136,.T.);
#11134=VERTEX_POINT('',#11135);
#11135=CARTESIAN_POINT('',(-2.286066017178,1.625,2.991801948466));
#11136=CIRCLE('',#11043,6.213203435597E-02);
#11137=ORIENTED_EDGE('',*,*,#11138,.T.);
#11138=EDGE_CURVE('',#11134,#10904,#11139,.T.);
#11139=LINE('',#11041,#3246);
#11140=PLANE('',#11141);
#11141=AXIS2_PLACEMENT_3D('',#11142,#57,#3251);
#11142=CARTESIAN_POINT('',(-2.248820584978,1.625,3.143852410375));
#11143=ADVANCED_FACE('',(#11144),#11158,.T.);
#11144=FACE_BOUND('',#11145,.T.);
#11145=EDGE_LOOP('',(#11146,#11137,#10906,#11151,#11155));
#11146=ORIENTED_EDGE('',*,*,#11147,.F.);
#11147=EDGE_CURVE('',#11134,#11148,#11150,.T.);
#11148=VERTEX_POINT('',#11149);
#11149=CARTESIAN_POINT('',(-2.026066017178,1.625,2.731801948466));
#11150=LINE('',#11135,#822);
#11151=ORIENTED_EDGE('',*,*,#11152,.T.);
#11152=EDGE_CURVE('',#10908,#11153,#11047,.T.);
#11153=VERTEX_POINT('',#11154);
#11154=CARTESIAN_POINT('',(-1.813933982822,1.625,2.943933982822));
#11155=ORIENTED_EDGE('',*,*,#11156,.F.);
#11156=EDGE_CURVE('',#11148,#11153,#11157,.T.);
#11157=LINE('',#11154,#3246);
#11158=PLANE('',#11159);
#11159=AXIS2_PLACEMENT_3D('',#11041,#46,#3247);
#11160=ADVANCED_FACE('',(#11161),#11181,.T.);
#11161=FACE_BOUND('',#11162,.F.);
#11162=EDGE_LOOP('',(#11163,#11170,#11173,#11174,#11178));
#11163=ORIENTED_EDGE('',*,*,#11164,.F.);
#11164=EDGE_CURVE('',#11165,#11167,#11169,.T.);
#11165=VERTEX_POINT('',#11166);
#11166=CARTESIAN_POINT('',(-1.253933982822,1.625,2.991801948466));
#11167=VERTEX_POINT('',#11168);
#11168=CARTESIAN_POINT('',(-1.513933982822,1.625,2.731801948466));
#11169=LINE('',#11166,#1070);
#11170=ORIENTED_EDGE('',*,*,#11171,.T.);
#11171=EDGE_CURVE('',#11165,#10916,#11172,.T.);
#11172=LINE('',#11051,#3261);
#11173=ORIENTED_EDGE('',*,*,#10915,.F.);
#11174=ORIENTED_EDGE('',*,*,#11175,.T.);
#11175=EDGE_CURVE('',#10912,#11176,#11052,.T.);
#11176=VERTEX_POINT('',#11177);
#11177=CARTESIAN_POINT('',(-1.726066017178,1.625,2.943933982822));
#11178=ORIENTED_EDGE('',*,*,#11179,.F.);
#11179=EDGE_CURVE('',#11167,#11176,#11180,.T.);
#11180=LINE('',#11177,#3261);
#11181=PLANE('',#11182);
#11182=AXIS2_PLACEMENT_3D('',#11051,#46,#823);
#11183=ADVANCED_FACE('',(#11184),#11189,.F.);
#11184=FACE_BOUND('',#11185,.T.);
#11185=EDGE_LOOP('',(#10918,#11186,#11170));
#11186=ORIENTED_EDGE('',*,*,#11187,.T.);
#11187=EDGE_CURVE('',#10920,#11165,#11188,.T.);
#11188=CIRCLE('',#11056,6.213203435597E-02);
#11189=PLANE('',#11190);
#11190=AXIS2_PLACEMENT_3D('',#11191,#57,#3340);
#11191=CARTESIAN_POINT('',(-1.291179415022,1.625,3.143852410375));
#11192=ADVANCED_FACE('',(#11193),#11203,.F.);
#11193=FACE_BOUND('',#11194,.T.);
#11194=EDGE_LOOP('',(#11195,#10866,#11200));
#11195=ORIENTED_EDGE('',*,*,#11196,.F.);
#11196=EDGE_CURVE('',#10862,#11197,#11199,.T.);
#11197=VERTEX_POINT('',#11198);
#11198=CARTESIAN_POINT('',(-1.253933982822,1.125,2.991801948466));
#11199=CIRCLE('',#11067,6.213203435596E-02);
#11200=ORIENTED_EDGE('',*,*,#11201,.T.);
#11201=EDGE_CURVE('',#10868,#11197,#11202,.T.);
#11202=LINE('',#11065,#822);
#11203=PLANE('',#11204);
#11204=AXIS2_PLACEMENT_3D('',#11205,#46,#3340);
#11205=CARTESIAN_POINT('',(-1.291179415022,1.125,3.143852410375));
#11206=ADVANCED_FACE('',(#11207),#11222,.T.);
#11207=FACE_BOUND('',#11208,.F.);
#11208=EDGE_LOOP('',(#11209,#11213,#11200,#11214,#11219));
#11209=ORIENTED_EDGE('',*,*,#11210,.F.);
#11210=EDGE_CURVE('',#10872,#11211,#11071,.T.);
#11211=VERTEX_POINT('',#11212);
#11212=CARTESIAN_POINT('',(-1.726066017178,1.125,2.943933982822));
#11213=ORIENTED_EDGE('',*,*,#10871,.F.);
#11214=ORIENTED_EDGE('',*,*,#11215,.T.);
#11215=EDGE_CURVE('',#11197,#11216,#11218,.T.);
#11216=VERTEX_POINT('',#11217);
#11217=CARTESIAN_POINT('',(-1.513933982822,1.125,2.731801948466));
#11218=LINE('',#11198,#1070);
#11219=ORIENTED_EDGE('',*,*,#11220,.F.);
#11220=EDGE_CURVE('',#11211,#11216,#11221,.T.);
#11221=LINE('',#11212,#822);
#11222=PLANE('',#11223);
#11223=AXIS2_PLACEMENT_3D('',#11065,#57,#3262);
#11224=ADVANCED_FACE('',(#11225),#11244,.T.);
#11225=FACE_BOUND('',#11226,.T.);
#11226=EDGE_LOOP('',(#11227,#10878,#11231,#11236,#11241));
#11227=ORIENTED_EDGE('',*,*,#11228,.F.);
#11228=EDGE_CURVE('',#10876,#11229,#11076,.T.);
#11229=VERTEX_POINT('',#11230);
#11230=CARTESIAN_POINT('',(-1.813933982822,1.125,2.943933982822));
#11231=ORIENTED_EDGE('',*,*,#11232,.T.);
#11232=EDGE_CURVE('',#10880,#11233,#11235,.T.);
#11233=VERTEX_POINT('',#11234);
#11234=CARTESIAN_POINT('',(-2.286066017178,1.125,2.991801948466));
#11235=LINE('',#11075,#1070);
#11236=ORIENTED_EDGE('',*,*,#11237,.T.);
#11237=EDGE_CURVE('',#11233,#11238,#11240,.T.);
#11238=VERTEX_POINT('',#11239);
#11239=CARTESIAN_POINT('',(-2.026066017178,1.125,2.731801948466));
#11240=LINE('',#11234,#822);
#11241=ORIENTED_EDGE('',*,*,#11242,.F.);
#11242=EDGE_CURVE('',#11229,#11238,#11243,.T.);
#11243=LINE('',#11230,#1070);
#11244=PLANE('',#11245);
#11245=AXIS2_PLACEMENT_3D('',#11075,#57,#1071);
#11246=ADVANCED_FACE('',(#11247),#11253,.F.);
#11247=FACE_BOUND('',#11248,.F.);
#11248=EDGE_LOOP('',(#11249,#11252,#11231));
#11249=ORIENTED_EDGE('',*,*,#11250,.F.);
#11250=EDGE_CURVE('',#10884,#11233,#11251,.T.);
#11251=CIRCLE('',#11080,6.213203435596E-02);
#11252=ORIENTED_EDGE('',*,*,#10883,.F.);
#11253=PLANE('',#11254);
#11254=AXIS2_PLACEMENT_3D('',#11255,#46,#3251);
#11255=CARTESIAN_POINT('',(-2.248820584978,1.125,3.143852410375));
#11256=ADVANCED_FACE('',(#11257),#11265,.T.);
#11257=FACE_BOUND('',#11258,.T.);
#11258=EDGE_LOOP('',(#11259,#11260,#11263,#11264));
#11259=ORIENTED_EDGE('',*,*,#11098,.F.);
#11260=ORIENTED_EDGE('',*,*,#11261,.T.);
#11261=EDGE_CURVE('',#11094,#10998,#11262,.T.);
#11262=LINE('',#11095,#412);
#11263=ORIENTED_EDGE('',*,*,#10997,.T.);
#11264=ORIENTED_EDGE('',*,*,#10968,.T.);
#11265=PLANE('',#11266);
#11266=AXIS2_PLACEMENT_3D('',#11095,#46,#13);
#11267=ADVANCED_FACE('',(#11268),#11278,.T.);
#11268=FACE_BOUND('',#11269,.T.);
#11269=EDGE_LOOP('',(#11270,#11271,#11274,#11275));
#11270=ORIENTED_EDGE('',*,*,#10983,.F.);
#11271=ORIENTED_EDGE('',*,*,#11272,.T.);
#11272=EDGE_CURVE('',#10984,#11087,#11273,.T.);
#11273=LINE('',#10985,#27);
#11274=ORIENTED_EDGE('',*,*,#11086,.T.);
#11275=ORIENTED_EDGE('',*,*,#11276,.F.);
#11276=EDGE_CURVE('',#10986,#11089,#11277,.T.);
#11277=LINE('',#10987,#27);
#11278=PLANE('',#11279);
#11279=AXIS2_PLACEMENT_3D('',#10985,#57,#28);
#11280=ADVANCED_FACE('',(#11281),#11287,.F.);
#11281=FACE_BOUND('',#11282,.T.);
#11282=EDGE_LOOP('',(#11283,#11284,#11285,#11286));
#11283=ORIENTED_EDGE('',*,*,#10990,.T.);
#11284=ORIENTED_EDGE('',*,*,#11276,.T.);
#11285=ORIENTED_EDGE('',*,*,#11101,.F.);
#11286=ORIENTED_EDGE('',*,*,#11011,.F.);
#11287=CYLINDRICAL_SURFACE('',#11288,0.15);
#11288=AXIS2_PLACEMENT_3D('',#10993,#28,#14);
#11289=ADVANCED_FACE('',(#11290),#11310,.T.);
#11290=FACE_BOUND('',#11291,.T.);
#11291=EDGE_LOOP('',(#11292,#11299,#11304,#11309));
#11292=ORIENTED_EDGE('',*,*,#11293,.F.);
#11293=EDGE_CURVE('',#11294,#10998,#11296,.T.);
#11294=VERTEX_POINT('',#11295);
#11295=CARTESIAN_POINT('',(-1.656066017177,3.655,3.125233405972));
#11296=CIRCLE('',#11297,0.630832611206);
#11297=AXIS2_PLACEMENT_3D('',#11298,#46,#14);
#11298=CARTESIAN_POINT('',(-1.21,3.655,2.679167388794));
#11299=ORIENTED_EDGE('',*,*,#11300,.T.);
#11300=EDGE_CURVE('',#11294,#11301,#11303,.T.);
#11301=VERTEX_POINT('',#11302);
#11302=CARTESIAN_POINT('',(-1.656066017177,2.955,3.125233405972));
#11303=LINE('',#11295,#56);
#11304=ORIENTED_EDGE('',*,*,#11305,.T.);
#11305=EDGE_CURVE('',#11301,#10984,#11306,.T.);
#11306=CIRCLE('',#11307,0.630832611206);
#11307=AXIS2_PLACEMENT_3D('',#11308,#46,#14);
#11308=CARTESIAN_POINT('',(-1.21,2.955,2.679167388794));
#11309=ORIENTED_EDGE('',*,*,#11002,.T.);
#11310=CYLINDRICAL_SURFACE('',#11297,0.630832611206);
#11311=ADVANCED_FACE('',(#11312),#11318,.T.);
#11312=FACE_BOUND('',#11313,.F.);
#11313=EDGE_LOOP('',(#11053,#11314,#11062,#11315));
#11314=ORIENTED_EDGE('',*,*,#11019,.T.);
#11315=ORIENTED_EDGE('',*,*,#11316,.T.);
#11316=EDGE_CURVE('',#11064,#11050,#11317,.T.);
#11317=LINE('',#11065,#95);
#11318=CYLINDRICAL_SURFACE('',#11319,0.362132034356);
#11319=AXIS2_PLACEMENT_3D('',#11068,#46,#35);
#11320=ADVANCED_FACE('',(#11321),#11329,.T.);
#11321=FACE_BOUND('',#11322,.T.);
#11322=EDGE_LOOP('',(#11323,#11324,#11325,#11326));
#11323=ORIENTED_EDGE('',*,*,#11039,.F.);
#11324=ORIENTED_EDGE('',*,*,#11030,.T.);
#11325=ORIENTED_EDGE('',*,*,#11078,.T.);
#11326=ORIENTED_EDGE('',*,*,#11327,.T.);
#11327=EDGE_CURVE('',#11074,#11040,#11328,.T.);
#11328=LINE('',#11075,#95);
#11329=CYLINDRICAL_SURFACE('',#11080,0.362132034356);
#11330=ADVANCED_FACE('',(#11331),#11339,.T.);
#11331=FACE_BOUND('',#11332,.F.);
#11332=EDGE_LOOP('',(#11048,#11333,#11069,#11334,#11335,#11338));
#11333=ORIENTED_EDGE('',*,*,#11316,.F.);
#11334=ORIENTED_EDGE('',*,*,#11210,.T.);
#11335=ORIENTED_EDGE('',*,*,#11336,.F.);
#11336=EDGE_CURVE('',#11176,#11211,#11337,.T.);
#11337=LINE('',#11212,#56);
#11338=ORIENTED_EDGE('',*,*,#11175,.F.);
#11339=PLANE('',#11340);
#11340=AXIS2_PLACEMENT_3D('',#11065,#3262,#46);
#11341=ADVANCED_FACE('',(#11342),#11352,.T.);
#11342=FACE_BOUND('',#11343,.T.);
#11343=EDGE_LOOP('',(#11344,#11345,#11346,#11347,#11348,#11351));
#11344=ORIENTED_EDGE('',*,*,#11046,.F.);
#11345=ORIENTED_EDGE('',*,*,#11327,.F.);
#11346=ORIENTED_EDGE('',*,*,#11073,.T.);
#11347=ORIENTED_EDGE('',*,*,#11228,.T.);
#11348=ORIENTED_EDGE('',*,*,#11349,.F.);
#11349=EDGE_CURVE('',#11153,#11229,#11350,.T.);
#11350=LINE('',#11230,#56);
#11351=ORIENTED_EDGE('',*,*,#11152,.F.);
#11352=PLANE('',#11353);
#11353=AXIS2_PLACEMENT_3D('',#11075,#3247,#57);
#11354=ADVANCED_FACE('',(#11355),#11370,.F.);
#11355=FACE_BOUND('',#11356,.F.);
#11356=EDGE_LOOP('',(#11357,#11092,#11362,#11367));
#11357=ORIENTED_EDGE('',*,*,#11358,.T.);
#11358=EDGE_CURVE('',#11359,#11087,#11361,.T.);
#11359=VERTEX_POINT('',#11360);
#11360=CARTESIAN_POINT('',(-1.443933982822,2.955,2.913101371616));
#11361=CIRCLE('',#11307,0.330832611206);
#11362=ORIENTED_EDGE('',*,*,#11363,.F.);
#11363=EDGE_CURVE('',#11364,#11094,#11366,.T.);
#11364=VERTEX_POINT('',#11365);
#11365=CARTESIAN_POINT('',(-1.443933982822,3.655,2.913101371616));
#11366=CIRCLE('',#11297,0.330832611206);
#11367=ORIENTED_EDGE('',*,*,#11368,.F.);
#11368=EDGE_CURVE('',#11359,#11364,#11369,.T.);
#11369=LINE('',#11360,#95);
#11370=CYLINDRICAL_SURFACE('',#11307,0.330832611206);
#11371=ADVANCED_FACE('',(#11372),#11380,.F.);
#11372=FACE_BOUND('',#11373,.T.);
#11373=EDGE_LOOP('',(#11374,#11375,#11379,#11113));
#11374=ORIENTED_EDGE('',*,*,#11196,.T.);
#11375=ORIENTED_EDGE('',*,*,#11376,.T.);
#11376=EDGE_CURVE('',#11197,#11165,#11377,.T.);
#11377=LINE('',#11378,#95);
#11378=CARTESIAN_POINT('',(-1.253933982822,-1.275,2.991801948466));
#11379=ORIENTED_EDGE('',*,*,#11187,.F.);
#11380=CYLINDRICAL_SURFACE('',#11381,6.213203435597E-02);
#11381=AXIS2_PLACEMENT_3D('',#11382,#46,#35);
#11382=CARTESIAN_POINT('',(-1.21,-1.275,2.947867965644));
#11383=ADVANCED_FACE('',(#11384),#11392,.F.);
#11384=FACE_BOUND('',#11385,.F.);
#11385=EDGE_LOOP('',(#11386,#11387,#11391,#11122));
#11386=ORIENTED_EDGE('',*,*,#11250,.T.);
#11387=ORIENTED_EDGE('',*,*,#11388,.T.);
#11388=EDGE_CURVE('',#11233,#11134,#11389,.T.);
#11389=LINE('',#11390,#95);
#11390=CARTESIAN_POINT('',(-2.286066017178,-1.275,2.991801948466));
#11391=ORIENTED_EDGE('',*,*,#11133,.F.);
#11392=CYLINDRICAL_SURFACE('',#11393,6.213203435597E-02);
#11393=AXIS2_PLACEMENT_3D('',#11394,#46,#14);
#11394=CARTESIAN_POINT('',(-2.33,-1.275,2.947867965644));
#11395=ADVANCED_FACE('',(#11396),#11404,.T.);
#11396=FACE_BOUND('',#11397,.T.);
#11397=EDGE_LOOP('',(#11398,#11387,#11399,#11400));
#11398=ORIENTED_EDGE('',*,*,#11237,.F.);
#11399=ORIENTED_EDGE('',*,*,#11147,.T.);
#11400=ORIENTED_EDGE('',*,*,#11401,.F.);
#11401=EDGE_CURVE('',#11238,#11148,#11402,.T.);
#11402=LINE('',#11403,#95);
#11403=CARTESIAN_POINT('',(-2.026066017178,-1.275,2.731801948466));
#11404=PLANE('',#11405);
#11405=AXIS2_PLACEMENT_3D('',#11390,#1071,#46);
#11406=ADVANCED_FACE('',(#11407),#11424,.F.);
#11407=FACE_BOUND('',#11408,.F.);
#11408=EDGE_LOOP('',(#11409,#11416,#11421,#11155));
#11409=ORIENTED_EDGE('',*,*,#11410,.T.);
#11410=EDGE_CURVE('',#11148,#11411,#11413,.T.);
#11411=VERTEX_POINT('',#11412);
#11412=CARTESIAN_POINT('',(-1.77,1.625,2.625735931288));
#11413=CIRCLE('',#11414,0.362132034356);
#11414=AXIS2_PLACEMENT_3D('',#11415,#57,#14);
#11415=CARTESIAN_POINT('',(-1.77,1.625,2.987867965644));
#11416=ORIENTED_EDGE('',*,*,#11417,.F.);
#11417=EDGE_CURVE('',#11418,#11411,#11420,.T.);
#11418=VERTEX_POINT('',#11419);
#11419=CARTESIAN_POINT('',(-1.77,1.625,2.925735931288));
#11420=LINE('',#11419,#27);
#11421=ORIENTED_EDGE('',*,*,#11422,.F.);
#11422=EDGE_CURVE('',#11153,#11418,#11423,.T.);
#11423=CIRCLE('',#11414,6.213203435596E-02);
#11424=PLANE('',#11425);
#11425=AXIS2_PLACEMENT_3D('',#11426,#57,#3251);
#11426=CARTESIAN_POINT('',(-1.851179415022,1.625,2.791883520913));
#11427=ADVANCED_FACE('',(#11428),#11436,.T.);
#11428=FACE_BOUND('',#11429,.F.);
#11429=EDGE_LOOP('',(#11430,#11375,#11431,#11432));
#11430=ORIENTED_EDGE('',*,*,#11215,.F.);
#11431=ORIENTED_EDGE('',*,*,#11164,.T.);
#11432=ORIENTED_EDGE('',*,*,#11433,.F.);
#11433=EDGE_CURVE('',#11216,#11167,#11434,.T.);
#11434=LINE('',#11435,#95);
#11435=CARTESIAN_POINT('',(-1.513933982822,-1.275,2.731801948466));
#11436=PLANE('',#11437);
#11437=AXIS2_PLACEMENT_3D('',#11378,#823,#57);
#11438=ADVANCED_FACE('',(#11439),#11448,.F.);
#11439=FACE_BOUND('',#11440,.T.);
#11440=EDGE_LOOP('',(#11441,#11416,#11445,#11178));
#11441=ORIENTED_EDGE('',*,*,#11442,.T.);
#11442=EDGE_CURVE('',#11167,#11411,#11443,.T.);
#11443=CIRCLE('',#11444,0.362132034356);
#11444=AXIS2_PLACEMENT_3D('',#11415,#46,#35);
#11445=ORIENTED_EDGE('',*,*,#11446,.F.);
#11446=EDGE_CURVE('',#11176,#11418,#11447,.T.);
#11447=CIRCLE('',#11444,6.213203435596E-02);
#11448=PLANE('',#11449);
#11449=AXIS2_PLACEMENT_3D('',#11450,#57,#3340);
#11450=CARTESIAN_POINT('',(-1.688820584978,1.625,2.791883520913));
#11451=ADVANCED_FACE('',(#11452),#11469,.F.);
#11452=FACE_BOUND('',#11453,.T.);
#11453=EDGE_LOOP('',(#11454,#11461,#11466,#11219));
#11454=ORIENTED_EDGE('',*,*,#11455,.T.);
#11455=EDGE_CURVE('',#11211,#11456,#11458,.T.);
#11456=VERTEX_POINT('',#11457);
#11457=CARTESIAN_POINT('',(-1.77,1.125,2.925735931288));
#11458=CIRCLE('',#11459,6.213203435596E-02);
#11459=AXIS2_PLACEMENT_3D('',#11460,#46,#35);
#11460=CARTESIAN_POINT('',(-1.77,1.125,2.987867965644));
#11461=ORIENTED_EDGE('',*,*,#11462,.T.);
#11462=EDGE_CURVE('',#11456,#11463,#11465,.T.);
#11463=VERTEX_POINT('',#11464);
#11464=CARTESIAN_POINT('',(-1.77,1.125,2.625735931288));
#11465=LINE('',#11457,#27);
#11466=ORIENTED_EDGE('',*,*,#11467,.F.);
#11467=EDGE_CURVE('',#11216,#11463,#11468,.T.);
#11468=CIRCLE('',#11459,0.362132034356);
#11469=PLANE('',#11470);
#11470=AXIS2_PLACEMENT_3D('',#11471,#46,#3340);
#11471=CARTESIAN_POINT('',(-1.688820584978,1.125,2.791883520913));
#11472=ADVANCED_FACE('',(#11473),#11482,.F.);
#11473=FACE_BOUND('',#11474,.F.);
#11474=EDGE_LOOP('',(#11475,#11461,#11479,#11241));
#11475=ORIENTED_EDGE('',*,*,#11476,.T.);
#11476=EDGE_CURVE('',#11229,#11456,#11477,.T.);
#11477=CIRCLE('',#11478,6.213203435596E-02);
#11478=AXIS2_PLACEMENT_3D('',#11460,#57,#14);
#11479=ORIENTED_EDGE('',*,*,#11480,.F.);
#11480=EDGE_CURVE('',#11238,#11463,#11481,.T.);
#11481=CIRCLE('',#11478,0.362132034356);
#11482=PLANE('',#11483);
#11483=AXIS2_PLACEMENT_3D('',#11484,#46,#3251);
#11484=CARTESIAN_POINT('',(-1.851179415022,1.125,2.791883520913));
#11485=ADVANCED_FACE('',(#11486),#11492,.F.);
#11486=FACE_BOUND('',#11487,.F.);
#11487=EDGE_LOOP('',(#11488,#11260,#11292,#11489));
#11488=ORIENTED_EDGE('',*,*,#11363,.T.);
#11489=ORIENTED_EDGE('',*,*,#11490,.F.);
#11490=EDGE_CURVE('',#11364,#11294,#11491,.T.);
#11491=LINE('',#11365,#3261);
#11492=PLANE('',#11493);
#11493=AXIS2_PLACEMENT_3D('',#11494,#57,#3340);
#11494=CARTESIAN_POINT('',(-1.394006674049,3.655,3.123398796851));
#11495=ADVANCED_FACE('',(#11496),#11502,.F.);
#11496=FACE_BOUND('',#11497,.F.);
#11497=EDGE_LOOP('',(#11304,#11271,#11498,#11499));
#11498=ORIENTED_EDGE('',*,*,#11358,.F.);
#11499=ORIENTED_EDGE('',*,*,#11500,.F.);
#11500=EDGE_CURVE('',#11301,#11359,#11501,.T.);
#11501=LINE('',#11302,#822);
#11502=PLANE('',#11503);
#11503=AXIS2_PLACEMENT_3D('',#11504,#46,#3340);
#11504=CARTESIAN_POINT('',(-1.394006674049,2.955,3.123398796851));
#11505=ADVANCED_FACE('',(#11506),#11537,.T.);
#11506=FACE_BOUND('',#11507,.T.);
#11507=EDGE_LOOP('',(#11508,#11513,#11520,#11526,#11533,#11536));
#11508=ORIENTED_EDGE('',*,*,#11509,.F.);
#11509=EDGE_CURVE('',#11510,#11294,#11512,.T.);
#11510=VERTEX_POINT('',#11511);
#11511=CARTESIAN_POINT('',(-2.186396103068,3.655,2.594903320082));
#11512=LINE('',#11295,#3246);
#11513=ORIENTED_EDGE('',*,*,#11514,.T.);
#11514=EDGE_CURVE('',#11510,#11515,#11517,.T.);
#11515=VERTEX_POINT('',#11516);
#11516=CARTESIAN_POINT('',(-2.327817459305,3.455,2.453481963844));
#11517=CIRCLE('',#11518,0.2);
#11518=AXIS2_PLACEMENT_3D('',#11519,#3262,#1071);
#11519=CARTESIAN_POINT('',(-2.186396103068,3.455,2.594903320082));
#11520=ORIENTED_EDGE('',*,*,#11521,.T.);
#11521=EDGE_CURVE('',#11515,#11522,#11524,.T.);
#11522=VERTEX_POINT('',#11523);
#11523=CARTESIAN_POINT('',(-2.327817459305,3.155,2.453481963844));
#11524=LINE('',#11525,#56);
#11525=CARTESIAN_POINT('',(-2.327817459305,3.655,2.453481963844));
#11526=ORIENTED_EDGE('',*,*,#11527,.T.);
#11527=EDGE_CURVE('',#11522,#11528,#11530,.T.);
#11528=VERTEX_POINT('',#11529);
#11529=CARTESIAN_POINT('',(-2.186396103068,2.955,2.594903320082));
#11530=CIRCLE('',#11531,0.2);
#11531=AXIS2_PLACEMENT_3D('',#11532,#3262,#3247);
#11532=CARTESIAN_POINT('',(-2.186396103068,3.155,2.594903320082));
#11533=ORIENTED_EDGE('',*,*,#11534,.T.);
#11534=EDGE_CURVE('',#11528,#11301,#11535,.T.);
#11535=LINE('',#11302,#3246);
#11536=ORIENTED_EDGE('',*,*,#11300,.F.);
#11537=PLANE('',#11538);
#11538=AXIS2_PLACEMENT_3D('',#11295,#3262,#57);
#11539=ADVANCED_FACE('',(#11540),#11547,.F.);
#11540=FACE_BOUND('',#11541,.T.);
#11541=EDGE_LOOP('',(#11542,#11543,#11546,#11335));
#11542=ORIENTED_EDGE('',*,*,#11446,.T.);
#11543=ORIENTED_EDGE('',*,*,#11544,.F.);
#11544=EDGE_CURVE('',#11456,#11418,#11545,.T.);
#11545=LINE('',#11457,#95);
#11546=ORIENTED_EDGE('',*,*,#11455,.F.);
#11547=CYLINDRICAL_SURFACE('',#11548,6.213203435596E-02);
#11548=AXIS2_PLACEMENT_3D('',#11460,#57,#35);
#11549=ADVANCED_FACE('',(#11550),#11554,.F.);
#11550=FACE_BOUND('',#11551,.F.);
#11551=EDGE_LOOP('',(#11552,#11543,#11553,#11348));
#11552=ORIENTED_EDGE('',*,*,#11422,.T.);
#11553=ORIENTED_EDGE('',*,*,#11476,.F.);
#11554=CYLINDRICAL_SURFACE('',#11478,6.213203435596E-02);
#11555=ADVANCED_FACE('',(#11556),#11586,.T.);
#11556=FACE_BOUND('',#11557,.T.);
#11557=EDGE_LOOP('',(#11558,#11563,#11570,#11576,#11583,#11367));
#11558=ORIENTED_EDGE('',*,*,#11559,.F.);
#11559=EDGE_CURVE('',#11560,#11359,#11562,.T.);
#11560=VERTEX_POINT('',#11561);
#11561=CARTESIAN_POINT('',(-1.974264068713,2.955,2.382771285726));
#11562=LINE('',#11360,#3246);
#11563=ORIENTED_EDGE('',*,*,#11564,.F.);
#11564=EDGE_CURVE('',#11565,#11560,#11567,.T.);
#11565=VERTEX_POINT('',#11566);
#11566=CARTESIAN_POINT('',(-2.115685424949,3.155,2.241349929488));
#11567=CIRCLE('',#11568,0.2);
#11568=AXIS2_PLACEMENT_3D('',#11569,#3262,#3247);
#11569=CARTESIAN_POINT('',(-1.974264068712,3.155,2.382771285726));
#11570=ORIENTED_EDGE('',*,*,#11571,.T.);
#11571=EDGE_CURVE('',#11565,#11572,#11574,.T.);
#11572=VERTEX_POINT('',#11573);
#11573=CARTESIAN_POINT('',(-2.115685424949,3.455,2.241349929488));
#11574=LINE('',#11575,#95);
#11575=CARTESIAN_POINT('',(-2.115685424949,2.955,2.241349929488));
#11576=ORIENTED_EDGE('',*,*,#11577,.F.);
#11577=EDGE_CURVE('',#11578,#11572,#11580,.T.);
#11578=VERTEX_POINT('',#11579);
#11579=CARTESIAN_POINT('',(-1.974264068713,3.655,2.382771285726));
#11580=CIRCLE('',#11581,0.2);
#11581=AXIS2_PLACEMENT_3D('',#11582,#3262,#1071);
#11582=CARTESIAN_POINT('',(-1.974264068712,3.455,2.382771285726));
#11583=ORIENTED_EDGE('',*,*,#11584,.T.);
#11584=EDGE_CURVE('',#11578,#11364,#11585,.T.);
#11585=LINE('',#11365,#3246);
#11586=PLANE('',#11587);
#11587=AXIS2_PLACEMENT_3D('',#11360,#823,#46);
#11588=ADVANCED_FACE('',(#11589),#11596,.T.);
#11589=FACE_BOUND('',#11590,.T.);
#11590=EDGE_LOOP('',(#11479,#11591,#11409,#11592));
#11591=ORIENTED_EDGE('',*,*,#11401,.T.);
#11592=ORIENTED_EDGE('',*,*,#11593,.F.);
#11593=EDGE_CURVE('',#11463,#11411,#11594,.T.);
#11594=LINE('',#11595,#95);
#11595=CARTESIAN_POINT('',(-1.77,-1.275,2.625735931288));
#11596=CYLINDRICAL_SURFACE('',#11597,0.362132034356);
#11597=AXIS2_PLACEMENT_3D('',#11598,#57,#14);
#11598=CARTESIAN_POINT('',(-1.77,-1.275,2.987867965644));
#11599=ADVANCED_FACE('',(#11600),#11603,.T.);
#11600=FACE_BOUND('',#11601,.F.);
#11601=EDGE_LOOP('',(#11466,#11602,#11441,#11592));
#11602=ORIENTED_EDGE('',*,*,#11433,.T.);
#11603=CYLINDRICAL_SURFACE('',#11604,0.362132034356);
#11604=AXIS2_PLACEMENT_3D('',#11598,#57,#35);
#11605=ADVANCED_FACE('',(#11606),#11613,.T.);
#11606=FACE_BOUND('',#11607,.T.);
#11607=EDGE_LOOP('',(#11608,#11609,#11612,#11489));
#11608=ORIENTED_EDGE('',*,*,#11584,.F.);
#11609=ORIENTED_EDGE('',*,*,#11610,.T.);
#11610=EDGE_CURVE('',#11578,#11510,#11611,.T.);
#11611=LINE('',#11579,#3261);
#11612=ORIENTED_EDGE('',*,*,#11509,.T.);
#11613=PLANE('',#11614);
#11614=AXIS2_PLACEMENT_3D('',#11365,#46,#3262);
#11615=ADVANCED_FACE('',(#11616),#11623,.T.);
#11616=FACE_BOUND('',#11617,.T.);
#11617=EDGE_LOOP('',(#11618,#11619,#11622,#11499));
#11618=ORIENTED_EDGE('',*,*,#11534,.F.);
#11619=ORIENTED_EDGE('',*,*,#11620,.T.);
#11620=EDGE_CURVE('',#11528,#11560,#11621,.T.);
#11621=LINE('',#11529,#822);
#11622=ORIENTED_EDGE('',*,*,#11559,.T.);
#11623=PLANE('',#11624);
#11624=AXIS2_PLACEMENT_3D('',#11302,#57,#823);
#11625=ADVANCED_FACE('',(#11626),#11634,.T.);
#11626=FACE_BOUND('',#11627,.T.);
#11627=EDGE_LOOP('',(#11628,#11629,#11632,#11633));
#11628=ORIENTED_EDGE('',*,*,#11577,.T.);
#11629=ORIENTED_EDGE('',*,*,#11630,.T.);
#11630=EDGE_CURVE('',#11572,#11515,#11631,.T.);
#11631=LINE('',#11573,#3261);
#11632=ORIENTED_EDGE('',*,*,#11514,.F.);
#11633=ORIENTED_EDGE('',*,*,#11610,.F.);
#11634=CYLINDRICAL_SURFACE('',#11635,0.2);
#11635=AXIS2_PLACEMENT_3D('',#11582,#3262,#46);
#11636=ADVANCED_FACE('',(#11637),#11642,.F.);
#11637=FACE_BOUND('',#11638,.F.);
#11638=EDGE_LOOP('',(#11520,#11639,#11570,#11629));
#11639=ORIENTED_EDGE('',*,*,#11640,.T.);
#11640=EDGE_CURVE('',#11522,#11565,#11641,.T.);
#11641=LINE('',#11523,#822);
#11642=PLANE('',#11643);
#11643=AXIS2_PLACEMENT_3D('',#11644,#3247,#3262);
#11644=CARTESIAN_POINT('',(-2.221751442127,3.305,2.347415946666));
#11645=ADVANCED_FACE('',(#11646),#11649,.T.);
#11646=FACE_BOUND('',#11647,.F.);
#11647=EDGE_LOOP('',(#11526,#11619,#11563,#11648));
#11648=ORIENTED_EDGE('',*,*,#11640,.F.);
#11649=CYLINDRICAL_SURFACE('',#11650,0.2);
#11650=AXIS2_PLACEMENT_3D('',#11532,#823,#1071);
#11651=( GEOMETRIC_REPRESENTATION_CONTEXT(3) GLOBAL_UNCERTAINTY_ASSIGNED_CONTEXT((#11655)) GLOBAL_UNIT_ASSIGNED_CONTEXT((#11652,#11653,#11654)) REPRESENTATION_CONTEXT('Context #1','3D Context with UNIT and UNCERTAINTY') );
#11652=( LENGTH_UNIT() NAMED_UNIT(*) SI_UNIT(.MILLI.,.METRE.) );
#11653=( NAMED_UNIT(*) PLANE_ANGLE_UNIT() SI_UNIT($,.RADIAN.) );
#11654=( NAMED_UNIT(*) SI_UNIT($,.STERADIAN.) SOLID_ANGLE_UNIT() );
#11655=UNCERTAINTY_MEASURE_WITH_UNIT(LENGTH_MEASURE(5.E-07),#11652,'distance_accuracy_value','confusion accuracy');
#11656=MECHANICAL_DESIGN_GEOMETRIC_PRESENTATION_REPRESENTATION('',(#11657,#11668,#11676,#11677,#11678,#11679,#11680,#11681,#11682,#11683,#11684,#11685,#11686,#11687,#11688,#11689,#11690,#11691,#11692,#11693,#11694,#11695,#11696,#11697,#11698,#11699,#11700,#11701,#11702,#11703,#11704,#11705,#11706,#11707,#11708,#11709,#11710,#11711,#11712,#11713,#11714,#11715,#11716,#11717,#11718,#11719,#11720,#11721,#11722,#11723,#11724,#11725,#11726,#11727,#11728,#11729,#11730,#11731,#11739,#11740,#11741,#11742,#11743,#11744,#11745,#11746,#11747,#11748,#11749,#11750,#11751,#11752,#11753,#11754,#11755,#11756,#11757,#11758,#11759,#11760,#11761,#11762,#11763,#11764,#11765,#11766,#11767,#11768,#11769,#11770,#11771,#11772,#11773,#11774,#11775,#11776,#11777,#11778,#11779,#11780,#11781,#11782,#11783,#11784,#11785,#11786,#11787,#11788,#11789,#11790,#11791,#11792,#11793,#11794,#11795,#11796,#11797,#11798,#11799,#11800,#11801,#11802,#11803,#11804,#11805,#11806,#11807,#11808,#11809,#11810,#11811,#11812,#11813,#11814,#11815,#11816,#11817,#11818,#11819,#11820,#11821,#11822,#11823,#11824,#11825,#11826,#11827,#11828,#11829,#11830,#11831,#11832,#11833,#11834,#11835,#11836,#11837,#11838,#11839,#11840,#11841,#11842,#11843,#11844,#11845,#11846,#11847,#11848,#11849,#11850,#11851,#11852,#11853,#11854,#11855,#11856,#11857,#11858,#11859,#11860,#11861,#11869,#11870,#11871,#11872,#11873,#11874,#11875,#11876,#11877,#11878,#11879,#11880,#11881,#11882,#11883,#11884,#11885,#11886,#11887,#11888,#11889,#11890,#11891,#11892,#11893,#11894,#11895,#11896,#11897,#11898,#11899,#11900,#11901,#11902,#11903,#11904,#11905,#11906,#11907,#11908,#11909,#11910,#11911,#11912,#11913,#11914,#11915,#11916,#11917,#11918,#11919,#11920,#11921,#11922,#11923,#11924,#11925,#11926,#11927,#11928,#11929,#11930,#11931,#11932,#11933,#11934,#11935,#11936,#11937,#11938,#11939,#11940,#11941,#11942,#11943,#11944,#11945,#11946,#11947,#11948,#11949,#11950,#11951,#11952,#11953,#11954,#11955,#11956,#11957,#11958,#11959,#11960,#11961,#11962,#11963,#11964,#11965,#11966,#11967,#11968,#11969,#11970,#11971,#11972,#11973,#11974,#11975,#11976,#11977,#11978,#11979,#11980,#11981,#11982,#11983,#11984,#11985,#11986,#11987,#11988,#11989,#11990,#11991,#11992,#11993,#11994,#11995,#11996,#11997,#11998,#11999,#12000,#12001,#12002,#12003,#12004,#12005,#12006,#12007,#12008,#12009,#12010,#12011,#12012,#12013,#12014,#12015,#12016,#12017,#12018,#12019,#12020,#12021,#12022,#12023,#12024,#12025,#12026,#12027,#12028,#12029,#12030,#12031,#12032,#12033,#12034,#12035,#12036,#12037,#12038,#12039,#12040,#12041,#12042,#12043,#12044,#12045,#12046,#12047,#12048,#12049,#12050,#12051,#12052,#12053,#12054,#12055,#12056,#12057,#12058,#12059,#12060,#12061,#12062,#12063,#12064,#12065,#12066,#12067,#12068,#12069,#12070,#12071,#12072,#12073,#12074,#12075,#12076,#12077,#12078,#12079,#12080,#12081,#12082,#12083,#12084,#12085,#12086,#12087,#12088,#12089,#12090,#12091,#12092,#12093,#12094,#12095,#12096,#12097,#12098,#12099,#12100,#12101,#12102,#12103,#12104,#12105,#12106,#12107,#12108,#12109,#12110,#12111,#12112,#12113,#12114,#12115,#12116,#12117,#12118,#12119,#12120,#12121,#12122,#12123,#12124,#12125,#12126,#12127,#12128,#12129,#12130,#12131,#12132,#12133,#12134,#12135,#12136,#12137,#12138,#12139,#12140,#12141,#12142,#12143,#12144,#12145,#12146,#12147,#12148,#12149,#12150,#12151,#12152,#12153,#12154,#12155,#12156,#12157,#12158,#12159,#12160,#12161,#12162,#12163,#12164,#12165,#12166,#12167,#12168,#12169,#12170,#12171,#12172,#12173,#12174,#12175,#12176,#12177,#12178,#12179,#12180,#12181,#12182,#12183,#12184,#12185,#12186,#12187,#12188,#12189,#12190,#12191,#12192,#12193,#12194,#12195,#12196,#12197,#12198,#12199,#12200,#12201,#12202,#12203,#12204,#12205,#12206,#12207,#12208,#12209,#12210,#12211,#12212,#12213,#12214,#12215,#12216,#12217,#12218,#12219,#12220,#12221,#12222,#12223,#12224,#12225,#12226,#12227,#12228,#12229,#12230,#12231,#12232,#12233,#12234,#12235,#12236,#12237,#12238,#12239,#12240,#12241,#12242,#12243,#12244,#12245,#12246,#12247,#12248,#12249,#12250,#12251,#12252,#12253,#12254,#12255,#12256,#12257,#12258,#12259,#12260,#12261,#12262,#12263,#12264,#12265,#12266,#12267,#12268,#12269,#12270,#12271,#12272,#12273,#12274,#12275,#12276,#12277,#12278,#12279,#12280,#12281,#12282,#12283,#12284,#12285,#12286,#12287,#12288,#12289,#12290,#12291,#12292,#12293,#12294,#12295,#12296,#12297,#12298,#12299,#12300,#12301,#12302,#12303,#12304,#12305,#12306,#12307,#12308,#12309,#12310,#12311,#12312,#12313,#12314,#12315,#12316,#12317,#12318,#12319,#12320,#12321,#12322,#12323,#12324,#12325,#12326,#12327,#12328,#12329,#12330,#12331,#12332,#12333,#12334,#12335,#12336,#12337,#12338,#12339,#12340,#12341,#12342,#12343,#12344,#12345,#12346,#12347,#12348,#12349,#12350,#12351,#12352,#12353,#12354,#12355,#12356,#12357,#12358,#12359,#12360,#12361,#12362,#12363,#12364,#12365,#12366,#12367,#12368,#12369),#11651);
#11657=STYLED_ITEM('color',(#11658),#15);
#11658=PRESENTATION_STYLE_ASSIGNMENT((#11659,#11665));
#11659=SURFACE_STYLE_USAGE(.BOTH.,#11660);
#11660=SURFACE_SIDE_STYLE('',(#11661));
#11661=SURFACE_STYLE_FILL_AREA(#11662);
#11662=FILL_AREA_STYLE('',(#11663));
#11663=FILL_AREA_STYLE_COLOUR('',#11664);
#11664=COLOUR_RGB('',0.800000010877,0.800000010877,0.800000010877);
#11665=CURVE_STYLE('',#11666,POSITIVE_LENGTH_MEASURE(0.1),#11667);
#11666=DRAUGHTING_PRE_DEFINED_CURVE_FONT('continuous');
#11667=COLOUR_RGB('',9.803921802644E-02,9.803921802644E-02,9.803921802644E-02);
#11668=OVER_RIDING_STYLED_ITEM('overriding color',(#11669),#17,#11657);
#11669=PRESENTATION_STYLE_ASSIGNMENT((#11670));
#11670=SURFACE_STYLE_USAGE(.BOTH.,#11671);
#11671=SURFACE_SIDE_STYLE('',(#11672));
#11672=SURFACE_STYLE_FILL_AREA(#11673);
#11673=FILL_AREA_STYLE('',(#11674));
#11674=FILL_AREA_STYLE_COLOUR('',#11675);
#11675=COLOUR_RGB('',0.859000020776,0.737999965183,0.495999988746);
#11676=OVER_RIDING_STYLED_ITEM('overriding color',(#11669),#47,#11657);
#11677=OVER_RIDING_STYLED_ITEM('overriding color',(#11669),#68,#11657);
#11678=OVER_RIDING_STYLED_ITEM('overriding color',(#11669),#88,#11657);
#11679=OVER_RIDING_STYLED_ITEM('overriding color',(#11669),#102,#11657);
#11680=OVER_RIDING_STYLED_ITEM('overriding color',(#11669),#112,#11657);
#11681=STYLED_ITEM('color',(#11658),#118);
#11682=OVER_RIDING_STYLED_ITEM('overriding color',(#11669),#120,#11681);
#11683=OVER_RIDING_STYLED_ITEM('overriding color',(#11669),#145,#11681);
#11684=OVER_RIDING_STYLED_ITEM('overriding color',(#11669),#164,#11681);
#11685=OVER_RIDING_STYLED_ITEM('overriding color',(#11669),#183,#11681);
#11686=OVER_RIDING_STYLED_ITEM('overriding color',(#11669),#196,#11681);
#11687=OVER_RIDING_STYLED_ITEM('overriding color',(#11669),#206,#11681);
#11688=STYLED_ITEM('color',(#11658),#212);
#11689=OVER_RIDING_STYLED_ITEM('overriding color',(#11669),#214,#11688);
#11690=OVER_RIDING_STYLED_ITEM('overriding color',(#11669),#239,#11688);
#11691=OVER_RIDING_STYLED_ITEM('overriding color',(#11669),#258,#11688);
#11692=OVER_RIDING_STYLED_ITEM('overriding color',(#11669),#277,#11688);
#11693=OVER_RIDING_STYLED_ITEM('overriding color',(#11669),#290,#11688);
#11694=OVER_RIDING_STYLED_ITEM('overriding color',(#11669),#300,#11688);
#11695=STYLED_ITEM('color',(#11658),#306);
#11696=OVER_RIDING_STYLED_ITEM('overriding color',(#11669),#308,#11695);
#11697=OVER_RIDING_STYLED_ITEM('overriding color',(#11669),#333,#11695);
#11698=OVER_RIDING_STYLED_ITEM('overriding color',(#11669),#352,#11695);
#11699=OVER_RIDING_STYLED_ITEM('overriding color',(#11669),#371,#11695);
#11700=OVER_RIDING_STYLED_ITEM('overriding color',(#11669),#384,#11695);
#11701=OVER_RIDING_STYLED_ITEM('overriding color',(#11669),#394,#11695);
#11702=STYLED_ITEM('color',(#11658),#400);
#11703=OVER_RIDING_STYLED_ITEM('overriding color',(#11669),#402,#11702);
#11704=OVER_RIDING_STYLED_ITEM('overriding color',(#11669),#428,#11702);
#11705=OVER_RIDING_STYLED_ITEM('overriding color',(#11669),#447,#11702);
#11706=OVER_RIDING_STYLED_ITEM('overriding color',(#11669),#466,#11702);
#11707=OVER_RIDING_STYLED_ITEM('overriding color',(#11669),#479,#11702);
#11708=OVER_RIDING_STYLED_ITEM('overriding color',(#11669),#489,#11702);
#11709=STYLED_ITEM('color',(#11658),#495);
#11710=OVER_RIDING_STYLED_ITEM('overriding color',(#11669),#497,#11709);
#11711=OVER_RIDING_STYLED_ITEM('overriding color',(#11669),#522,#11709);
#11712=OVER_RIDING_STYLED_ITEM('overriding color',(#11669),#541,#11709);
#11713=OVER_RIDING_STYLED_ITEM('overriding color',(#11669),#560,#11709);
#11714=OVER_RIDING_STYLED_ITEM('overriding color',(#11669),#573,#11709);
#11715=OVER_RIDING_STYLED_ITEM('overriding color',(#11669),#583,#11709);
#11716=STYLED_ITEM('color',(#11658),#589);
#11717=OVER_RIDING_STYLED_ITEM('overriding color',(#11669),#591,#11716);
#11718=OVER_RIDING_STYLED_ITEM('overriding color',(#11669),#616,#11716);
#11719=OVER_RIDING_STYLED_ITEM('overriding color',(#11669),#635,#11716);
#11720=OVER_RIDING_STYLED_ITEM('overriding color',(#11669),#654,#11716);
#11721=OVER_RIDING_STYLED_ITEM('overriding color',(#11669),#667,#11716);
#11722=OVER_RIDING_STYLED_ITEM('overriding color',(#11669),#677,#11716);
#11723=STYLED_ITEM('color',(#11658),#683);
#11724=OVER_RIDING_STYLED_ITEM('overriding color',(#11669),#685,#11723);
#11725=OVER_RIDING_STYLED_ITEM('overriding color',(#11669),#710,#11723);
#11726=OVER_RIDING_STYLED_ITEM('overriding color',(#11669),#729,#11723);
#11727=OVER_RIDING_STYLED_ITEM('overriding color',(#11669),#748,#11723);
#11728=OVER_RIDING_STYLED_ITEM('overriding color',(#11669),#761,#11723);
#11729=OVER_RIDING_STYLED_ITEM('overriding color',(#11669),#771,#11723);
#11730=STYLED_ITEM('color',(#11658),#777);
#11731=OVER_RIDING_STYLED_ITEM('overriding color',(#11732),#779,#11730);
#11732=PRESENTATION_STYLE_ASSIGNMENT((#11733));
#11733=SURFACE_STYLE_USAGE(.BOTH.,#11734);
#11734=SURFACE_SIDE_STYLE('',(#11735));
#11735=SURFACE_STYLE_FILL_AREA(#11736);
#11736=FILL_AREA_STYLE('',(#11737));
#11737=FILL_AREA_STYLE_COLOUR('',#11738);
#11738=COLOUR_RGB('',0.272999999305,0.272999999305,0.272999999305);
#11739=OVER_RIDING_STYLED_ITEM('overriding color',(#11732),#814,#11730);
#11740=OVER_RIDING_STYLED_ITEM('overriding color',(#11732),#831,#11730);
#11741=OVER_RIDING_STYLED_ITEM('overriding color',(#11732),#850,#11730);
#11742=OVER_RIDING_STYLED_ITEM('overriding color',(#11732),#864,#11730);
#11743=OVER_RIDING_STYLED_ITEM('overriding color',(#11732),#878,#11730);
#11744=OVER_RIDING_STYLED_ITEM('overriding color',(#11732),#888,#11730);
#11745=OVER_RIDING_STYLED_ITEM('overriding color',(#11732),#904,#11730);
#11746=OVER_RIDING_STYLED_ITEM('overriding color',(#11732),#936,#11730);
#11747=OVER_RIDING_STYLED_ITEM('overriding color',(#11732),#955,#11730);
#11748=OVER_RIDING_STYLED_ITEM('overriding color',(#11732),#969,#11730);
#11749=OVER_RIDING_STYLED_ITEM('overriding color',(#11732),#992,#11730);
#11750=OVER_RIDING_STYLED_ITEM('overriding color',(#11732),#1007,#11730);
#11751=OVER_RIDING_STYLED_ITEM('overriding color',(#11732),#1017,#11730);
#11752=OVER_RIDING_STYLED_ITEM('overriding color',(#11732),#1075,#11730);
#11753=OVER_RIDING_STYLED_ITEM('overriding color',(#11732),#1105,#11730);
#11754=OVER_RIDING_STYLED_ITEM('overriding color',(#11732),#1134,#11730);
#11755=OVER_RIDING_STYLED_ITEM('overriding color',(#11732),#1168,#11730);
#11756=OVER_RIDING_STYLED_ITEM('overriding color',(#11732),#1183,#11730);
#11757=OVER_RIDING_STYLED_ITEM('overriding color',(#11732),#1188,#11730);
#11758=OVER_RIDING_STYLED_ITEM('overriding color',(#11732),#1201,#11730);
#11759=OVER_RIDING_STYLED_ITEM('overriding color',(#11732),#1219,#11730);
#11760=OVER_RIDING_STYLED_ITEM('overriding color',(#11732),#1239,#11730);
#11761=OVER_RIDING_STYLED_ITEM('overriding color',(#11732),#1254,#11730);
#11762=OVER_RIDING_STYLED_ITEM('overriding color',(#11732),#1268,#11730);
#11763=OVER_RIDING_STYLED_ITEM('overriding color',(#11732),#1315,#11730);
#11764=OVER_RIDING_STYLED_ITEM('overriding color',(#11732),#1324,#11730);
#11765=OVER_RIDING_STYLED_ITEM('overriding color',(#11732),#1362,#11730);
#11766=OVER_RIDING_STYLED_ITEM('overriding color',(#11732),#1382,#11730);
#11767=OVER_RIDING_STYLED_ITEM('overriding color',(#11732),#1402,#11730);
#11768=OVER_RIDING_STYLED_ITEM('overriding color',(#11732),#1414,#11730);
#11769=OVER_RIDING_STYLED_ITEM('overriding color',(#11732),#1430,#11730);
#11770=OVER_RIDING_STYLED_ITEM('overriding color',(#11732),#1457,#11730);
#11771=OVER_RIDING_STYLED_ITEM('overriding color',(#11732),#1470,#11730);
#11772=OVER_RIDING_STYLED_ITEM('overriding color',(#11732),#1483,#11730);
#11773=OVER_RIDING_STYLED_ITEM('overriding color',(#11732),#1497,#11730);
#11774=OVER_RIDING_STYLED_ITEM('overriding color',(#11732),#1511,#11730);
#11775=OVER_RIDING_STYLED_ITEM('overriding color',(#11732),#1547,#11730);
#11776=OVER_RIDING_STYLED_ITEM('overriding color',(#11732),#1562,#11730);
#11777=OVER_RIDING_STYLED_ITEM('overriding color',(#11732),#1580,#11730);
#11778=OVER_RIDING_STYLED_ITEM('overriding color',(#11732),#1587,#11730);
#11779=OVER_RIDING_STYLED_ITEM('overriding color',(#11732),#1600,#11730);
#11780=OVER_RIDING_STYLED_ITEM('overriding color',(#11732),#1614,#11730);
#11781=OVER_RIDING_STYLED_ITEM('overriding color',(#11732),#1623,#11730);
#11782=OVER_RIDING_STYLED_ITEM('overriding color',(#11732),#1635,#11730);
#11783=OVER_RIDING_STYLED_ITEM('overriding color',(#11732),#1642,#11730);
#11784=OVER_RIDING_STYLED_ITEM('overriding color',(#11732),#1660,#11730);
#11785=OVER_RIDING_STYLED_ITEM('overriding color',(#11732),#1677,#11730);
#11786=OVER_RIDING_STYLED_ITEM('overriding color',(#11732),#1694,#11730);
#11787=OVER_RIDING_STYLED_ITEM('overriding color',(#11732),#1726,#11730);
#11788=OVER_RIDING_STYLED_ITEM('overriding color',(#11732),#1739,#11730);
#11789=OVER_RIDING_STYLED_ITEM('overriding color',(#11732),#1749,#11730);
#11790=OVER_RIDING_STYLED_ITEM('overriding color',(#11732),#1758,#11730);
#11791=OVER_RIDING_STYLED_ITEM('overriding color',(#11732),#1771,#11730);
#11792=OVER_RIDING_STYLED_ITEM('overriding color',(#11732),#1779,#11730);
#11793=OVER_RIDING_STYLED_ITEM('overriding color',(#11732),#1786,#11730);
#11794=OVER_RIDING_STYLED_ITEM('overriding color',(#11732),#1832,#11730);
#11795=OVER_RIDING_STYLED_ITEM('overriding color',(#11732),#1878,#11730);
#11796=OVER_RIDING_STYLED_ITEM('overriding color',(#11732),#1897,#11730);
#11797=OVER_RIDING_STYLED_ITEM('overriding color',(#11732),#1914,#11730);
#11798=OVER_RIDING_STYLED_ITEM('overriding color',(#11732),#1926,#11730);
#11799=OVER_RIDING_STYLED_ITEM('overriding color',(#11732),#1937,#11730);
#11800=OVER_RIDING_STYLED_ITEM('overriding color',(#11732),#1951,#11730);
#11801=OVER_RIDING_STYLED_ITEM('overriding color',(#11732),#1960,#11730);
#11802=OVER_RIDING_STYLED_ITEM('overriding color',(#11732),#1971,#11730);
#11803=OVER_RIDING_STYLED_ITEM('overriding color',(#11732),#1982,#11730);
#11804=STYLED_ITEM('color',(#11658),#1991);
#11805=OVER_RIDING_STYLED_ITEM('overriding color',(#11669),#1993,#11804);
#11806=OVER_RIDING_STYLED_ITEM('overriding color',(#11669),#2018,#11804);
#11807=OVER_RIDING_STYLED_ITEM('overriding color',(#11669),#2037,#11804);
#11808=OVER_RIDING_STYLED_ITEM('overriding color',(#11669),#2055,#11804);
#11809=OVER_RIDING_STYLED_ITEM('overriding color',(#11669),#2070,#11804);
#11810=OVER_RIDING_STYLED_ITEM('overriding color',(#11669),#2078,#11804);
#11811=STYLED_ITEM('color',(#11658),#2086);
#11812=OVER_RIDING_STYLED_ITEM('overriding color',(#11669),#2088,#11811);
#11813=OVER_RIDING_STYLED_ITEM('overriding color',(#11669),#2113,#11811);
#11814=OVER_RIDING_STYLED_ITEM('overriding color',(#11669),#2132,#11811);
#11815=OVER_RIDING_STYLED_ITEM('overriding color',(#11669),#2150,#11811);
#11816=OVER_RIDING_STYLED_ITEM('overriding color',(#11669),#2165,#11811);
#11817=OVER_RIDING_STYLED_ITEM('overriding color',(#11669),#2173,#11811);
#11818=STYLED_ITEM('color',(#11658),#2181);
#11819=OVER_RIDING_STYLED_ITEM('overriding color',(#11669),#2183,#11818);
#11820=OVER_RIDING_STYLED_ITEM('overriding color',(#11669),#2208,#11818);
#11821=OVER_RIDING_STYLED_ITEM('overriding color',(#11669),#2227,#11818);
#11822=OVER_RIDING_STYLED_ITEM('overriding color',(#11669),#2245,#11818);
#11823=OVER_RIDING_STYLED_ITEM('overriding color',(#11669),#2260,#11818);
#11824=OVER_RIDING_STYLED_ITEM('overriding color',(#11669),#2268,#11818);
#11825=STYLED_ITEM('color',(#11658),#2276);
#11826=OVER_RIDING_STYLED_ITEM('overriding color',(#11669),#2278,#11825);
#11827=OVER_RIDING_STYLED_ITEM('overriding color',(#11669),#2303,#11825);
#11828=OVER_RIDING_STYLED_ITEM('overriding color',(#11669),#2322,#11825);
#11829=OVER_RIDING_STYLED_ITEM('overriding color',(#11669),#2340,#11825);
#11830=OVER_RIDING_STYLED_ITEM('overriding color',(#11669),#2355,#11825);
#11831=OVER_RIDING_STYLED_ITEM('overriding color',(#11669),#2363,#11825);
#11832=STYLED_ITEM('color',(#11658),#2371);
#11833=OVER_RIDING_STYLED_ITEM('overriding color',(#11669),#2373,#11832);
#11834=OVER_RIDING_STYLED_ITEM('overriding color',(#11669),#2398,#11832);
#11835=OVER_RIDING_STYLED_ITEM('overriding color',(#11669),#2417,#11832);
#11836=OVER_RIDING_STYLED_ITEM('overriding color',(#11669),#2435,#11832);
#11837=OVER_RIDING_STYLED_ITEM('overriding color',(#11669),#2450,#11832);
#11838=OVER_RIDING_STYLED_ITEM('overriding color',(#11669),#2458,#11832);
#11839=STYLED_ITEM('color',(#11658),#2466);
#11840=OVER_RIDING_STYLED_ITEM('overriding color',(#11669),#2468,#11839);
#11841=OVER_RIDING_STYLED_ITEM('overriding color',(#11669),#2493,#11839);
#11842=OVER_RIDING_STYLED_ITEM('overriding color',(#11669),#2512,#11839);
#11843=OVER_RIDING_STYLED_ITEM('overriding color',(#11669),#2530,#11839);
#11844=OVER_RIDING_STYLED_ITEM('overriding color',(#11669),#2545,#11839);
#11845=OVER_RIDING_STYLED_ITEM('overriding color',(#11669),#2553,#11839);
#11846=STYLED_ITEM('color',(#11658),#2561);
#11847=OVER_RIDING_STYLED_ITEM('overriding color',(#11669),#2563,#11846);
#11848=OVER_RIDING_STYLED_ITEM('overriding color',(#11669),#2588,#11846);
#11849=OVER_RIDING_STYLED_ITEM('overriding color',(#11669),#2607,#11846);
#11850=OVER_RIDING_STYLED_ITEM('overriding color',(#11669),#2625,#11846);
#11851=OVER_RIDING_STYLED_ITEM('overriding color',(#11669),#2640,#11846);
#11852=OVER_RIDING_STYLED_ITEM('overriding color',(#11669),#2648,#11846);
#11853=STYLED_ITEM('color',(#11658),#2656);
#11854=OVER_RIDING_STYLED_ITEM('overriding color',(#11669),#2658,#11853);
#11855=OVER_RIDING_STYLED_ITEM('overriding color',(#11669),#2683,#11853);
#11856=OVER_RIDING_STYLED_ITEM('overriding color',(#11669),#2702,#11853);
#11857=OVER_RIDING_STYLED_ITEM('overriding color',(#11669),#2720,#11853);
#11858=OVER_RIDING_STYLED_ITEM('overriding color',(#11669),#2735,#11853);
#11859=OVER_RIDING_STYLED_ITEM('overriding color',(#11669),#2743,#11853);
#11860=STYLED_ITEM('color',(#11658),#2751);
#11861=OVER_RIDING_STYLED_ITEM('overriding color',(#11862),#2753,#11860);
#11862=PRESENTATION_STYLE_ASSIGNMENT((#11863));
#11863=SURFACE_STYLE_USAGE(.BOTH.,#11864);
#11864=SURFACE_SIDE_STYLE('',(#11865));
#11865=SURFACE_STYLE_FILL_AREA(#11866);
#11866=FILL_AREA_STYLE('',(#11867));
#11867=FILL_AREA_STYLE_COLOUR('',#11868);
#11868=COLOUR_RGB('',0.823999987314,0.819999987296,0.781000009244);
#11869=OVER_RIDING_STYLED_ITEM('overriding color',(#11862),#2917,#11860);
#11870=OVER_RIDING_STYLED_ITEM('overriding color',(#11862),#2960,#11860);
#11871=OVER_RIDING_STYLED_ITEM('overriding color',(#11862),#2975,#11860);
#11872=OVER_RIDING_STYLED_ITEM('overriding color',(#11862),#2992,#11860);
#11873=OVER_RIDING_STYLED_ITEM('overriding color',(#11862),#3007,#11860);
#11874=OVER_RIDING_STYLED_ITEM('overriding color',(#11862),#3030,#11860);
#11875=OVER_RIDING_STYLED_ITEM('overriding color',(#11862),#3045,#11860);
#11876=OVER_RIDING_STYLED_ITEM('overriding color',(#11862),#3064,#11860);
#11877=OVER_RIDING_STYLED_ITEM('overriding color',(#11862),#3079,#11860);
#11878=OVER_RIDING_STYLED_ITEM('overriding color',(#11862),#3107,#11860);
#11879=OVER_RIDING_STYLED_ITEM('overriding color',(#11862),#3121,#11860);
#11880=OVER_RIDING_STYLED_ITEM('overriding color',(#11862),#3148,#11860);
#11881=OVER_RIDING_STYLED_ITEM('overriding color',(#11862),#3163,#11860);
#11882=OVER_RIDING_STYLED_ITEM('overriding color',(#11862),#3200,#11860);
#11883=OVER_RIDING_STYLED_ITEM('overriding color',(#11862),#3210,#11860);
#11884=OVER_RIDING_STYLED_ITEM('overriding color',(#11862),#3220,#11860);
#11885=OVER_RIDING_STYLED_ITEM('overriding color',(#11862),#3232,#11860);
#11886=OVER_RIDING_STYLED_ITEM('overriding color',(#11862),#3252,#11860);
#11887=OVER_RIDING_STYLED_ITEM('overriding color',(#11862),#3275,#11860);
#11888=OVER_RIDING_STYLED_ITEM('overriding color',(#11862),#3306,#11860);
#11889=OVER_RIDING_STYLED_ITEM('overriding color',(#11862),#3330,#11860);
#11890=OVER_RIDING_STYLED_ITEM('overriding color',(#11862),#3341,#11860);
#11891=OVER_RIDING_STYLED_ITEM('overriding color',(#11862),#3359,#11860);
#11892=OVER_RIDING_STYLED_ITEM('overriding color',(#11862),#3379,#11860);
#11893=OVER_RIDING_STYLED_ITEM('overriding color',(#11862),#3410,#11860);
#11894=OVER_RIDING_STYLED_ITEM('overriding color',(#11862),#3435,#11860);
#11895=OVER_RIDING_STYLED_ITEM('overriding color',(#11862),#3444,#11860);
#11896=OVER_RIDING_STYLED_ITEM('overriding color',(#11862),#3493,#11860);
#11897=OVER_RIDING_STYLED_ITEM('overriding color',(#11862),#3508,#11860);
#11898=OVER_RIDING_STYLED_ITEM('overriding color',(#11862),#3611,#11860);
#11899=OVER_RIDING_STYLED_ITEM('overriding color',(#11862),#3627,#11860);
#11900=OVER_RIDING_STYLED_ITEM('overriding color',(#11862),#3715,#11860);
#11901=OVER_RIDING_STYLED_ITEM('overriding color',(#11862),#3734,#11860);
#11902=OVER_RIDING_STYLED_ITEM('overriding color',(#11862),#3774,#11860);
#11903=OVER_RIDING_STYLED_ITEM('overriding color',(#11862),#3791,#11860);
#11904=OVER_RIDING_STYLED_ITEM('overriding color',(#11862),#3802,#11860);
#11905=OVER_RIDING_STYLED_ITEM('overriding color',(#11862),#3812,#11860);
#11906=OVER_RIDING_STYLED_ITEM('overriding color',(#11862),#3824,#11860);
#11907=OVER_RIDING_STYLED_ITEM('overriding color',(#11862),#3836,#11860);
#11908=OVER_RIDING_STYLED_ITEM('overriding color',(#11862),#3853,#11860);
#11909=OVER_RIDING_STYLED_ITEM('overriding color',(#11862),#3875,#11860);
#11910=OVER_RIDING_STYLED_ITEM('overriding color',(#11862),#3886,#11860);
#11911=OVER_RIDING_STYLED_ITEM('overriding color',(#11862),#3897,#11860);
#11912=OVER_RIDING_STYLED_ITEM('overriding color',(#11862),#3912,#11860);
#11913=OVER_RIDING_STYLED_ITEM('overriding color',(#11862),#3921,#11860);
#11914=OVER_RIDING_STYLED_ITEM('overriding color',(#11862),#3934,#11860);
#11915=OVER_RIDING_STYLED_ITEM('overriding color',(#11862),#3945,#11860);
#11916=OVER_RIDING_STYLED_ITEM('overriding color',(#11862),#3967,#11860);
#11917=OVER_RIDING_STYLED_ITEM('overriding color',(#11862),#3980,#11860);
#11918=OVER_RIDING_STYLED_ITEM('overriding color',(#11862),#3989,#11860);
#11919=OVER_RIDING_STYLED_ITEM('overriding color',(#11862),#3996,#11860);
#11920=OVER_RIDING_STYLED_ITEM('overriding color',(#11862),#4005,#11860);
#11921=OVER_RIDING_STYLED_ITEM('overriding color',(#11862),#4119,#11860);
#11922=OVER_RIDING_STYLED_ITEM('overriding color',(#11862),#4170,#11860);
#11923=OVER_RIDING_STYLED_ITEM('overriding color',(#11862),#4193,#11860);
#11924=OVER_RIDING_STYLED_ITEM('overriding color',(#11862),#4201,#11860);
#11925=OVER_RIDING_STYLED_ITEM('overriding color',(#11862),#4207,#11860);
#11926=OVER_RIDING_STYLED_ITEM('overriding color',(#11862),#4218,#11860);
#11927=OVER_RIDING_STYLED_ITEM('overriding color',(#11862),#4226,#11860);
#11928=OVER_RIDING_STYLED_ITEM('overriding color',(#11862),#4238,#11860);
#11929=OVER_RIDING_STYLED_ITEM('overriding color',(#11862),#4317,#11860);
#11930=OVER_RIDING_STYLED_ITEM('overriding color',(#11862),#4326,#11860);
#11931=OVER_RIDING_STYLED_ITEM('overriding color',(#11862),#4384,#11860);
#11932=OVER_RIDING_STYLED_ITEM('overriding color',(#11862),#4396,#11860);
#11933=OVER_RIDING_STYLED_ITEM('overriding color',(#11862),#4476,#11860);
#11934=OVER_RIDING_STYLED_ITEM('overriding color',(#11862),#4593,#11860);
#11935=OVER_RIDING_STYLED_ITEM('overriding color',(#11862),#4607,#11860);
#11936=OVER_RIDING_STYLED_ITEM('overriding color',(#11862),#4625,#11860);
#11937=OVER_RIDING_STYLED_ITEM('overriding color',(#11862),#4725,#11860);
#11938=OVER_RIDING_STYLED_ITEM('overriding color',(#11862),#4741,#11860);
#11939=OVER_RIDING_STYLED_ITEM('overriding color',(#11862),#4753,#11860);
#11940=OVER_RIDING_STYLED_ITEM('overriding color',(#11862),#4762,#11860);
#11941=OVER_RIDING_STYLED_ITEM('overriding color',(#11862),#4769,#11860);
#11942=OVER_RIDING_STYLED_ITEM('overriding color',(#11862),#4774,#11860);
#11943=OVER_RIDING_STYLED_ITEM('overriding color',(#11862),#4784,#11860);
#11944=OVER_RIDING_STYLED_ITEM('overriding color',(#11862),#4795,#11860);
#11945=OVER_RIDING_STYLED_ITEM('overriding color',(#11862),#4804,#11860);
#11946=OVER_RIDING_STYLED_ITEM('overriding color',(#11862),#4815,#11860);
#11947=OVER_RIDING_STYLED_ITEM('overriding color',(#11862),#4824,#11860);
#11948=OVER_RIDING_STYLED_ITEM('overriding color',(#11862),#4834,#11860);
#11949=OVER_RIDING_STYLED_ITEM('overriding color',(#11862),#4844,#11860);
#11950=OVER_RIDING_STYLED_ITEM('overriding color',(#11862),#4852,#11860);
#11951=OVER_RIDING_STYLED_ITEM('overriding color',(#11862),#4863,#11860);
#11952=OVER_RIDING_STYLED_ITEM('overriding color',(#11862),#4873,#11860);
#11953=OVER_RIDING_STYLED_ITEM('overriding color',(#11862),#4884,#11860);
#11954=OVER_RIDING_STYLED_ITEM('overriding color',(#11862),#4893,#11860);
#11955=OVER_RIDING_STYLED_ITEM('overriding color',(#11862),#4904,#11860);
#11956=OVER_RIDING_STYLED_ITEM('overriding color',(#11862),#4914,#11860);
#11957=OVER_RIDING_STYLED_ITEM('overriding color',(#11862),#4925,#11860);
#11958=OVER_RIDING_STYLED_ITEM('overriding color',(#11862),#4933,#11860);
#11959=OVER_RIDING_STYLED_ITEM('overriding color',(#11862),#4939,#11860);
#11960=OVER_RIDING_STYLED_ITEM('overriding color',(#11862),#4950,#11860);
#11961=OVER_RIDING_STYLED_ITEM('overriding color',(#11862),#4962,#11860);
#11962=OVER_RIDING_STYLED_ITEM('overriding color',(#11862),#4974,#11860);
#11963=OVER_RIDING_STYLED_ITEM('overriding color',(#11862),#4988,#11860);
#11964=OVER_RIDING_STYLED_ITEM('overriding color',(#11862),#4999,#11860);
#11965=OVER_RIDING_STYLED_ITEM('overriding color',(#11862),#5012,#11860);
#11966=OVER_RIDING_STYLED_ITEM('overriding color',(#11862),#5020,#11860);
#11967=OVER_RIDING_STYLED_ITEM('overriding color',(#11862),#5029,#11860);
#11968=OVER_RIDING_STYLED_ITEM('overriding color',(#11862),#5040,#11860);
#11969=OVER_RIDING_STYLED_ITEM('overriding color',(#11862),#5052,#11860);
#11970=OVER_RIDING_STYLED_ITEM('overriding color',(#11862),#5063,#11860);
#11971=OVER_RIDING_STYLED_ITEM('overriding color',(#11862),#5072,#11860);
#11972=OVER_RIDING_STYLED_ITEM('overriding color',(#11862),#5080,#11860);
#11973=OVER_RIDING_STYLED_ITEM('overriding color',(#11862),#5091,#11860);
#11974=OVER_RIDING_STYLED_ITEM('overriding color',(#11862),#5101,#11860);
#11975=OVER_RIDING_STYLED_ITEM('overriding color',(#11862),#5111,#11860);
#11976=OVER_RIDING_STYLED_ITEM('overriding color',(#11862),#5242,#11860);
#11977=OVER_RIDING_STYLED_ITEM('overriding color',(#11862),#5252,#11860);
#11978=OVER_RIDING_STYLED_ITEM('overriding color',(#11862),#5262,#11860);
#11979=OVER_RIDING_STYLED_ITEM('overriding color',(#11862),#5272,#11860);
#11980=OVER_RIDING_STYLED_ITEM('overriding color',(#11862),#5282,#11860);
#11981=OVER_RIDING_STYLED_ITEM('overriding color',(#11862),#5289,#11860);
#11982=OVER_RIDING_STYLED_ITEM('overriding color',(#11862),#5298,#11860);
#11983=OVER_RIDING_STYLED_ITEM('overriding color',(#11862),#5325,#11860);
#11984=OVER_RIDING_STYLED_ITEM('overriding color',(#11862),#5334,#11860);
#11985=OVER_RIDING_STYLED_ITEM('overriding color',(#11862),#5342,#11860);
#11986=OVER_RIDING_STYLED_ITEM('overriding color',(#11862),#5353,#11860);
#11987=OVER_RIDING_STYLED_ITEM('overriding color',(#11862),#5377,#11860);
#11988=OVER_RIDING_STYLED_ITEM('overriding color',(#11862),#5401,#11860);
#11989=OVER_RIDING_STYLED_ITEM('overriding color',(#11862),#5426,#11860);
#11990=OVER_RIDING_STYLED_ITEM('overriding color',(#11862),#5438,#11860);
#11991=OVER_RIDING_STYLED_ITEM('overriding color',(#11862),#5447,#11860);
#11992=OVER_RIDING_STYLED_ITEM('overriding color',(#11862),#5462,#11860);
#11993=OVER_RIDING_STYLED_ITEM('overriding color',(#11862),#5479,#11860);
#11994=OVER_RIDING_STYLED_ITEM('overriding color',(#11862),#5502,#11860);
#11995=OVER_RIDING_STYLED_ITEM('overriding color',(#11862),#5511,#11860);
#11996=OVER_RIDING_STYLED_ITEM('overriding color',(#11862),#5525,#11860);
#11997=OVER_RIDING_STYLED_ITEM('overriding color',(#11862),#5543,#11860);
#11998=OVER_RIDING_STYLED_ITEM('overriding color',(#11862),#5565,#11860);
#11999=OVER_RIDING_STYLED_ITEM('overriding color',(#11862),#5575,#11860);
#12000=OVER_RIDING_STYLED_ITEM('overriding color',(#11862),#5586,#11860);
#12001=OVER_RIDING_STYLED_ITEM('overriding color',(#11862),#5599,#11860);
#12002=OVER_RIDING_STYLED_ITEM('overriding color',(#11862),#5607,#11860);
#12003=OVER_RIDING_STYLED_ITEM('overriding color',(#11862),#5630,#11860);
#12004=OVER_RIDING_STYLED_ITEM('overriding color',(#11862),#5638,#11860);
#12005=OVER_RIDING_STYLED_ITEM('overriding color',(#11862),#5649,#11860);
#12006=OVER_RIDING_STYLED_ITEM('overriding color',(#11862),#5660,#11860);
#12007=OVER_RIDING_STYLED_ITEM('overriding color',(#11862),#5673,#11860);
#12008=OVER_RIDING_STYLED_ITEM('overriding color',(#11862),#5691,#11860);
#12009=OVER_RIDING_STYLED_ITEM('overriding color',(#11862),#5703,#11860);
#12010=OVER_RIDING_STYLED_ITEM('overriding color',(#11862),#5715,#11860);
#12011=OVER_RIDING_STYLED_ITEM('overriding color',(#11862),#5726,#11860);
#12012=OVER_RIDING_STYLED_ITEM('overriding color',(#11862),#5747,#11860);
#12013=OVER_RIDING_STYLED_ITEM('overriding color',(#11862),#5758,#11860);
#12014=OVER_RIDING_STYLED_ITEM('overriding color',(#11862),#5771,#11860);
#12015=OVER_RIDING_STYLED_ITEM('overriding color',(#11862),#5792,#11860);
#12016=OVER_RIDING_STYLED_ITEM('overriding color',(#11862),#5805,#11860);
#12017=OVER_RIDING_STYLED_ITEM('overriding color',(#11862),#5815,#11860);
#12018=OVER_RIDING_STYLED_ITEM('overriding color',(#11862),#5825,#11860);
#12019=OVER_RIDING_STYLED_ITEM('overriding color',(#11862),#5859,#11860);
#12020=OVER_RIDING_STYLED_ITEM('overriding color',(#11862),#5868,#11860);
#12021=OVER_RIDING_STYLED_ITEM('overriding color',(#11862),#5875,#11860);
#12022=OVER_RIDING_STYLED_ITEM('overriding color',(#11862),#5908,#11860);
#12023=OVER_RIDING_STYLED_ITEM('overriding color',(#11862),#5919,#11860);
#12024=OVER_RIDING_STYLED_ITEM('overriding color',(#11862),#5925,#11860);
#12025=OVER_RIDING_STYLED_ITEM('overriding color',(#11862),#5935,#11860);
#12026=OVER_RIDING_STYLED_ITEM('overriding color',(#11862),#5945,#11860);
#12027=OVER_RIDING_STYLED_ITEM('overriding color',(#11862),#5956,#11860);
#12028=OVER_RIDING_STYLED_ITEM('overriding color',(#11862),#5965,#11860);
#12029=STYLED_ITEM('color',(#11658),#5971);
#12030=OVER_RIDING_STYLED_ITEM('overriding color',(#11669),#5973,#12029);
#12031=OVER_RIDING_STYLED_ITEM('overriding color',(#11669),#5998,#12029);
#12032=OVER_RIDING_STYLED_ITEM('overriding color',(#11669),#6017,#12029);
#12033=OVER_RIDING_STYLED_ITEM('overriding color',(#11669),#6036,#12029);
#12034=OVER_RIDING_STYLED_ITEM('overriding color',(#11669),#6049,#12029);
#12035=OVER_RIDING_STYLED_ITEM('overriding color',(#11669),#6059,#12029);
#12036=STYLED_ITEM('color',(#11658),#6065);
#12037=OVER_RIDING_STYLED_ITEM('overriding color',(#11669),#6067,#12036);
#12038=OVER_RIDING_STYLED_ITEM('overriding color',(#11669),#6092,#12036);
#12039=OVER_RIDING_STYLED_ITEM('overriding color',(#11669),#6111,#12036);
#12040=OVER_RIDING_STYLED_ITEM('overriding color',(#11669),#6130,#12036);
#12041=OVER_RIDING_STYLED_ITEM('overriding color',(#11669),#6143,#12036);
#12042=OVER_RIDING_STYLED_ITEM('overriding color',(#11669),#6153,#12036);
#12043=STYLED_ITEM('color',(#11658),#6159);
#12044=OVER_RIDING_STYLED_ITEM('overriding color',(#11669),#6161,#12043);
#12045=OVER_RIDING_STYLED_ITEM('overriding color',(#11669),#6186,#12043);
#12046=OVER_RIDING_STYLED_ITEM('overriding color',(#11669),#6205,#12043);
#12047=OVER_RIDING_STYLED_ITEM('overriding color',(#11669),#6224,#12043);
#12048=OVER_RIDING_STYLED_ITEM('overriding color',(#11669),#6237,#12043);
#12049=OVER_RIDING_STYLED_ITEM('overriding color',(#11669),#6247,#12043);
#12050=STYLED_ITEM('color',(#11658),#6253);
#12051=OVER_RIDING_STYLED_ITEM('overriding color',(#11669),#6255,#12050);
#12052=OVER_RIDING_STYLED_ITEM('overriding color',(#11669),#6280,#12050);
#12053=OVER_RIDING_STYLED_ITEM('overriding color',(#11669),#6299,#12050);
#12054=OVER_RIDING_STYLED_ITEM('overriding color',(#11669),#6318,#12050);
#12055=OVER_RIDING_STYLED_ITEM('overriding color',(#11669),#6331,#12050);
#12056=OVER_RIDING_STYLED_ITEM('overriding color',(#11669),#6341,#12050);
#12057=STYLED_ITEM('color',(#11658),#6347);
#12058=OVER_RIDING_STYLED_ITEM('overriding color',(#11669),#6349,#12057);
#12059=OVER_RIDING_STYLED_ITEM('overriding color',(#11669),#6374,#12057);
#12060=OVER_RIDING_STYLED_ITEM('overriding color',(#11669),#6393,#12057);
#12061=OVER_RIDING_STYLED_ITEM('overriding color',(#11669),#6412,#12057);
#12062=OVER_RIDING_STYLED_ITEM('overriding color',(#11669),#6425,#12057);
#12063=OVER_RIDING_STYLED_ITEM('overriding color',(#11669),#6435,#12057);
#12064=STYLED_ITEM('color',(#11658),#6441);
#12065=OVER_RIDING_STYLED_ITEM('overriding color',(#11669),#6443,#12064);
#12066=OVER_RIDING_STYLED_ITEM('overriding color',(#11669),#6468,#12064);
#12067=OVER_RIDING_STYLED_ITEM('overriding color',(#11669),#6487,#12064);
#12068=OVER_RIDING_STYLED_ITEM('overriding color',(#11669),#6506,#12064);
#12069=OVER_RIDING_STYLED_ITEM('overriding color',(#11669),#6519,#12064);
#12070=OVER_RIDING_STYLED_ITEM('overriding color',(#11669),#6529,#12064);
#12071=STYLED_ITEM('color',(#11658),#6535);
#12072=OVER_RIDING_STYLED_ITEM('overriding color',(#11669),#6537,#12071);
#12073=OVER_RIDING_STYLED_ITEM('overriding color',(#11669),#6562,#12071);
#12074=OVER_RIDING_STYLED_ITEM('overriding color',(#11669),#6581,#12071);
#12075=OVER_RIDING_STYLED_ITEM('overriding color',(#11669),#6600,#12071);
#12076=OVER_RIDING_STYLED_ITEM('overriding color',(#11669),#6613,#12071);
#12077=OVER_RIDING_STYLED_ITEM('overriding color',(#11669),#6623,#12071);
#12078=STYLED_ITEM('color',(#11658),#6629);
#12079=OVER_RIDING_STYLED_ITEM('overriding color',(#11669),#6631,#12078);
#12080=OVER_RIDING_STYLED_ITEM('overriding color',(#11669),#6656,#12078);
#12081=OVER_RIDING_STYLED_ITEM('overriding color',(#11669),#6675,#12078);
#12082=OVER_RIDING_STYLED_ITEM('overriding color',(#11669),#6694,#12078);
#12083=OVER_RIDING_STYLED_ITEM('overriding color',(#11669),#6707,#12078);
#12084=OVER_RIDING_STYLED_ITEM('overriding color',(#11669),#6717,#12078);
#12085=STYLED_ITEM('color',(#11658),#6723);
#12086=OVER_RIDING_STYLED_ITEM('overriding color',(#11732),#6725,#12085);
#12087=OVER_RIDING_STYLED_ITEM('overriding color',(#11732),#6753,#12085);
#12088=OVER_RIDING_STYLED_ITEM('overriding color',(#11732),#6770,#12085);
#12089=OVER_RIDING_STYLED_ITEM('overriding color',(#11732),#6782,#12085);
#12090=OVER_RIDING_STYLED_ITEM('overriding color',(#11732),#6786,#12085);
#12091=OVER_RIDING_STYLED_ITEM('overriding color',(#11732),#6800,#12085);
#12092=OVER_RIDING_STYLED_ITEM('overriding color',(#11732),#6809,#12085);
#12093=OVER_RIDING_STYLED_ITEM('overriding color',(#11732),#6826,#12085);
#12094=OVER_RIDING_STYLED_ITEM('overriding color',(#11732),#6853,#12085);
#12095=OVER_RIDING_STYLED_ITEM('overriding color',(#11732),#6857,#12085);
#12096=OVER_RIDING_STYLED_ITEM('overriding color',(#11732),#6871,#12085);
#12097=OVER_RIDING_STYLED_ITEM('overriding color',(#11732),#6891,#12085);
#12098=OVER_RIDING_STYLED_ITEM('overriding color',(#11732),#6907,#12085);
#12099=OVER_RIDING_STYLED_ITEM('overriding color',(#11732),#6917,#12085);
#12100=OVER_RIDING_STYLED_ITEM('overriding color',(#11732),#6968,#12085);
#12101=OVER_RIDING_STYLED_ITEM('overriding color',(#11732),#6996,#12085);
#12102=OVER_RIDING_STYLED_ITEM('overriding color',(#11732),#7000,#12085);
#12103=OVER_RIDING_STYLED_ITEM('overriding color',(#11732),#7031,#12085);
#12104=OVER_RIDING_STYLED_ITEM('overriding color',(#11732),#7045,#12085);
#12105=OVER_RIDING_STYLED_ITEM('overriding color',(#11732),#7050,#12085);
#12106=OVER_RIDING_STYLED_ITEM('overriding color',(#11732),#7063,#12085);
#12107=OVER_RIDING_STYLED_ITEM('overriding color',(#11732),#7081,#12085);
#12108=OVER_RIDING_STYLED_ITEM('overriding color',(#11732),#7101,#12085);
#12109=OVER_RIDING_STYLED_ITEM('overriding color',(#11732),#7116,#12085);
#12110=OVER_RIDING_STYLED_ITEM('overriding color',(#11732),#7130,#12085);
#12111=OVER_RIDING_STYLED_ITEM('overriding color',(#11732),#7176,#12085);
#12112=OVER_RIDING_STYLED_ITEM('overriding color',(#11732),#7185,#12085);
#12113=OVER_RIDING_STYLED_ITEM('overriding color',(#11732),#7220,#12085);
#12114=OVER_RIDING_STYLED_ITEM('overriding color',(#11732),#7240,#12085);
#12115=OVER_RIDING_STYLED_ITEM('overriding color',(#11732),#7260,#12085);
#12116=OVER_RIDING_STYLED_ITEM('overriding color',(#11732),#7272,#12085);
#12117=OVER_RIDING_STYLED_ITEM('overriding color',(#11732),#7287,#12085);
#12118=OVER_RIDING_STYLED_ITEM('overriding color',(#11732),#7291,#12085);
#12119=OVER_RIDING_STYLED_ITEM('overriding color',(#11732),#7303,#12085);
#12120=OVER_RIDING_STYLED_ITEM('overriding color',(#11732),#7316,#12085);
#12121=OVER_RIDING_STYLED_ITEM('overriding color',(#11732),#7330,#12085);
#12122=OVER_RIDING_STYLED_ITEM('overriding color',(#11732),#7344,#12085);
#12123=OVER_RIDING_STYLED_ITEM('overriding color',(#11732),#7380,#12085);
#12124=OVER_RIDING_STYLED_ITEM('overriding color',(#11732),#7395,#12085);
#12125=OVER_RIDING_STYLED_ITEM('overriding color',(#11732),#7411,#12085);
#12126=OVER_RIDING_STYLED_ITEM('overriding color',(#11732),#7418,#12085);
#12127=OVER_RIDING_STYLED_ITEM('overriding color',(#11732),#7431,#12085);
#12128=OVER_RIDING_STYLED_ITEM('overriding color',(#11732),#7445,#12085);
#12129=OVER_RIDING_STYLED_ITEM('overriding color',(#11732),#7454,#12085);
#12130=OVER_RIDING_STYLED_ITEM('overriding color',(#11732),#7466,#12085);
#12131=OVER_RIDING_STYLED_ITEM('overriding color',(#11732),#7473,#12085);
#12132=OVER_RIDING_STYLED_ITEM('overriding color',(#11732),#7489,#12085);
#12133=OVER_RIDING_STYLED_ITEM('overriding color',(#11732),#7503,#12085);
#12134=OVER_RIDING_STYLED_ITEM('overriding color',(#11732),#7520,#12085);
#12135=OVER_RIDING_STYLED_ITEM('overriding color',(#11732),#7524,#12085);
#12136=OVER_RIDING_STYLED_ITEM('overriding color',(#11732),#7537,#12085);
#12137=OVER_RIDING_STYLED_ITEM('overriding color',(#11732),#7547,#12085);
#12138=OVER_RIDING_STYLED_ITEM('overriding color',(#11732),#7557,#12085);
#12139=OVER_RIDING_STYLED_ITEM('overriding color',(#11732),#7570,#12085);
#12140=OVER_RIDING_STYLED_ITEM('overriding color',(#11732),#7579,#12085);
#12141=OVER_RIDING_STYLED_ITEM('overriding color',(#11732),#7586,#12085);
#12142=OVER_RIDING_STYLED_ITEM('overriding color',(#11732),#7629,#12085);
#12143=OVER_RIDING_STYLED_ITEM('overriding color',(#11732),#7674,#12085);
#12144=OVER_RIDING_STYLED_ITEM('overriding color',(#11732),#7692,#12085);
#12145=OVER_RIDING_STYLED_ITEM('overriding color',(#11732),#7708,#12085);
#12146=OVER_RIDING_STYLED_ITEM('overriding color',(#11732),#7717,#12085);
#12147=OVER_RIDING_STYLED_ITEM('overriding color',(#11732),#7728,#12085);
#12148=OVER_RIDING_STYLED_ITEM('overriding color',(#11732),#7742,#12085);
#12149=OVER_RIDING_STYLED_ITEM('overriding color',(#11732),#7751,#12085);
#12150=OVER_RIDING_STYLED_ITEM('overriding color',(#11732),#7761,#12085);
#12151=OVER_RIDING_STYLED_ITEM('overriding color',(#11732),#7772,#12085);
#12152=STYLED_ITEM('color',(#11658),#7780);
#12153=OVER_RIDING_STYLED_ITEM('overriding color',(#11669),#7782,#12152);
#12154=OVER_RIDING_STYLED_ITEM('overriding color',(#11669),#7807,#12152);
#12155=OVER_RIDING_STYLED_ITEM('overriding color',(#11669),#7826,#12152);
#12156=OVER_RIDING_STYLED_ITEM('overriding color',(#11669),#7844,#12152);
#12157=OVER_RIDING_STYLED_ITEM('overriding color',(#11669),#7860,#12152);
#12158=OVER_RIDING_STYLED_ITEM('overriding color',(#11669),#7868,#12152);
#12159=STYLED_ITEM('color',(#11658),#7876);
#12160=OVER_RIDING_STYLED_ITEM('overriding color',(#11669),#7878,#12159);
#12161=OVER_RIDING_STYLED_ITEM('overriding color',(#11669),#7903,#12159);
#12162=OVER_RIDING_STYLED_ITEM('overriding color',(#11669),#7922,#12159);
#12163=OVER_RIDING_STYLED_ITEM('overriding color',(#11669),#7940,#12159);
#12164=OVER_RIDING_STYLED_ITEM('overriding color',(#11669),#7956,#12159);
#12165=OVER_RIDING_STYLED_ITEM('overriding color',(#11669),#7964,#12159);
#12166=STYLED_ITEM('color',(#11658),#7972);
#12167=OVER_RIDING_STYLED_ITEM('overriding color',(#11669),#7974,#12166);
#12168=OVER_RIDING_STYLED_ITEM('overriding color',(#11669),#7999,#12166);
#12169=OVER_RIDING_STYLED_ITEM('overriding color',(#11669),#8018,#12166);
#12170=OVER_RIDING_STYLED_ITEM('overriding color',(#11669),#8036,#12166);
#12171=OVER_RIDING_STYLED_ITEM('overriding color',(#11669),#8052,#12166);
#12172=OVER_RIDING_STYLED_ITEM('overriding color',(#11669),#8060,#12166);
#12173=STYLED_ITEM('color',(#11658),#8068);
#12174=OVER_RIDING_STYLED_ITEM('overriding color',(#11669),#8070,#12173);
#12175=OVER_RIDING_STYLED_ITEM('overriding color',(#11669),#8095,#12173);
#12176=OVER_RIDING_STYLED_ITEM('overriding color',(#11669),#8114,#12173);
#12177=OVER_RIDING_STYLED_ITEM('overriding color',(#11669),#8132,#12173);
#12178=OVER_RIDING_STYLED_ITEM('overriding color',(#11669),#8148,#12173);
#12179=OVER_RIDING_STYLED_ITEM('overriding color',(#11669),#8156,#12173);
#12180=STYLED_ITEM('color',(#11658),#8164);
#12181=OVER_RIDING_STYLED_ITEM('overriding color',(#11669),#8166,#12180);
#12182=OVER_RIDING_STYLED_ITEM('overriding color',(#11669),#8191,#12180);
#12183=OVER_RIDING_STYLED_ITEM('overriding color',(#11669),#8210,#12180);
#12184=OVER_RIDING_STYLED_ITEM('overriding color',(#11669),#8228,#12180);
#12185=OVER_RIDING_STYLED_ITEM('overriding color',(#11669),#8244,#12180);
#12186=OVER_RIDING_STYLED_ITEM('overriding color',(#11669),#8252,#12180);
#12187=STYLED_ITEM('color',(#11658),#8260);
#12188=OVER_RIDING_STYLED_ITEM('overriding color',(#11669),#8262,#12187);
#12189=OVER_RIDING_STYLED_ITEM('overriding color',(#11669),#8287,#12187);
#12190=OVER_RIDING_STYLED_ITEM('overriding color',(#11669),#8306,#12187);
#12191=OVER_RIDING_STYLED_ITEM('overriding color',(#11669),#8324,#12187);
#12192=OVER_RIDING_STYLED_ITEM('overriding color',(#11669),#8340,#12187);
#12193=OVER_RIDING_STYLED_ITEM('overriding color',(#11669),#8348,#12187);
#12194=STYLED_ITEM('color',(#11658),#8356);
#12195=OVER_RIDING_STYLED_ITEM('overriding color',(#11669),#8358,#12194);
#12196=OVER_RIDING_STYLED_ITEM('overriding color',(#11669),#8383,#12194);
#12197=OVER_RIDING_STYLED_ITEM('overriding color',(#11669),#8402,#12194);
#12198=OVER_RIDING_STYLED_ITEM('overriding color',(#11669),#8420,#12194);
#12199=OVER_RIDING_STYLED_ITEM('overriding color',(#11669),#8436,#12194);
#12200=OVER_RIDING_STYLED_ITEM('overriding color',(#11669),#8444,#12194);
#12201=STYLED_ITEM('color',(#11658),#8452);
#12202=OVER_RIDING_STYLED_ITEM('overriding color',(#11669),#8454,#12201);
#12203=OVER_RIDING_STYLED_ITEM('overriding color',(#11669),#8479,#12201);
#12204=OVER_RIDING_STYLED_ITEM('overriding color',(#11669),#8498,#12201);
#12205=OVER_RIDING_STYLED_ITEM('overriding color',(#11669),#8516,#12201);
#12206=OVER_RIDING_STYLED_ITEM('overriding color',(#11669),#8532,#12201);
#12207=OVER_RIDING_STYLED_ITEM('overriding color',(#11669),#8540,#12201);
#12208=STYLED_ITEM('color',(#11658),#8548);
#12209=OVER_RIDING_STYLED_ITEM('overriding color',(#11862),#8550,#12208);
#12210=OVER_RIDING_STYLED_ITEM('overriding color',(#11862),#8704,#12208);
#12211=OVER_RIDING_STYLED_ITEM('overriding color',(#11862),#8747,#12208);
#12212=OVER_RIDING_STYLED_ITEM('overriding color',(#11862),#8761,#12208);
#12213=OVER_RIDING_STYLED_ITEM('overriding color',(#11862),#8778,#12208);
#12214=OVER_RIDING_STYLED_ITEM('overriding color',(#11862),#8793,#12208);
#12215=OVER_RIDING_STYLED_ITEM('overriding color',(#11862),#8807,#12208);
#12216=OVER_RIDING_STYLED_ITEM('overriding color',(#11862),#8822,#12208);
#12217=OVER_RIDING_STYLED_ITEM('overriding color',(#11862),#8826,#12208);
#12218=OVER_RIDING_STYLED_ITEM('overriding color',(#11862),#8841,#12208);
#12219=OVER_RIDING_STYLED_ITEM('overriding color',(#11862),#8869,#12208);
#12220=OVER_RIDING_STYLED_ITEM('overriding color',(#11862),#8884,#12208);
#12221=OVER_RIDING_STYLED_ITEM('overriding color',(#11862),#8911,#12208);
#12222=OVER_RIDING_STYLED_ITEM('overriding color',(#11862),#8926,#12208);
#12223=OVER_RIDING_STYLED_ITEM('overriding color',(#11862),#8963,#12208);
#12224=OVER_RIDING_STYLED_ITEM('overriding color',(#11862),#8973,#12208);
#12225=OVER_RIDING_STYLED_ITEM('overriding color',(#11862),#8983,#12208);
#12226=OVER_RIDING_STYLED_ITEM('overriding color',(#11862),#8995,#12208);
#12227=OVER_RIDING_STYLED_ITEM('overriding color',(#11862),#9012,#12208);
#12228=OVER_RIDING_STYLED_ITEM('overriding color',(#11862),#9033,#12208);
#12229=OVER_RIDING_STYLED_ITEM('overriding color',(#11862),#9064,#12208);
#12230=OVER_RIDING_STYLED_ITEM('overriding color',(#11862),#9088,#12208);
#12231=OVER_RIDING_STYLED_ITEM('overriding color',(#11862),#9098,#12208);
#12232=OVER_RIDING_STYLED_ITEM('overriding color',(#11862),#9116,#12208);
#12233=OVER_RIDING_STYLED_ITEM('overriding color',(#11862),#9136,#12208);
#12234=OVER_RIDING_STYLED_ITEM('overriding color',(#11862),#9167,#12208);
#12235=OVER_RIDING_STYLED_ITEM('overriding color',(#11862),#9192,#12208);
#12236=OVER_RIDING_STYLED_ITEM('overriding color',(#11862),#9201,#12208);
#12237=OVER_RIDING_STYLED_ITEM('overriding color',(#11862),#9250,#12208);
#12238=OVER_RIDING_STYLED_ITEM('overriding color',(#11862),#9264,#12208);
#12239=OVER_RIDING_STYLED_ITEM('overriding color',(#11862),#9367,#12208);
#12240=OVER_RIDING_STYLED_ITEM('overriding color',(#11862),#9384,#12208);
#12241=OVER_RIDING_STYLED_ITEM('overriding color',(#11862),#9472,#12208);
#12242=OVER_RIDING_STYLED_ITEM('overriding color',(#11862),#9490,#12208);
#12243=OVER_RIDING_STYLED_ITEM('overriding color',(#11862),#9522,#12208);
#12244=OVER_RIDING_STYLED_ITEM('overriding color',(#11862),#9539,#12208);
#12245=OVER_RIDING_STYLED_ITEM('overriding color',(#11862),#9550,#12208);
#12246=OVER_RIDING_STYLED_ITEM('overriding color',(#11862),#9561,#12208);
#12247=OVER_RIDING_STYLED_ITEM('overriding color',(#11862),#9573,#12208);
#12248=OVER_RIDING_STYLED_ITEM('overriding color',(#11862),#9585,#12208);
#12249=OVER_RIDING_STYLED_ITEM('overriding color',(#11862),#9602,#12208);
#12250=OVER_RIDING_STYLED_ITEM('overriding color',(#11862),#9624,#12208);
#12251=OVER_RIDING_STYLED_ITEM('overriding color',(#11862),#9635,#12208);
#12252=OVER_RIDING_STYLED_ITEM('overriding color',(#11862),#9646,#12208);
#12253=OVER_RIDING_STYLED_ITEM('overriding color',(#11862),#9661,#12208);
#12254=OVER_RIDING_STYLED_ITEM('overriding color',(#11862),#9670,#12208);
#12255=OVER_RIDING_STYLED_ITEM('overriding color',(#11862),#9683,#12208);
#12256=OVER_RIDING_STYLED_ITEM('overriding color',(#11862),#9694,#12208);
#12257=OVER_RIDING_STYLED_ITEM('overriding color',(#11862),#9716,#12208);
#12258=OVER_RIDING_STYLED_ITEM('overriding color',(#11862),#9729,#12208);
#12259=OVER_RIDING_STYLED_ITEM('overriding color',(#11862),#9738,#12208);
#12260=OVER_RIDING_STYLED_ITEM('overriding color',(#11862),#9745,#12208);
#12261=OVER_RIDING_STYLED_ITEM('overriding color',(#11862),#9754,#12208);
#12262=OVER_RIDING_STYLED_ITEM('overriding color',(#11862),#9864,#12208);
#12263=OVER_RIDING_STYLED_ITEM('overriding color',(#11862),#9914,#12208);
#12264=OVER_RIDING_STYLED_ITEM('overriding color',(#11862),#9937,#12208);
#12265=OVER_RIDING_STYLED_ITEM('overriding color',(#11862),#9944,#12208);
#12266=OVER_RIDING_STYLED_ITEM('overriding color',(#11862),#9950,#12208);
#12267=OVER_RIDING_STYLED_ITEM('overriding color',(#11862),#9961,#12208);
#12268=OVER_RIDING_STYLED_ITEM('overriding color',(#11862),#9969,#12208);
#12269=OVER_RIDING_STYLED_ITEM('overriding color',(#11862),#9980,#12208);
#12270=OVER_RIDING_STYLED_ITEM('overriding color',(#11862),#10057,#12208);
#12271=OVER_RIDING_STYLED_ITEM('overriding color',(#11862),#10066,#12208);
#12272=OVER_RIDING_STYLED_ITEM('overriding color',(#11862),#10124,#12208);
#12273=OVER_RIDING_STYLED_ITEM('overriding color',(#11862),#10136,#12208);
#12274=OVER_RIDING_STYLED_ITEM('overriding color',(#11862),#10212,#12208);
#12275=OVER_RIDING_STYLED_ITEM('overriding color',(#11862),#10325,#12208);
#12276=OVER_RIDING_STYLED_ITEM('overriding color',(#11862),#10336,#12208);
#12277=OVER_RIDING_STYLED_ITEM('overriding color',(#11862),#10344,#12208);
#12278=OVER_RIDING_STYLED_ITEM('overriding color',(#11862),#10437,#12208);
#12279=OVER_RIDING_STYLED_ITEM('overriding color',(#11862),#10441,#12208);
#12280=OVER_RIDING_STYLED_ITEM('overriding color',(#11862),#10453,#12208);
#12281=OVER_RIDING_STYLED_ITEM('overriding color',(#11862),#10462,#12208);
#12282=OVER_RIDING_STYLED_ITEM('overriding color',(#11862),#10469,#12208);
#12283=OVER_RIDING_STYLED_ITEM('overriding color',(#11862),#10474,#12208);
#12284=OVER_RIDING_STYLED_ITEM('overriding color',(#11862),#10484,#12208);
#12285=OVER_RIDING_STYLED_ITEM('overriding color',(#11862),#10495,#12208);
#12286=OVER_RIDING_STYLED_ITEM('overriding color',(#11862),#10504,#12208);
#12287=OVER_RIDING_STYLED_ITEM('overriding color',(#11862),#10514,#12208);
#12288=OVER_RIDING_STYLED_ITEM('overriding color',(#11862),#10522,#12208);
#12289=OVER_RIDING_STYLED_ITEM('overriding color',(#11862),#10531,#12208);
#12290=OVER_RIDING_STYLED_ITEM('overriding color',(#11862),#10541,#12208);
#12291=OVER_RIDING_STYLED_ITEM('overriding color',(#11862),#10549,#12208);
#12292=OVER_RIDING_STYLED_ITEM('overriding color',(#11862),#10560,#12208);
#12293=OVER_RIDING_STYLED_ITEM('overriding color',(#11862),#10569,#12208);
#12294=OVER_RIDING_STYLED_ITEM('overriding color',(#11862),#10580,#12208);
#12295=OVER_RIDING_STYLED_ITEM('overriding color',(#11862),#10588,#12208);
#12296=OVER_RIDING_STYLED_ITEM('overriding color',(#11862),#10599,#12208);
#12297=OVER_RIDING_STYLED_ITEM('overriding color',(#11862),#10608,#12208);
#12298=OVER_RIDING_STYLED_ITEM('overriding color',(#11862),#10618,#12208);
#12299=OVER_RIDING_STYLED_ITEM('overriding color',(#11862),#10626,#12208);
#12300=OVER_RIDING_STYLED_ITEM('overriding color',(#11862),#10631,#12208);
#12301=OVER_RIDING_STYLED_ITEM('overriding color',(#11862),#10642,#12208);
#12302=OVER_RIDING_STYLED_ITEM('overriding color',(#11862),#10653,#12208);
#12303=OVER_RIDING_STYLED_ITEM('overriding color',(#11862),#10665,#12208);
#12304=OVER_RIDING_STYLED_ITEM('overriding color',(#11862),#10679,#12208);
#12305=OVER_RIDING_STYLED_ITEM('overriding color',(#11862),#10690,#12208);
#12306=OVER_RIDING_STYLED_ITEM('overriding color',(#11862),#10703,#12208);
#12307=OVER_RIDING_STYLED_ITEM('overriding color',(#11862),#10711,#12208);
#12308=OVER_RIDING_STYLED_ITEM('overriding color',(#11862),#10720,#12208);
#12309=OVER_RIDING_STYLED_ITEM('overriding color',(#11862),#10730,#12208);
#12310=OVER_RIDING_STYLED_ITEM('overriding color',(#11862),#10741,#12208);
#12311=OVER_RIDING_STYLED_ITEM('overriding color',(#11862),#10751,#12208);
#12312=OVER_RIDING_STYLED_ITEM('overriding color',(#11862),#10760,#12208);
#12313=OVER_RIDING_STYLED_ITEM('overriding color',(#11862),#10768,#12208);
#12314=OVER_RIDING_STYLED_ITEM('overriding color',(#11862),#10778,#12208);
#12315=OVER_RIDING_STYLED_ITEM('overriding color',(#11862),#10787,#12208);
#12316=OVER_RIDING_STYLED_ITEM('overriding color',(#11862),#10796,#12208);
#12317=OVER_RIDING_STYLED_ITEM('overriding color',(#11862),#10924,#12208);
#12318=OVER_RIDING_STYLED_ITEM('overriding color',(#11862),#10933,#12208);
#12319=OVER_RIDING_STYLED_ITEM('overriding color',(#11862),#10943,#12208);
#12320=OVER_RIDING_STYLED_ITEM('overriding color',(#11862),#10953,#12208);
#12321=OVER_RIDING_STYLED_ITEM('overriding color',(#11862),#10963,#12208);
#12322=OVER_RIDING_STYLED_ITEM('overriding color',(#11862),#10970,#12208);
#12323=OVER_RIDING_STYLED_ITEM('overriding color',(#11862),#10979,#12208);
#12324=OVER_RIDING_STYLED_ITEM('overriding color',(#11862),#11006,#12208);
#12325=OVER_RIDING_STYLED_ITEM('overriding color',(#11862),#11015,#12208);
#12326=OVER_RIDING_STYLED_ITEM('overriding color',(#11862),#11023,#12208);
#12327=OVER_RIDING_STYLED_ITEM('overriding color',(#11862),#11034,#12208);
#12328=OVER_RIDING_STYLED_ITEM('overriding color',(#11862),#11058,#12208);
#12329=OVER_RIDING_STYLED_ITEM('overriding color',(#11862),#11082,#12208);
#12330=OVER_RIDING_STYLED_ITEM('overriding color',(#11862),#11107,#12208);
#12331=OVER_RIDING_STYLED_ITEM('overriding color',(#11862),#11119,#12208);
#12332=OVER_RIDING_STYLED_ITEM('overriding color',(#11862),#11128,#12208);
#12333=OVER_RIDING_STYLED_ITEM('overriding color',(#11862),#11143,#12208);
#12334=OVER_RIDING_STYLED_ITEM('overriding color',(#11862),#11160,#12208);
#12335=OVER_RIDING_STYLED_ITEM('overriding color',(#11862),#11183,#12208);
#12336=OVER_RIDING_STYLED_ITEM('overriding color',(#11862),#11192,#12208);
#12337=OVER_RIDING_STYLED_ITEM('overriding color',(#11862),#11206,#12208);
#12338=OVER_RIDING_STYLED_ITEM('overriding color',(#11862),#11224,#12208);
#12339=OVER_RIDING_STYLED_ITEM('overriding color',(#11862),#11246,#12208);
#12340=OVER_RIDING_STYLED_ITEM('overriding color',(#11862),#11256,#12208);
#12341=OVER_RIDING_STYLED_ITEM('overriding color',(#11862),#11267,#12208);
#12342=OVER_RIDING_STYLED_ITEM('overriding color',(#11862),#11280,#12208);
#12343=OVER_RIDING_STYLED_ITEM('overriding color',(#11862),#11289,#12208);
#12344=OVER_RIDING_STYLED_ITEM('overriding color',(#11862),#11311,#12208);
#12345=OVER_RIDING_STYLED_ITEM('overriding color',(#11862),#11320,#12208);
#12346=OVER_RIDING_STYLED_ITEM('overriding color',(#11862),#11330,#12208);
#12347=OVER_RIDING_STYLED_ITEM('overriding color',(#11862),#11341,#12208);
#12348=OVER_RIDING_STYLED_ITEM('overriding color',(#11862),#11354,#12208);
#12349=OVER_RIDING_STYLED_ITEM('overriding color',(#11862),#11371,#12208);
#12350=OVER_RIDING_STYLED_ITEM('overriding color',(#11862),#11383,#12208);
#12351=OVER_RIDING_STYLED_ITEM('overriding color',(#11862),#11395,#12208);
#12352=OVER_RIDING_STYLED_ITEM('overriding color',(#11862),#11406,#12208);
#12353=OVER_RIDING_STYLED_ITEM('overriding color',(#11862),#11427,#12208);
#12354=OVER_RIDING_STYLED_ITEM('overriding color',(#11862),#11438,#12208);
#12355=OVER_RIDING_STYLED_ITEM('overriding color',(#11862),#11451,#12208);
#12356=OVER_RIDING_STYLED_ITEM('overriding color',(#11862),#11472,#12208);
#12357=OVER_RIDING_STYLED_ITEM('overriding color',(#11862),#11485,#12208);
#12358=OVER_RIDING_STYLED_ITEM('overriding color',(#11862),#11495,#12208);
#12359=OVER_RIDING_STYLED_ITEM('overriding color',(#11862),#11505,#12208);
#12360=OVER_RIDING_STYLED_ITEM('overriding color',(#11862),#11539,#12208);
#12361=OVER_RIDING_STYLED_ITEM('overriding color',(#11862),#11549,#12208);
#12362=OVER_RIDING_STYLED_ITEM('overriding color',(#11862),#11555,#12208);
#12363=OVER_RIDING_STYLED_ITEM('overriding color',(#11862),#11588,#12208);
#12364=OVER_RIDING_STYLED_ITEM('overriding color',(#11862),#11599,#12208);
#12365=OVER_RIDING_STYLED_ITEM('overriding color',(#11862),#11605,#12208);
#12366=OVER_RIDING_STYLED_ITEM('overriding color',(#11862),#11615,#12208);
#12367=OVER_RIDING_STYLED_ITEM('overriding color',(#11862),#11625,#12208);
#12368=OVER_RIDING_STYLED_ITEM('overriding color',(#11862),#11636,#12208);
#12369=OVER_RIDING_STYLED_ITEM('overriding color',(#11862),#11645,#12208);
ENDSEC;
END-ISO-10303-21;
